자치구,대여소명,기준년월,대여건수,반납건수
마포구,108. 서교동 사거리,202501,670,786
양천구,729. 서부식자재마트 건너편,202501,961,939
양천구,731. 서울시 도로환경관리센터,202501,1671,1722
양천구,733. 신정이펜하우스314동,202501,299,154
양천구,734. 신트리공원 입구,202501,1555,1549
양천구,735. 영도초등학교,202501,1546,1552
양천구,736. 오솔길공원,202501,470,463
양천구,737. 장수공원,202501,292,262
양천구,739. 신월사거리,202501,523,555
양천구,740. 으뜸공원,202501,567,650
양천구,741. 화곡로 입구 교차로,202501,187,186
양천구,742. 등촌역 5번 출구 뒤,202501,395,398
양천구,743. 현대6차아파트 101동 옆,202501,464,456
양천구,744. 신목동역 2번 출구,202501,1817,1818
양천구,745. 강서초등학교,202501,238,243
양천구,746. 목동2단지 상가,202501,2185,2214
양천구,747. 목동3단지 상가,202501,1415,1429
양천구,748. 목동운동장,202501,306,379
광진구,505. 자양사거리 광진아크로텔 앞,202501,1098,1080
은평구,937. 상림마을 롯데캐슬2단지 옆,202501,49,54
은평구,938. 금암 문화공원,202501,76,76
은평구,939. 은평구청 교차로,202501,288,294
은평구,941. 은평뉴타운 도서관,202501,252,69
은평구,942. 상림마을 생태공원,202501,123,121
은평구,943. 은평구청 보건소,202501,895,976
성동구,506. 금호 어울림 아파트 앞,202501,483,493
은평구,945. 기자촌 사거리 A,202501,55,45
은평구,946. 독바위역 ,202501,214,209
은평구,947. 연신내 선일하이츠빌 정류소,202501,115,103
은평구,948. 디지털미디어 시티역 4번출구(DMC역),202501,462,464
은평구,949. 연신내역 1번 출구 ,202501,569,685
은평구,950. 구산역 2번 출구 예일여고 버스정류장,202501,488,515
은평구,952. 서울연신중학교,202501,218,215
은평구,953. 서울연신초등학교,202501,148,141
강동구,1023. 한국종합기술사옥 앞,202501,974,986
강동구,1024.  강동구청 앞,202501,1825,1869
강동구,1025. 상일초등학교,202501,327,308
강동구,1027. 프라자 아파트 앞,202501,415,387
강동구,1028. 포레스 주상복합 빌딩,202501,904,902
강동구,1029. 성내어울터,202501,1564,1582
강동구,1030. 미호 플랜트 앞,202501,782,773
강동구,1031. 올림픽로 836(아리수로),202501,245,286
강동구,1032. 선사고등학교,202501,212,263
성동구,508. 성수아카데미타워 앞,202501,3050,2780
강동구,1033. 고덕동 아남아파트,202501,706,459
강동구,1034. 고덕동 래미안 힐스테이트,202501,272,194
강동구,1036. 고덕동 주양쇼핑,202501,478,462
강동구,1037. 강일리버파크 6단지,202501,124,138
강동구,1038. 강일 다솜 어린이 공원,202501,153,158
강동구,1039. 고덕초등학교,202501,67,67
강동구,1041. 묘곡초등학교,202501,262,266
강동구,1042. 강일리버파크 2~5단지,202501,317,308
강동구,1044. 굽은다리역,202501,1971,2089
강서구,1150. 송정역 1번출구,202501,1595,1595
강서구,1151. 마곡역1번출구,202501,2764,3166
강서구,1152. 마곡역교차로,202501,2861,3147
강서구,"1153. 발산역 1번, 9번 인근 대여소",202501,4735,4716
강서구,1155. 기쁜우리복지관,202501,1114,1058
강서구,1157. 강서구청,202501,2082,2179
성동구,510. 뚝도아리수정수센터 버스정류소 옆,202501,292,289
송파구,1251. 석촌역 2번출구,202501,1297,1307
송파구,1253. 오금역 3번 출구 뒤,202501,351,303
송파구,1256. 문정현대아파트 교차로,202501,327,327
송파구,1257. 가락시장역 사거리,202501,627,654
송파구,1258. 가락미륭아파트 앞,202501,217,187
송파구,1259. 방이역 1번출구,202501,869,886
송파구,1260. 방이동 한양3차아파트 옆,202501,663,658
성동구,511. 서울숲역 5번 출구 옆,202501,510,520
송파구,1262. 송파여성문화회관 앞,202501,1131,1124
송파구,1263. 장지공영차고지,202501,205,201
송파구,1264. 천호역 10번 출구 앞,202501,1653,1661
송파구,1265. 문정동 근린공원,202501,582,641
송파구,1266. 문정동 글샘 공원,202501,323,254
송파구,1267. 올림픽공원 남2문 앞,202501,392,379
송파구,1268. 몽촌토성역 1번출구 옆,202501,553,556
송파구,1269. 리센츠아파트 ,202501,835,734
송파구,1271. 송파도서관,202501,587,587
성동구,512. 뚝섬역 1번 출구 옆,202501,1163,1247
송파구,1274. 영파여고 앞,202501,734,700
중랑구,1442. 중랑구청 중화동 별관 앞,202501,1244,1251
중랑구,1444. 면목4치안센터,202501,531,735
중랑구,1445. 용마지구대 A,202501,145,140
중랑구,1446. 중랑전화국 교차로,202501,980,1049
중랑구,1447. 면목역 3번출구,202501,1071,1263
중랑구,1448. 코스트코 상봉점,202501,1035,1036
마포구,400. 상암한화오벨리스크 1차 앞,202501,584,577
강북구,1526. 강북종합시장 앞,202501,510,529
강북구,1527. 미아역 1번 출구 뒤,202501,385,372
강북구,1528. 삼각산동 주민센터,202501,326,132
강북구,1529. 미아동 한국전력공사,202501,700,676
강북구,1530. 광산사거리,202501,971,960
강북구,1531. 미아사거리 1번 출구,202501,1060,1165
강북구,1532. 번3동 주민센터 교차로,202501,491,527
강북구,"1533. 번동 주공3, 4단지 교차로",202501,511,597
강북구,1535. 효성인텔리안 앞,202501,991,992
성동구,513. 뚝섬역 5번 출구 정류소 옆,202501,666,657
강북구,1536. 번동 두산위브 101동 옆,202501,350,353
노원구,1643. 태릉입구역 8번출구,202501,838,851
노원구,1646. 삼육대 입구,202501,112,112
노원구,1650. 중계근린공원내,202501,1972,1950
노원구,1651. 상계동 우방유쉘아파트 앞,202501,523,542
성동구,514. 성수사거리 버스정류장 앞,202501,1524,1569
노원구,1652. 파르코 앞,202501,172,172
노원구,1653. 노원역1번출구,202501,1885,1905
노원구,1654. 당고개입구 오거리,202501,356,356
노원구,1655. 공릉1단지아파트,202501,1377,1349
노원구,1656. 중앙하이츠 아파트 입구,202501,1355,1267
노원구,1657. 노원구청 ,202501,1062,1067
노원구,1659. 중계동 을지중학교,202501,495,468
노원구,1660. 서울시립과학관,202501,215,162
도봉구,1713. 쌍문동 이안아파트 앞,202501,326,105
도봉구,1714. 도봉문화정보도서관 삼거리,202501,204,42
도봉구,1715. 서울특별시교육청도봉도서관,202501,281,287
도봉구,1716. 창동역 1번출구 건너편,202501,537,566
도봉구,1719. 신도봉사거리 버스정류장,202501,505,562
도봉구,1720. 도봉구청 옆(중랑천변),202501,597,607
광진구,516. 광진메디칼 앞,202501,853,861
금천구,1839. 수출의 다리 아래,202501,423,498
금천구,1840. 솔브레인이엔지 뒤편,202501,390,427
금천구,1841. 가산동 주민센터,202501,1026,1000
금천구,1842. 한울중학교,202501,103,31
금천구,1843. 독산고등학교,202501,287,209
금천구,1845. 롯데캐슬골드파크1차 서문,202501,347,316
금천구,1846. 롯데캐슬골드파크1차 동문,202501,502,475
금천구,1847. 독산주공 14단지 버스정류소,202501,147,104
금천구,1848. 벽산 디지털밸리 5차,202501,731,879
동작구,2058. 동작경찰서,202501,722,861
동작구,2059. 보라매공원 정문,202501,621,647
동작구,2060. 남성역3번출구 뒤,202501,619,639
동작구,2062. 사당새마을금고,202501,174,126
관악구,2159. 인헌초교,202501,101,62
서초구,2266. 서초역 3번출구,202501,395,393
중구,300. 정동사거리,202501,489,478
서초구,2269. 주홍교 하부,202501,83,40
서초구,2270. 서초포레스타 7단지,202501,139,134
서초구,2271. 내방역 8번출구 앞,202501,422,458
서초구,2272. 교대입구 교차로,202501,198,187
서초구,2273. 일동제약 사거리,202501,237,240
서초구,2274. 양재시민의숲역 3번출구,202501,698,696
서초구,2276. 영동1교 (양재천근린공원),202501,289,276
서초구,2277. 길마중4교 하부,202501,416,517
종로구,301. 경복궁역 7번출구 앞,202501,490,356
강남구,2362. 신사동 가로수길 입구,202501,333,321
강남구,2363. 강남 을지병원 교차로,202501,130,133
강남구,2364. 도산공원교차로,202501,226,226
강남구,2365. K+ 타워 앞,202501,268,278
강남구,2368. 도곡동 경남아파트 건너편,202501,280,184
강남구,2369. KT선릉타워,202501,696,725
강남구,2370. 한티역 3번출구,202501,205,198
종로구,302. 경복궁역 6번출구 뒤,202501,935,933
강남구,2371. 한국우편사업진흥원,202501,86,49
강남구,2372. 대치역 사거리,202501,395,539
강남구,2373. 개포동역 사거리,202501,194,164
강남구,2375. 수서역 1번출구 앞,202501,540,610
강남구,2376. 수서역 6번출구 앞,202501,339,372
강남구,2377. 수서역 5번출구,202501,1134,1170
서대문구,3100. 북성초교,202501,128,110
서대문구,3101. 서대문구청,202501,150,150
종로구,303. 광화문역 1번출구 앞,202501,1370,1350
서대문구,3102. 연희삼거리,202501,455,450
광진구,3506. 영동대교 북단,202501,719,716
광진구,3507. 어린이회관,202501,604,380
광진구,3508. 화양사거리,202501,594,523
광진구,3509. 세종사이버대학교,202501,1656,1706
성동구,3511. 응봉역 1번출구,202501,1131,1166
성동구,3513. 상왕십리역 1번출구,202501,1328,589
성동구,3514. 왕십리교회옆,202501,1270,1271
성동구,3515. 서울숲 관리사무소,202501,350,346
서대문구,115. 마스타 빌딩 앞,202501,534,355
성북구,1336. 성북3교 위,202501,396,389
성북구,1337. 돈암성당 옆,202501,759,805
성북구,1338. 용문2교 옆,202501,805,836
성북구,1339. 삼성전자서비스 성북센터,202501,410,475
성북구,1340. 광운초등학교 앞,202501,417,404
성북구,1342. 성북쉼터 앞,202501,134,30
성북구,1343. 한성대7번출구 앞,202501,231,240
성북구,1344. 아리랑시네센터 앞,202501,260,94
종로구,305. 종로구청 옆,202501,1033,1087
성북구,1346. 길음8골어린이공원 옆,202501,454,445
성북구,1347. 길음래미안아파트817동 상가 앞,202501,134,130
성북구,1348. 성북제일새마을금고 본점 앞,202501,212,241
성북구,1349. 월계2교 버스정류장 앞,202501,187,189
성북구,1351. 안암2교 옆,202501,1002,1104
성북구,1352. e 편한세상 보문아파트 내,202501,81,46
성북구,1353. 금호어울림센터힐 내,202501,162,182
구로구,1956. 동아1차APT105동 버스정류장(신도림중학교 방면),202501,1068,1070
구로구,1957. 구일고등학교 정문 ,202501,1291,1264
구로구,1958. 강서수도사업소민원센터,202501,1619,1676
구로구,1960. 구로거리공원 동측(신도림역 방면),202501,644,558
구로구,1961. 신도림테크노근린공원,202501,1379,1473
구로구,1962. 가리봉동주민센터,202501,1025,1023
구로구,1964. 원메디타운 앞,202501,1075,1052
구로구,1965. 삼환로즈빌아파트 105동 옆,202501,541,516
구로구,1966. 한마을아파트 정문상가,202501,584,563
구로구,1967. 참새공원(백곡경노당),202501,269,262
종로구,307. 서울역사박물관 앞,202501,508,487
구로구,1969. 궁동생태공원,202501,37,37
구로구,1971. 오정초교 앞 보도육교,202501,79,46
구로구,1973. 오리로와 서해안도로 교차로 앞,202501,252,169
구로구,1974. 신도림2차e편한세상아파트 203동 앞,202501,598,559
구로구,1975. 대림역 1번 출입구 밑,202501,990,968
구로구,1976. 남구로역 5번 출입구 앞,202501,412,261
구로구,1977. 천왕역 1번 출입구 앞,202501,1010,679
종로구,308. 광화문 S타워 앞,202501,1656,1658
구로구,1979. 구로1동우체국 앞,202501,132,132
구로구,1981. 천왕지구삼거리 앞,202501,319,445
강남구,2380. 봉은사로68길 북측,202501,241,220
강남구,2381. 언주역 3번출구앞,202501,238,243
강남구,2382. 역삼동 sk뷰 501동앞,202501,267,267
강남구,2383. 보금자리정원,202501,140,188
강서구,1158. 가양역 8번출구,202501,2220,2247
종로구,309. 광화문역 6번출구 옆 B,202501,357,255
강서구,1159. 서서울모터리움 앞,202501,385,380
강서구,1160. 양천향교역 7번출구앞,202501,2840,2867
강서구,1161. 강서면허시험장 앞,202501,277,174
강서구,1162. 공항초등학교건너편,202501,2102,1919
강서구,1163. 방화동강서기동대앞,202501,1561,1541
관악구,2164. 관악우체국,202501,478,475
중구,310. 청계광장 옆,202501,532,532
관악구,2165. JK장평타워,202501,144,93
관악구,2167. 낙성대역 1번출구,202501,155,152
광진구,3518. 군자역 7번출구뒤,202501,2292,2312
관악구,2169. 봉천역 2번출구,202501,596,605
관악구,2170. 조원동 강남힐병원,202501,411,364
광진구,3517. 용마사거리,202501,885,992
관악구,2172. 나들목공원,202501,242,204
관악구,2173. 당곡사거리,202501,1178,1171
관악구,2174. 삼성디지털프라자관악점,202501,299,285
관악구,2175. 신림동걷고싶은문화의거리입구,202501,540,532
광진구,3516. 구의아리수정수센터앞,202501,527,466
구로구,1983. 구로동롯데아파트,202501,491,466
구로구,1985. 구로도서관,202501,2118,1992
금천구,1849. 대륭포스트타워5차,202501,251,320
금천구,1850. 코오롱테크노밸리,202501,191,203
노원구,1661. 당현천근린공원,202501,925,864
노원구,1662. 노원역7번출구,202501,1498,1625
노원구,1663. 동해문화예술관앞,202501,1086,1064
노원구,1664. 노해근린공원내,202501,277,261
노원구,1665. 양지근린공원앞,202501,783,585
노원구,1666. 노원소방서인근,202501,442,356
노원구,1667. 중계중학교,202501,993,852
노원구,1668. 중계역 6번출구,202501,1581,1859
노원구,1669. 중계역 3번출구,202501,1248,1241
노원구,1670. 노원경찰서교차로,202501,644,641
노원구,1671. 인덕대학교,202501,332,338
노원구,1672. 상계동수락리버시티,202501,233,216
노원구,1674. 서울북부고용센터앞,202501,1546,1543
도봉구,1722. 창동청소년수련관,202501,518,490
도봉구,1723. 방학동학마을도서관,202501,209,208
도봉구,1725. 창1동주민센터,202501,234,234
도봉구,1726. 삼익세라믹아파트교차로,202501,504,496
도봉구,1727. 서울도봉초등학교인근,202501,258,200
종로구,314. 국립현대미술관,202501,492,495
동대문구,648. 장안동위더스빌옆,202501,1643,1621
동대문구,650. 중랑교사거리,202501,505,461
서초구,2279. 교대역 5번출구뒤,202501,575,652
서초구,2280. 서울서초고용센터앞,202501,285,246
서초구,2281. 연세사랑병원신관앞,202501,140,143
서초구,2283. 그룹한빌딩옆,202501,140,39
서초구,2284. CJ오쇼핑앞,202501,107,53
서초구,2285. LH서초3단지 301동 맞은편,202501,96,91
서초구,2286. 탑성마을입구,202501,9,2
서초구,2287. 능안마을입구,202501,18,16
서초구,2288. 안골마을입구,202501,12,13
서초구,2289. 남태령역 2번출구,202501,62,33
성북구,1354. 고려대학교 2번출구,202501,713,744
종로구,316. 종각역 1번출구 앞,202501,1029,1021
영등포구,275. 신동아아파트,202501,1656,1620
영등포구,276. 영등포로터리2,202501,557,561
영등포구,278. 쌍용플레티넘오피스텔,202501,1314,1175
용산구,827. 국군복지단,202501,163,107
용산구,828. 숙대입구역 8번,202501,412,476
용산구,829. 한강대교 북단 교차로,202501,653,591
용산구,830. 강변삼성스위트아파트 앞,202501,171,160
은평구,954. 은평뉴타운구파발9단지,202501,246,288
은평구,956. 응암시장교차로,202501,1174,1370
중랑구,1449. 상봉역 1번출구,202501,1184,1200
중랑구,1450. 화랑대역 7번출구,202501,657,699
중랑구,1451. 중랑세무서,202501,1022,1054
중랑구,1452. 겸재교 진입부,202501,1011,1145
관악구,2171. 서울대입구역 5번출구,202501,486,491
강서구,1165. 마곡중학교 후문,202501,957,641
용산구,832. 이촌1동 주민센터 뒤,202501,345,382
중구,318. 광교사거리 남측,202501,542,588
용산구,834. 효창공원앞역 3번출구 뒤,202501,714,719
용산구,836. 현대자동차서비스 앞,202501,224,204
용산구,837. 한남나들목 입구,202501,428,474
중랑구,1453. 중랑캠핑숲,202501,47,47
중랑구,1454. 한국전력공사(동대문 중랑지사),202501,453,482
노원구,1675. 월계문화체육센터,202501,148,129
노원구,1677. 육군사관학교  앞,202501,476,502
양천구,749. 이대목동병원보도육교,202501,704,754
강서구,1166. 강서구립등빛도서관,202501,2809,2804
강서구,1167. 마곡수명산파크3단지 교차로,202501,2692,2532
영등포구,279. 영등포 푸르지오 아파트 B,202501,1261,1054
동작구,2064. 흑석한강푸르지오 106동앞,202501,22,15
동작구,2065. 서울시여성가족재단,202501,198,215
관악구,2176. 보라매공원 보도육교,202501,951,901
중구,320. 을지로입구역 4번출구 앞,202501,713,731
서초구,2293. SPC 앞,202501,336,294
서초구,2294. 두상빌딩 앞,202501,688,690
강남구,2384. 자곡사거리,202501,813,866
강남구,2385. 학동역,202501,293,266
강남구,2386. 크린랩 본사,202501,101,58
송파구,1275. 거여초등학교 옆,202501,289,292
중구,321. KEB 하나금융그룹 명동사옥 옆,202501,603,622
강동구,1048. 둔촌어린이공원,202501,866,864
강동구,1049. 강일리버파크 10단지,202501,302,324
종로구,393. 동대문역 8번 출구,202501,1151,1163
종로구,394. 경희궁 자이 3단지,202501,485,581
종로구,395. 경희궁 자이 2단지,202501,484,494
중랑구,1455. 상봉역 2번 출구,202501,1422,1526
용산구,838. 숙대입구역 4번출구,202501,508,642
광진구,3520. 광진경찰서,202501,1558,1489
광진구,3521. 현대홈타운 뒷길,202501,70,69
중구,322. 명동성당 앞,202501,330,323
중랑구,1456. 상아빌딩(우림시장 교차로),202501,566,606
중랑구,1457. 동원사거리,202501,317,276
성북구,1357. 북한산보국문역,202501,117,113
성북구,1358. 정릉도서관 앞,202501,204,215
성북구,1360. 정릉역,202501,243,250
강북구,1537. 북한산 우이역,202501,205,176
강북구,1538. 솔밭공원역,202501,91,89
강북구,1539. 4.19민주묘지역,202501,212,231
강북구,1540. 가오리역,202501,491,485
강북구,1541. 삼양역,202501,115,100
강북구,1542. 삼양사거리역,202501,222,213
노원구,1678. 성서대학교 밀알관,202501,84,67
노원구,1679. 삼육대 도서관,202501,37,24
노원구,1680. 삼육대 제3과학관,202501,7,4
마포구,427. 성산시영아파트,202501,781,852
양천구,750. 연의근린공원 건너편,202501,463,485
중구,324. 신세계백화점 본점 앞,202501,350,407
양천구,752. 성원2차 아파트,202501,556,453
강서구,1168. 마곡엠밸리10단지 앞,202501,1523,1296
금천구,1851. 가산디지털단지 9번출구 인근,202501,1820,1855
서초구,2297. 남부터미널역 1번출구,202501,300,268
서초구,2299. 한전아트센터 앞,202501,345,361
강남구,2387. 래미안강남힐즈 사거리,202501,306,285
송파구,1277. 성내7교,202501,569,565
송파구,1278. 송파구청 교차로,202501,1147,1154
송파구,1279. 마천금호어울림 1차아파트 건너편,202501,155,151
송파구,1280. 송파파크데일 2단지입구 앞 주차장,202501,202,201
송파구,1282. 송파소방서 맞은편(성내4교),202501,803,904
송파구,1283. 오금공원 사거리,202501,91,38
송파구,1285. 위례별 유치원 뒤,202501,227,193
송파구,1286. 위례중앙푸르지오 1단지 앞,202501,480,475
송파구,1287. 위례아이파크 101동 맞은편,202501,212,206
송파구,1288. 문정중교 사거리,202501,536,466
종로구,326. 안국역 5번출구 앞,202501,648,540
강동구,1050.  둔촌역 3번 출입구,202501,2565,2573
강동구,"1051. 강일중,선사고 버스정류장(신암중학교 방면)",202501,394,405
송파구,1289. 풍납토성 서성벽터B,202501,285,305
강북구,1543. 수유1동 주민센터,202501,362,357
성북구,1361. 홍익중고 입구,202501,525,331
노원구,1681. 현대6차 아파트,202501,867,588
노원구,1682. 중계종합사회복지관 교차로,202501,363,360
광진구,3510. 중곡SK아파트앞,202501,367,251
광진구,3523. 건국대학교 과학관(이과대) 앞,202501,202,203
종로구,327. 낙원상가 옆,202501,697,691
종로구,397. 종묘공영주차장 건너편,202501,164,170
강남구,2388. 강남구 도시관리공단,202501,187,97
도봉구,1728. 서울북부지방법원,202501,188,209
중구,398. 을지로3가역 3번출구,202501,944,945
중구,399. 서울역 센트럴 자이아파트,202501,575,321
중구,428. 명보사거리,202501,257,251
중구,429. 송도병원,202501,63,14
중구,430. 장충동먹자골목 앞,202501,514,535
종로구,328. 탑골공원 앞,202501,360,368
중구,431. 청계천 영도교,202501,1856,1805
용산구,839. 보광동 삼성리버빌아파트 앞,202501,174,167
용산구,840. 용산 파크타워 앞,202501,234,231
용산구,841. 신용산역 1번 출구,202501,682,821
용산구,843. 이태원관광특구B(용산구청쪽),202501,230,86
용산구,844. 이촌2동 동원베네스트 아파트 앞,202501,532,525
동대문구,652. 답십리 래미안엘파인아파트 입구,202501,372,408
동대문구,654. 전농동 텃골공원,202501,369,297
종로구,329. 청계2가 사거리 옆,202501,709,776
중랑구,1458. 상봉터미널2,202501,1049,1037
중랑구,1459. 용마한신아파트사거리,202501,154,96
성북구,1362. 보문역6번출구 앞,202501,700,749
성북구,1363. 보문4교 인근,202501,898,898
성북구,1364. 성북동 치안센터 앞,202501,302,302
성북구,1365. 선잠단지 앞,202501,133,90
성북구,1366. 일신초등학교 옆,202501,153,154
성북구,1367. 길음문화복합미디어센터,202501,401,438
성북구,1368. 성신여대입구 교차로,202501,368,393
도봉구,1729. 도봉한신아파트 버스정류장,202501,549,587
도봉구,1730. 도봉산역 교차로 앞,202501,78,104
도봉구,1731. 도봉고등학교 맞은편,202501,87,70
도봉구,1732. 방학역사거리,202501,330,342
도봉구,1733. 방학사거리 (봄마당 앞),202501,313,311
도봉구,1734. 쌍문현대1차아파트 108동 앞,202501,364,308
도봉구,"1735. 도봉역 1,2번 출구사이 건너편",202501,510,492
도봉구,1736. 버스정류장 앞,202501,201,151
도봉구,1737. 신창시장,202501,912,958
중구,331. 을지로2가 사거리 북측,202501,559,637
도봉구,1738. 창동주공17단지 상가앞,202501,713,721
노원구,1683. 노원문화예술회관,202501,989,971
노원구,1684. 태릉입구역 5번출구,202501,1683,1680
노원구,1685. 불암고등학교 앞 횡단보도,202501,694,689
노원구,1686. 상계주공10단지 종합상가 앞,202501,1062,1045
은평구,958. 본 서부병원 버스정류장(은평 세무서 방면),202501,607,622
중구,332. 을지로2가 사거리 남측,202501,454,450
은평구,959. 구파발10단지 인근,202501,215,225
은평구,960. 구파발역 환승센터,202501,338,378
은평구,961. 불광역 9번 출구,202501,511,512
은평구,962. 은평뉴타운 힐데스하임,202501,369,404
은평구,963. 불광롯데캐슬아파트 앞,202501,275,240
은평구,964. 북한산힐스테이트 7차아파트,202501,195,180
은평구,965. 서울특별시 은평병원,202501,244,67
은평구,966. 서울혁신파크1,202501,59,59
은평구,967. 서울혁신파크2,202501,121,121
은평구,968. 은평뉴타운 상림마을 13단지,202501,61,60
은평구,969. 은평 지웰테라스,202501,39,40
서대문구,3103. 홍제삼거리 북측,202501,364,352
서대문구,3104. e편한세상 신촌4단지 앞,202501,352,368
서대문구,3105. 홍은센트레빌 아파트 앞,202501,142,74
마포구,432. 마포중앙도서관,202501,101,20
양천구,754. 목동1단지아파트 118동 앞,202501,1300,1296
양천구,755. 목동1단지아파트 상가 앞,202501,1510,1512
양천구,756. 목동주차장,202501,718,801
양천구,757. 신정이펜하우스 1단지아파트 입구 사거리,202501,285,191
양천구,758. 한사랑교회 앞,202501,641,643
마포구,111. 상수역 2번출구 앞,202501,670,681
종로구,334. 종로3가역 2번출구 뒤,202501,659,669
양천구,759. 보아스아파트 앞,202501,467,477
양천구,760. 잣절보도육교 아래,202501,305,278
양천구,762. 오목로 무중력지대 앞,202501,350,308
양천구,763. 목동11단지 아파트,202501,624,580
강서구,1169. 염창역 1번 출구,202501,1142,1163
강서구,1170. 강서구보건소,202501,568,257
강서구,1171. 염창동 새마을금고 건너편,202501,443,440
강서구,1172. 가양3동 주민센터,202501,1014,1130
종로구,335. 종로3가역 15번출구 앞,202501,671,663
강서구,1173. 강서구청사거리(SH타워),202501,1918,1819
강서구,1174. 강서구청사거리(부민병원),202501,973,970
강서구,1175. 대한항공 인력개발센터,202501,749,507
강서구,1177. 수명중?고교,202501,938,949
강서구,1178. 개화산역 2번 출구,202501,379,388
강서구,1180. 마곡엠밸리 15단지(1502동) 건너편,202501,1848,1879
강서구,1181. 농수산식품공사 (강서지사),202501,191,236
강서구,1182. KBS 스포츠월드,202501,2085,2103
중구,336. 충무로역 6번출구 앞,202501,685,669
강서구,1183. 강서대학교,202501,295,151
구로구,1986. 태평양물산,202501,1612,1795
구로구,1987. 개봉아이파크아파트 앞,202501,478,518
구로구,1988. 고척LIGA아파트 앞,202501,1168,1158
구로구,1991. 오류동역 맞은편,202501,736,796
구로구,1992. 구로구배드민턴실내체육관 앞,202501,168,180
구로구,1993. 금강수목원아파트 앞,202501,405,397
구로구,1994. 삼성전자 물류센터 앞,202501,976,987
종로구,337. 창경궁 입구,202501,310,299
구로구,1996. 구일역 1번 출입구 앞,202501,746,729
금천구,1853. 서울디자인직업전문학교 앞,202501,287,249
금천구,1854. 가산아네스트 오피스텔 앞,202501,518,170
금천구,1855. 성지아파트 옆 도로변,202501,77,85
금천구,1856. 모두의학교,202501,332,264
금천구,1857. 주공14단지,202501,186,166
영등포구,280. 양평동6차현대아파트 앞,202501,2063,2033
종로구,338. 세운스퀘어 앞,202501,334,337
영등포구,281. 대림신동아아파트 앞,202501,603,568
영등포구,282. 신한은행 대림동지점,202501,395,457
동작구,2066. 양문교회 앞,202501,850,862
동작구,2067. 보라매역?동작세무서 버스정류장(강남중학교방면),202501,655,720
동작구,2068. 총신대 앞(육교),202501,49,13
동작구,2070. 노량진역 2번 출구 앞,202501,472,488
관악구,2177. 신대방역 2번 출구,202501,2272,2539
관악구,2178. 서울대학교 정문,202501,182,97
관악구,2179. 양녕로 입구,202501,453,471
종로구,339. 종로4가 사거리,202501,617,591
서초구,2501. 서초 포레스타5단지,202501,203,191
서초구,2502. 서초역1번출구 앞,202501,182,173
서초구,2503. 반포1동 서초빌딩 앞,202501,675,710
서초구,2504. 신사역 4번출구 뒤,202501,550,365
서초구,2505. 우성아파트사거리 (기업은행앞),202501,735,741
서초구,2506. LG유플러스 (방배사옥),202501,48,27
강남구,2389. 경기여자고등학교 후문 (삼성로3길 입구),202501,406,342
종로구,340. 혜화동 로터리,202501,623,654
강남구,2390. 구룡마을 입구 (래미안블레스티지 아파트),202501,257,257
강남구,2391. 구룡터널 입구(개포1단지아파트),202501,13,1
강남구,2392. 구룡산 입구 (구룡산 서울둘레길 입구),202501,75,30
강남구,2394. 개포래미안포레스트아파트 107동 앞,202501,440,267
강남구,2396. 영동3교 북단(우성캐릭터 앞 보도),202501,205,172
강남구,2398. 더라움,202501,189,106
종로구,341. 혜화역 3번출구 뒤,202501,593,614
강남구,2401. 밀알학교 입구 (삼성서울병원 입구),202501,133,76
강남구,2403. 공무원연금매점 교차로 (개포주공9단지 입구),202501,453,378
강남구,2404. 대모산입구역 4번 출구 앞,202501,745,750
강남구,2405. 청담공원앞 교차로,202501,512,176
강남구,2406. 논현동 광명빌딩 앞,202501,166,145
강남구,2407. 역삼서초삼성 세무서 앞 (역삼빌딩 앞),202501,548,559
강남구,2408. 강남한양수자인아파트,202501,594,579
송파구,1290. 위례송파꿈에그린아파트24단지 앞 성벽 다리 밑,202501,424,415
종로구,342. 대학로 마로니에공원,202501,878,853
송파구,1291. 서울체육고등학교 앞,202501,542,690
송파구,1293. 석촌호수 서호 사거리,202501,1385,1397
송파구,1295. 잠실역 8번출구,202501,1574,1574
송파구,1296. 석촌호수교차로 (송파나루근린공원 앞),202501,291,286
송파구,1297. 석촌호수교차로(동호 팔각정 앞),202501,1446,1447
송파구,1299. 송파소방서 (방이119안전센터),202501,357,317
송파구,1300. 오륜사거리,202501,292,281
종로구,343. 힐스테이트창경궁 아파트 앞,202501,599,596
송파구,2601. 석촌호수 아뜰리에,202501,1038,1037
송파구,2603. 송파 글마루 도서관,202501,435,403
강동구,1053. 동명근린공원 진입로 (아리수로),202501,185,188
강동구,1054. 말우물 어린이 공원,202501,154,196
강동구,1056. 강일리버파크 7~11단지,202501,173,180
강동구,1057. 능골근린공원,202501,321,351
성동구,3525. 금호스포츠센터앞,202501,207,266
종로구,344. 성균관대 E하우스 앞,202501,371,347
성동구,3527. 왕십리 자이아파트(101동 앞),202501,4,4
광진구,3528. 광진정보도서관,202501,659,804
광진구,3529. 어린이대공원정문,202501,329,270
종로구,452. 동대문 종합시장 버스정류장,202501,437,464
종로구,453. 종로오가 지하쇼핑센터 14번출구,202501,677,692
종로구,454. 종로2가 버스정류장 (종각방향),202501,563,575
종로구,455. 종로6가역 버스정류장(동대문 방향),202501,796,804
종로구,456. 숭인2동 주민센터 입구,202501,848,876
종로구,345. 서울보증보험본사 앞,202501,810,825
종로구,457. 종로꽃시장 입구 옆,202501,545,541
종로구,458. 광화문역 5번출구,202501,1046,1047
용산구,845. 용산 선인상가,202501,318,409
성동구,3530. 왕십리자이아파트 후문(삼거리),202501,194,130
성동구,3531. 논골사거리(금호도서관 입구),202501,124,24
성동구,3532. 왕십리KCC스위첸아파트,202501,112,116
종로구,461. 서울지방경찰청,202501,514,516
중구,346. 맥스타일 앞,202501,393,406
강동구,1060. 천일초교 사거리,202501,385,380
강동구,1061. 천호초교 입구 사거리(일주빌딩),202501,521,524
강동구,1058. 고덕숲 아이파크 1,202501,84,77
동대문구,661. 경희대학교 청운관,202501,340,337
강동구,1059. 래미안 강동팰리스(102동),202501,823,582
송파구,2604. 풍납토성 서성벽터A,202501,714,717
동대문구,656. 영휘원 교차로,202501,457,528
동대문구,657. 동대문롯데캐슬아파트 앞,202501,799,858
중구,347. 동대문역사문화공원역 9번출구 앞,202501,370,384
동대문구,659. 제기동역 1번출구,202501,1356,1294
동대문구,660. 동의보감타워,202501,1178,1282
성북구,1370. 복자사랑 피정의 집,202501,165,96
성북구,1372. KEB은행 고대점,202501,497,403
성북구,1373. 성북구보건소 건너편,202501,319,312
도봉구,1741. 제일강산수산입구,202501,483,390
노원구,1688. 마들역 7번출구,202501,1154,1156
노원구,1689. 마들역 3번출구,202501,793,804
노원구,1690. 도봉운전면허시험장 버스정류장 옆,202501,529,531
노원구,1691. 노원정보도서관,202501,826,815
강서구,1184. 마곡13단지,202501,2336,2261
강서구,1185. 등촌9단지,202501,972,874
강서구,1186. 송정중학교,202501,698,690
금천구,"1858. 500번,507번 버스 종점 앞",202501,80,98
영등포구,283. 아크로타워 스퀘어(영등포시장),202501,1653,1506
종로구,349. 어린이도서관,202501,293,280
영등포구,284. 센트럴 푸르지오 시티 앞,202501,1295,1219
영등포구,285. 콤텍시스템 앞,202501,487,564
영등포구,286. 우성아파트 교차로,202501,643,679
영등포구,287. 영등포전화국사거리 (서강어린이공원),202501,1178,1215
서초구,2508. 양재이스타빌 앞,202501,418,460
서초구,2509. 심산기념문화센터,202501,432,387
송파구,2605. 복정역 1번 출구 앞,202501,671,669
송파구,2606. 위례동주민센터,202501,860,883
광진구,3533. 건대입구역 사거리(롯데백화점),202501,2683,3081
광진구,3534. 건대입구역 5번출구 뒤,202501,2305,2401
광진구,3536. 중앙농협(자양동),202501,1364,1371
광진구,3537. 아차산 휴먼시아 아파트 옆,202501,274,109
강북구,1546. 송천동우체국,202501,166,263
동작구,2069. 숭실대 입구역3번 출구 앞,202501,190,146
중구,433. 을지로입구역 2번출구,202501,892,914
중구,434. 신당 래미안 버스정류장,202501,263,14
종로구,351. 청운초교 앞 삼거리,202501,354,259
중구,435. SK 남산빌딩,202501,104,98
동대문구,663. 외대앞역 3번출구,202501,810,807
노원구,1692. 온곡초교 교차로,202501,1010,702
은평구,971. 역촌 센트레빌 아파트,202501,346,68
마포구,436. 이대역 5번출구,202501,404,88
강서구,1187. 강서수산물도매시장,202501,781,870
영등포구,288. 쌍용예가(구청별관),202501,820,824
관악구,2183. 동방1교,202501,583,583
강남구,2409. 역삼동 디오슈페리움 (우성아파트 사거리),202501,438,430
종로구,352. 중앙고입구 삼거리,202501,120,63
강남구,2410. 포스코피앤에스타워 (역삼역 3번출구 부근),202501,435,343
송파구,2608. 송파구청,202501,2353,2485
송파구,2609. 보성중고등학교 후문 앞,202501,75,57
송파구,2611. 송파지역자활센터 뒤,202501,1496,1576
송파구,2612. 광평교사거리 인근,202501,16,13
강동구,3539. 서원마을,202501,38,50
강동구,1084. 윤선생빌딩(JYP사옥),202501,1780,2045
강서구,1193. 마곡센트럴타워 1차,202501,1740,1946
강서구,"1191. 마곡역 버스정류장(마곡나루역1번출구, 웰튼병원 방면)",202501,2161,2141
종로구,353. 재동초교 앞 삼거리,202501,435,419
마포구,437. 대흥역 1번출구,202501,467,554
마포구,438. 성산2-1 공영주차장,202501,691,531
강서구,1199. 우장산역 3번출구,202501,684,496
강서구,1200. 개화광역환승센터,202501,151,179
구로구,1998. 고척교 교차로,202501,232,170
영등포구,289. 대림3동사거리,202501,775,770
영등포구,290. 새말소공원,202501,1665,1545
영등포구,291. 문래동 하이테크 시티,202501,1439,1414
서대문구,117. 홍은사거리,202501,1133,1127
종로구,354. 포르투갈 대사관 앞,202501,630,422
영등포구,292. 영일 어린이공원,202501,984,944
영등포구,293. 충북 미래관,202501,1786,1514
관악구,2184. 구암초등학교 버스정류장,202501,69,33
강남구,2411. 세곡동 성당,202501,359,352
송파구,2613. 잠실나들목,202501,565,541
송파구,2614. 가락고등학교 앞,202501,191,144
송파구,2615. 테라타워2,202501,1428,1485
강서구,1188. 롯데중앙연구소,202501,219,225
강서구,1190. 마곡역 교차로(2번출구),202501,794,809
종로구,355. 서울사대부설초등학교 앞,202501,591,596
강서구,1192. 마곡수명산파크 209동 건너편,202501,1699,1282
강서구,1195. 코오롱One&Only타워,202501,1291,1323
강서구,1196. 서울식물원(문화센터) 건너편,202501,147,132
강서구,1197. 엠펠리체 호텔 건너편,202501,1231,1333
강서구,1198. LG 사이언스파크,202501,821,754
송파구,2616. 거여동 사거리,202501,180,178
송파구,2617. 가락삼환아파트 앞,202501,178,169
강서구,2701. 마곡나루역 5번출구 뒤편,202501,6244,6387
송파구,2621. 한성백제역 2번 출구,202501,971,976
종로구,356. KT혜화지사 앞,202501,581,603
송파구,2622. 올림픽공원역 3번출구,202501,1837,1813
용산구,846. 용산중학교,202501,423,386
광진구,3542. 래미안 구의파크 스위트,202501,1389,1390
성북구,1375. 생명의 전화 종합복지관 앞 교차로,202501,570,573
강북구,1547. 꿈의숲 롯데캐슬,202501,199,84
강북구,1548. 북서울 꿈의숲 서문,202501,254,124
도봉구,1742. 북한산 코오롱 하늘채,202501,820,833
강서구,2702. 마곡 엠밸리2단지,202501,1059,1062
송파구,2618. 삼전역 1번출구,202501,1001,1040
송파구,2619. 석촌고분역 4번출구,202501,999,1055
종로구,358. 성균관대입구 사거리 A,202501,422,420
송파구,2620. 송파나루역 4번 출구옆,202501,2189,2469
양천구,765. 오목교역 3번출구,202501,3229,3353
구로구,1999. 수궁동 성당 주변,202501,217,219
구로구,2000. 신도림4차 e편한세상 아파트 1109동 앞,202501,831,736
금천구,1859. 대륭테크노타운 18차,202501,358,357
서초구,2510. JW타워,202501,168,94
양천구,766. 신목동역 3번출구,202501,475,389
서초구,2511. 이수역 6번출구 앞,202501,414,400
종로구,359. 원남동사거리,202501,613,704
노원구,1693. 원자력 병원,202501,301,188
동작구,2071. 대림아파트 후문 상가 옆,202501,275,51
성북구,1376. 한국과학기술연구원 중문,202501,85,84
성북구,1377. 한국과학기술연구원 북문,202501,112,106
종로구,361. 동묘앞역 1번출구 뒤,202501,1867,2028
구로구,2801. 대륭포스트타워1차,202501,1065,1133
마포구,440. 하늘공원 입구,202501,241,197
종로구,464. 삼청동 골목,202501,444,402
관악구,2185. 대학동 고시촌,202501,372,374
동대문구,664. 서울시립대 건설공학관,202501,174,133
종로구,362. 청계8가사거리 A,202501,1066,1063
광진구,3543. 세종대학교(학술정보원),202501,138,135
중구,441.염천교사거리,202501,473,487
강동구,1063.강동롯데캐슬퍼스트 아파트(관리동),202501,293,289
강동구,1064.중앙보훈병원역 1번출구,202501,312,264
강동구,1065.보훈병원 후문옆(더 원커피),202501,364,280
강동구,1066.생태공원앞 교차로(조명탑),202501,33,32
강동구,1067.한영중고앞사거리,202501,197,146
강동구,1068.명일파출소,202501,321,318
중구,442.서울역 서부,202501,171,172
중구,443.호암아트홀,202501,133,136
종로구,363. 신설동역 11번출구 뒤,202501,1101,1111
중구,445.대한상공회의소,202501,523,529
중구,466.롯데호텔,202501,216,212
중구,467.한국은행,202501,203,273
중구,468.웨스틴 조선호텔,202501,235,242
중구,469.회현역 1번출구,202501,195,184
중구,470.회현역 7번출구,202501,169,145
중구,471.회현사거리 남측,202501,285,279
중구,472.삼일교(시그니쳐 타워),202501,482,477
중구,473.을지로4가역 9번출구,202501,1074,1044
종로구,364. 창신역 1번출구 앞,202501,267,212
중구,474.동대문역사문화공원역 1번출구 뒤편,202501,829,771
중구,475.DDP 패션몰,202501,849,846
중구,476.광희문,202501,401,400
중구,477.앰배서더 호텔 주변,202501,309,101
중구,479.동대입구역 3번 출구,202501,149,148
중구,480.약수역 6번 출구,202501,190,197
중구,483.남산타운아파트 버스정류장,202501,122,34
중구,485.서울역5번출구,202501,489,496
송파구,2641.송파역 4번출구,202501,1238,1251
송파구,2642.마천동 성내천 쉼터,202501,385,388
송파구,2643.풍납중학교 측면,202501,151,122
송파구,2644. 성내5교,202501,602,710
송파구,2645.잠실나들목2(엘스아파트136동),202501,448,440
종로구,3401.창신두산아파트,202501,80,73
종로구,3402.이화공영주차장,202501,293,294
마포구,113. 홍대입구역 2번출구 앞,202501,2918,3704
종로구,367. 독립문역 3-1번출구 ,202501,742,509
종로구,3404.서울특별시 중부교육지원청,202501,54,89
종로구,3405.파크팰리스,202501,498,450
종로구,3407.안국동사거리(신),202501,795,806
종로구,3408.종로타워빌딩,202501,782,785
종로구,3410.종로3가역 8번출구,202501,1412,1415
종로구,3411.종묘,202501,576,574
종로구,3412.세운상가,202501,342,341
종로구,368. SK 서린빌딩 앞,202501,767,874
종로구,3413.종로플레이스,202501,1448,1612
종로구,3414.종로5가역 4번출구,202501,596,709
종로구,3415.동대문역6번출구,202501,756,832
종로구,3416.동묘앞역 6번출구,202501,1088,1121
종로구,3417.창신3동주민센터,202501,454,444
종로구,3418.창신역2번 출구,202501,51,35
종로구,3419.국립어린이과학관,202501,188,172
종로구,3420. 성균관대입구 사거리 B,202501,526,537
종로구,3421.혜화역 1번출구,202501,846,864
종로구,3422.성균관대 정문,202501,814,731
종로구,3425.광화문 풍림스페이스본 1단지앞,202501,465,283
종로구,3426.독립문역 2번출구 뒤,202501,144,102
종로구,3427.인왕산 아이파크 정문,202501,113,103
종로구,3428.서울미술관,202501,51,21
종로구,3429.HW컨벤션센터 앞,202501,72,12
종로구,3430.구기치안센터 앞,202501,62,17
종로구,3431.로제우스 레포츠센터,202501,125,79
종로구,3432.종로2가 사거리,202501,678,621
종로구,348. 독립문역 사거리,202501,562,362
강동구,1070.(시립)고덕평생학습관,202501,469,409
강동구,1072.고덕역 5번출구,202501,784,769
강동구,1073. SSTS 몰 앞,202501,424,429
강동구,1074.대명초교입구 사거리,202501,711,648
강동구,1075.천동초교 삼거리,202501,1066,1058
강동구,1076. 천동초교입구사거리 버스정류장(십자성마을 방면),202501,846,841
강동구,1077.강동역 1번출구 앞,202501,1160,1131
강동구,1078.둔촌사거리,202501,1579,1671
강동구,1079.강일동입구교차로,202501,332,321
강동구,1081.트레빌빌딩,202501,1061,1038
강동구,1083.광문고교사거리(아이파크),202501,301,303
강동구,1085.래미안 솔베뉴(고덕로),202501,491,255
강동구,1086.래미안 솔베뉴(구천면로),202501,255,256
강동구,1088.풍납사거리(강동),202501,642,636
강동구,1089.고덕 래미안힐스테이트(201동),202501,131,76
중구,370. 시청역(2호선) 9번출구 뒤,202501,968,918
강동구,1090.상일동역 2번출구 앞,202501,812,819
송파구,2623.석촌동 주민센터,202501,1801,1670
송파구,2625.가락종합 사회복지관,202501,133,115
송파구,"2626.경찰병원역 1,2번 출구 사이",202501,262,266
송파구,2627.문정시영아파트 5동 앞 공원,202501,593,331
송파구,2628.문정역 1번출구,202501,1585,1724
송파구,2630.서울방이동 고분군,202501,917,925
송파구,2631.배명고등학교,202501,310,343
송파구,2632.석촌고분역 2번 출구,202501,1369,1385
중구,371. 동대입구역 6번출구 뒤,202501,233,237
송파구,2633.송파학사 옆,202501,374,363
송파구,2634.위례포레샤인아파트 2318동,202501,234,249
송파구,2635.잠실새내역 1번출구,202501,1068,1064
송파구,2637. 아시아지하보도 14번 출구,202501,1130,1251
송파구,2639.석촌역 8번출구,202501,1968,1820
송파구,2646.레이크펠리스101동앞,202501,1587,1679
송파구,2647.잠실 자전거 수리센터 앞,202501,882,960
송파구,2648.헬리오시티 112동 앞,202501,389,371
중구,372. 약수역 3번출구 뒤,202501,232,247
송파구,2649.오금공원사거리2,202501,164,94
송파구,2650.위례22단지 2208동 다리앞,202501,204,205
송파구,2651.경찰병원역 3번출구 앞,202501,641,642
송파구,2652.송파 레미니스1단지 102동 앞,202501,288,286
송파구,2653.올림픽공원사거리(선수촌아파트),202501,595,592
송파구,2654.올림픽선수촌아파트 136동 앞,202501,361,349
송파구,2655.송이공원,202501,337,268
송파구,2657.송파 파인타운 11단지 ,202501,417,344
송파구,2656.풍납동 아이파크 107동 앞,202501,664,660
강남구,2413.도곡역 1번 출구,202501,462,558
강남구,2414. 도곡역 아카데미스위트 앞,202501,698,792
강남구,2415.한티역 롯데백화점 앞,202501,537,532
강남구,2416.한티역 6번 출구,202501,316,330
강남구,"2417.선정릉 디캠프(D,CAMP)앞",202501,68,56
강남구,2418.봉은사역 7번 출구 ,202501,400,381
강남구,"2419.봉은사역 1,2번 출구 ",202501,257,258
강남구,2420.학여울역 사거리(LG베스트샵 앞),202501,447,401
강남구,2422.수서동 성당 맞은편,202501,174,175
강남구,2423.영희초교 사거리(래미안개포루체하임),202501,558,611
중구,374. 청구역 2번출구 앞,202501,756,762
강남구,2425.세곡동 사거리(대왕초등학교 정류장),202501,80,100
강남구,2426.강남한신휴플러스 6단지,202501,356,323
강남구,2427.개포고등학교 정문앞,202501,349,361
강남구,2429.압구정로데오역 6번출구,202501,330,344
강남구,2430.강남파이낸스센터앞(역삼역2번출구),202501,242,211
강남구,2431.대치역 7번출구,202501,676,693
서초구,2514.사평역 2번출구,202501,344,328
마포구,118. 광흥창역 2번출구 앞,202501,366,382
서초구,2515.서초초등학교 후문,202501,567,562
서초구,2516.본마을 노인복지센터 앞,202501,93,93
서초구,2517. 서초그랑자이 앞,202501,275,274
서초구,2518. 서초동 현대아파트 앞,202501,233,234
서초구,2519.서초2교(사임당로 방면),202501,105,101
서초구,2520.서초1교 (진흥아파트 방면),202501,189,162
서초구,2521.서초 크로바타워 앞,202501,367,378
서초구,2523.뉴코아 킴스클럽 앞,202501,445,487
서초구,2524.반포쇼핑타운 8동 앞,202501,382,381
서초구,2525.반포쇼핑타운 2동 앞,202501,697,812
서초구,2529.우리은행 방배동지점 앞,202501,311,310
서초구,2530.삼호3차아파트 앞,202501,470,504
서초구,2531.멤피스아파트 앞,202501,814,812
서초구,2532.국립국악원 앞,202501,77,21
서초구,2533.한가람미술관 앞,202501,183,171
서초구,2535.신반포역 3번출구 뒤,202501,175,190
서초구,2536.서초종합체육관 입구,202501,49,47
서초구,2537.양재역 8번출구 앞,202501,525,433
서초구,2538.사평리근린공원,202501,462,511
서초구,2540.반포천 앞,202501,608,644
서초구,2541.옛골 입구,202501,29,10
서초구,2542.신논현타워 앞,202501,517,505
서초구,2545.국립중앙도서관(국제회의장옆),202501,201,75
금천구,1861.IBK기업은행 석수역 지점 앞,202501,50,48
금천구,1862.스타즈호텔독산 빌딩 앞,202501,437,385
금천구,1863.위너스 스포츠클럽 골프연습장옆,202501,173,174
금천구,1864.산호시티빌 옆,202501,153,80
금천구,1865.금천구청앞(M빌딩),202501,152,154
금천구,1866.서울안천초등학교 옆,202501,93,95
금천구,1867.대륭포스트타워6차 앞,202501,2894,3244
금천구,1868.우리은행 시흥남자동화점 앞,202501,221,175
중구,379. 서울역9번출구,202501,406,431
금천구,1869.롯데캐슬골드파크3차 301동 앞,202501,558,555
금천구,1870.독산3동주민센터 앞,202501,403,155
구로구,2804.항동지구 6단지 602동 앞,202501,83,76
구로구,2805.구로자원순환센터 ,202501,60,60
구로구,2806.항동지구 4단지 입구,202501,71,49
구로구,2807.항동지구 1단지 105동 앞,202501,75,86
구로구,2808.항동지구 2단지 202동 앞,202501,76,75
구로구,2809.항동지구 11단지 1103동 앞,202501,56,76
중구,380. CJ제일제당 앞,202501,635,692
구로구,2810.항동지구 3단지 311동 앞,202501,33,36
구로구,2812.항동프라자,202501,225,257
구로구,2813.항동지구 3단지 302동 앞,202501,32,16
구로구,2814.항동지구 10단지 1001동 앞,202501,42,40
구로구,2815.항동지구 7단지 정문,202501,148,133
구로구,2816.항동지구 8단지 803동옆(주차장입구),202501,68,55
구로구,2817.천왕이펜하우스5단지 앞,202501,89,58
구로구,2818.천왕이펜하우스3단지 앞,202501,145,41
구로구,2819.하늘숲초등학교 앞,202501,383,571
중구,381. 장충체육관,202501,39,28
구로구,2820.신세기아파트 앞,202501,374,382
구로구,2821.청구아파트 앞,202501,702,703
구로구,2822.제니스스포츠 앞,202501,254,259
구로구,2823.중앙유통단지 앞,202501,567,577
구로구,2824.미래사랑어린이공원 앞,202501,1951,1988
구로구,2825.초롱타운 앞,202501,179,171
구로구,2826.가마산지하보도 옆,202501,363,364
영등포구,295.영등포공원 분수대 앞,202501,151,146
영등포구,296.KT플라자 영등포점,202501,1531,1519
영등포구,297.국회3문,202501,92,83
중구,382. 약수역 10번출구 앞,202501,134,152
영등포구,298.KBS 연구동 건너편,202501,285,187
영등포구,299.여의도 순복음교회,202501,96,96
영등포구,3201.당산skv1센터,202501,1025,1063
영등포구,3202.당산롯데캐슬프레스티지,202501,1719,1695
영등포구,3203.도림동배드민턴체육관,202501,783,750
영등포구,3204.도림고가도로 밑,202501,728,672
영등포구,3205.문래현대2차,202501,898,883
영등포구,3206.문래동 주민센터,202501,709,701
영등포구,3207.양남사거리1,202501,444,466
중구,383. 신당역 12번 출구 뒤,202501,2109,2321
영등포구,3211.신길 래미안 프레비뉴,202501,330,287
영등포구,3212.신풍역 6번출구,202501,867,927
영등포구,3214.영등포 푸르지오 아파트 A,202501,1221,1070
영등포구,3215.강변삼성래미안,202501,975,827
중구,384. 종로학원본원 ,202501,222,222
영등포구,3219.영등포역 1번출구,202501,2558,2785
영등포구,3220.래미안에스티움 앞 (신풍로),202501,771,798
영등포구,3221.서울특별시 남부교육지원청,202501,492,421
양천구,767.신정숲속마을아파트,202501,335,149
양천구,768.목동5단지아파트 501동,202501,1324,1325
양천구,769.CBS방송국 앞,202501,3036,3262
양천구,770.목동역5번출구,202501,2473,2499
양천구,771.목동아파트 703동 앞,202501,1455,1482
양천구,"773.염창역 3, 4번 출구 사이",202501,614,609
마포구,114. 홍대입구역 8번출구 앞,202501,739,855
마포구,142. 아현역 4번출구 앞,202501,356,344
양천구,774.등촌역 4번 출구 ,202501,360,366
양천구,775.세종그랑시아 앞(102동),202501,526,372
양천구,776.목마공원,202501,293,334
양천구,777.신월6차보람아파트 앞,202501,558,546
양천구,779. 신정1동 주민센터 앞,202501,1883,1760
양천구,780.신정교 하부,202501,992,1086
양천구,781.신정보도육교 아래,202501,3417,3205
양천구,782.서남병원 후문,202501,446,280
마포구,143. 공덕역 2번출구,202501,750,993
양천구,"785.양천구청, 보건소 사잇길",202501,3293,3497
양천구,786.목동아파트 8단지 상가동 앞,202501,1656,1707
양천구,787.양천아파트 입구,202501,2205,1998
양천구,788.양천구청역 2번출구 옆,202501,1715,1937
양천구,791.현대하이페리온,202501,1820,1804
양천구,792.목동트라팰리스 웨스턴에비뉴,202501,3116,3082
강서구,2703.서울도시가스 앞 ,202501,420,307
종로구,486. 평창동주민센터 앞,202501,64,35
강서구,2704.홈플러스(강서점),202501,1710,1739
강서구,2706.강서공업고등학교 앞,202501,492,490
강서구,2707.한강아파트,202501,1327,1251
강서구,2708.강서한강자이타워 앞,202501,1763,1780
강서구,2709.강변아파트 310동 앞,202501,474,427
강서구,2710.라이품 공영주차장 앞,202501,671,508
강서구,2711.가로공원공영주차장 1번 출구,202501,553,561
강서구,2712.화곡터널입구교차로,202501,297,122
강서구,2713.우장초등학교 앞,202501,993,940
마포구,145. 공덕역 5번출구,202501,610,919
강서구,2715.마곡나루역 2번 출구 ,202501,8906,9025
강서구,2716.롯데 R&D 센터,202501,451,578
강서구,2717.LG유플러스 마곡사옥,202501,2873,3350
강서구,2718.마곡수명산파크1단지,202501,1557,1287
강서구,2719.마곡문화공원,202501,2352,2831
강서구,2720.힐스테이트에코,202501,1994,2026
강서구,2721.등촌1-10단지 교차로,202501,2809,2749
양천구,793.목동5단지아파트 534동,202501,1710,1561
마포구,146. 마포역 2번출구 뒤,202501,907,1022
강서구,2723.마곡 필네이처,202501,1875,2116
강서구,2724.(재)FITI시험연구원,202501,1192,992
강서구,2725.서울식물원 식물문화센터,202501,489,410
강서구,2727.서울식물원 잔디마당 앞,202501,1503,1534
강서구,2728.마곡나루역 3번 출구,202501,5043,5255
강서구,2729.넥센 유니버시티 앞,202501,1002,1160
강서구,2730.마곡메가박스 앞,202501,1482,1581
강서구,2731.명덕고교,202501,861,1009
강서구,2732.마곡수명산 1-2단지 ,202501,1515,1221
마포구,147. 마포역 4번출구 뒤,202501,1025,1320
강서구,2733.마곡13단지 정문 앞,202501,3287,3157
강서구,2737.까치산역 3번 출구,202501,709,853
강서구,2739.수명산파크1단지교차로,202501,2347,2306
강서구,2740.마곡레포츠센터,202501,1175,1145
강서구,2741.마곡수명산파크5-6단지,202501,1168,943
강서구,2742.강서구민올림픽체육센터,202501,1456,1609
마포구,148. 용강동 주민센터 앞,202501,494,474
노원구,1696.수락리버시티4단지,202501,293,277
노원구,1697.상계주공2단지 219동,202501,900,890
노원구,2901.공릉동풍림아파트 101동,202501,692,689
노원구,2902.공릉풍림아파트 108동,202501,703,652
노원구,2903.월계초안아파트 1단지,202501,258,258
마포구,150. 서강대역 2번출구 앞,202501,514,569
노원구,2904.중계3차청구아파트,202501,777,760
노원구,2907. 월계중학교,202501,158,43
노원구,2908. 광운대학교 중앙도서관,202501,904,909
노원구,2909. 석계역 3번 출구,202501,721,718
노원구,2910.도깨비시장,202501,772,836
노원구,2911.상계역중앙시장,202501,664,661
노원구,2912.대진고등학교,202501,539,400
노원구,2913.상계8동 주민센터,202501,783,819
노원구,2915.서울과학기술대학교(어학교육원),202501,858,550
노원구,2917.신창중학교 후문 맞은편 버스정류장,202501,413,497
노원구,2919.등나무 근린공원(시립북서울미술관 앞) ,202501,1865,1934
노원구,2920.상계중학교(당현2교사거리),202501,459,440
노원구,2921.중계역 2번출구,202501,1218,1498
도봉구,1743.창동19단지아파트 관리사무소앞,202501,639,636
도봉구,1744.도봉소방서 옆,202501,1179,1203
도봉구,1749. ESA아파트 상가 앞,202501,581,597
도봉구,1750. 창포원 남쪽 입구,202501,233,265
도봉구,1751. 창원초등학교 교차로,202501,336,321
도봉구,1752. 창동 주공 4단지 입구 옆,202501,353,386
도봉구,1754. 창동시장입구 사거리,202501,397,376
마포구,119. 서강나루 공원,202501,595,628
마포구,153. 성산2교 사거리,202501,885,873
도봉구,1756.서울북부광역등기국,202501,148,159
도봉구,1757.솔밭공원역 1번출구 앞,202501,152,160
도봉구,1758.솔밭공원역 1번출구 주변,202501,252,219
도봉구,1759.서울북부지방법원 앞,202501,250,262
도봉구,1761.방학중학교 앞,202501,158,95
도봉구,1762.북한산 한신휴플러스APT앞,202501,701,685
마포구,154. 마포구청역 ,202501,986,1256
도봉구,1765.쌍문역 1번출구 주변,202501,513,481
도봉구,1767.방학초등학교 앞,202501,596,645
도봉구,1768.신동아타워 버스정류소,202501,283,300
도봉구,1770.도봉한신아파트 주변,202501,358,348
도봉구,1771.성원APT버스정류소,202501,415,269
도봉구,1772.시립도봉노인복지관 버스정류소,202501,322,299
도봉구,1774.정의여중고 버스정류소,202501,192,185
마포구,155. 가좌역1 번출구 앞,202501,711,656
도봉구,1775.신원리베르텔 앞,202501,832,1005
강북구,1550.삼각산아이원아파트(105동 옆),202501,53,3
강북구,1551.4.19탑 앞,202501,380,223
강북구,1552. 강북구청사거리,202501,591,597
강북구,1553.서울북부고용노동지청,202501,306,311
강북구,1554.번동사거리,202501,293,274
강북구,1557.신창교,202501,368,373
마포구,156. 서울서부지방법원 앞,202501,291,373
강북구,1558.강북문화정보도서관,202501,164,121
강북구,1560. 도봉세무서 앞,202501,431,430
강북구,1564.4.19민주묘지역 1번출구,202501,262,244
강북구,1565.수유사거리,202501,477,473
강북구,1568.4.19민주묘지 입구사거리,202501,293,321
강북구,1569.수유역2번출구,202501,1462,1455
마포구,157. 애오개역 4번출구 앞,202501,800,844
마포구,488.푸르메병원,202501,799,827
마포구,489.구룡근린공원,202501,256,197
마포구,490.가온문화공원,202501,748,731
마포구,491.월드컵파크 4단지,202501,169,143
마포구,493.홍대입구역 6번출구,202501,608,614
마포구,494.신수동주민센터,202501,173,168
마포구,495.염리초등학교 앞,202501,430,604
마포구,497.합정동주민센터 앞,202501,1034,738
마포구,498.연남동주민센터 앞,202501,1582,1660
서대문구,159. 이대역 4번 출구,202501,184,87
마포구,3002.벽산상암스마트큐브 ,202501,1170,1130
마포구,3003.래미안신공덕3차아파트,202501,45,24
마포구,3005.마포구청 청사내,202501,175,175
마포구,3006. 상암월드컵파크5단지(상암중학교),202501,252,240
마포구,3007.MBC 앞,202501,400,438
마포구,3008.DMC역7번출구,202501,340,284
마포구,3009. 홍대입구역 사거리,202501,680,882
마포구,3010.홍대입구역 3번출구,202501,1666,1750
서대문구,160. 북아현동 가구거리,202501,246,182
용산구,848. 삼각지12번 출구,202501,242,285
용산구,849. 삼각지 자이아파트,202501,422,461
용산구,850. KCC용산월츠타워 ,202501,176,213
용산구,851.효창 푸르지오 앞,202501,269,63
용산구,852. 청암자이아파트 앞,202501,373,193
용산구,853.용산역 맞은편,202501,1328,1454
용산구,854.HID 유족동지회 앞,202501,63,57
용산구,855.이촌역5번출구 앞,202501,82,75
서대문구,161. 무악재역1번 출구,202501,80,81
용산구,857. 현대 안성타워,202501,150,62
용산구,858.녹사평역3번 출구,202501,136,50
용산구,859.남산공원 야외식물원 앞,202501,66,32
용산구,860.LG한강 자이아파트 앞,202501,496,521
용산구,863.이촌역2번 출구,202501,145,150
용산구,864.순천향대학병원(한남오거리),202501,364,380
서대문구,162. 봉원고가차도 밑,202501,391,58
용산구,866.브라운스톤 남산아파트,202501,354,166
용산구,867.서빙고역 광장(1번출구),202501,130,124
서대문구,3109.북한산더? 106동 앞,202501,151,138
서대문구,3110.홍은 현대아이파크 아파트 202동 앞,202501,312,315
서대문구,3111.무악재역 4번 출구,202501,77,73
서대문구,3114.충정로역 3번 출구,202501,209,135
서대문구,3113. 독립문 앞,202501,269,213
마포구,120. 신수동 사거리,202501,277,369
서대문구,163. 명지전문대학교 정문 앞,202501,207,199
서대문구,3115.북아현 치안센터 인근,202501,429,356
서대문구,3116.신촌역 4번출구,202501,366,381
서대문구,3117.이화여대 인문관 인근,202501,99,102
서대문구,3119.연희 브라운스톤 아파트 앞,202501,626,631
서대문구,3120.DMC엘가아파트 앞,202501,678,670
서대문구,3121.가좌삼거리,202501,678,684
서대문구,3122.북가좌삼거리2,202501,389,361
서대문구,3123.DMC파크뷰자이1단지 110동 앞,202501,357,350
서대문구,164. 북가좌1동 주민센터 ,202501,238,147
서대문구,3125.연희파크푸르지오아파트 앞,202501,524,531
서대문구,3127.홍은2파출소 옆,202501,265,257
서대문구,3128.동신병원 맞은편,202501,591,601
서대문구,3129.DMC래미안e편한세상203동옆,202501,404,370
서대문구,3130.가재울사거리,202501,428,225
서대문구,3131.연가교 교차로,202501,490,404
서대문구,3132.홍제교,202501,300,302
서대문구,3134.SK리쳄블(서울아리수본부),202501,259,210
서대문구,165. 중앙근린공원,202501,639,451
성북구,1379.길음뉴타운푸르지오아파트 3단지,202501,128,3
성북구,1380.월곡역 5번출구 앞,202501,732,776
성북구,1381.석계역 4번출구 뒤,202501,814,902
성북구,1384.성신여대입구역 5번출구,202501,647,643
성북구,1385.성신여대입구역 3번출구 앞,202501,727,756
성북구,1386.동선고가차도 초입,202501,152,153
성북구,1388. 돈암초교입구 버스정류장(한성대입구역 방면),202501,328,345
서대문구,166. 가재울 초등학교,202501,783,753
성북구,1390.석관래미안아트리치,202501,694,717
성북구,1391.성북청소년센터,202501,251,249
성북구,1392.돈암삼성풍림아파트,202501,105,7
성북구,1393.돈암육교 하단,202501,171,31
성북구,1394.길음뉴타운 래미안9단지,202501,237,233
성북구,1395.래미안장위포레카운티(102동),202501,388,383
성북구,1396.래미안장위퍼스트하이(513동),202501,460,431
용산구,869.노들섬 동측 앞,202501,124,125
서대문구,167. 연가초등학교 옆,202501,266,71
용산구,870.노들섬 서측 앞,202501,511,491
은평구,973.제각말푸르지오 5-1단지 아파트,202501,54,34
은평구,974.연신초등학교옆 마을마당,202501,86,40
은평구,975.백련산 힐스테이트상가앞,202501,261,64
은평구,976.진관고등학교앞,202501,272,287
은평구,977.신도중학교앞,202501,98,14
은평구,978.녹번 힐스테이트상가앞,202501,99,83
은평구,979.원풍빌라앞,202501,308,267
은평구,982. 녹번초등학교(서오릉로),202501,461,456
은평구,984.상신초등학교앞 버스정류장,202501,518,519
은평구,985. 은평세무서 버스정류장(은평구청 방면),202501,532,529
은평구,989. 신응교(가좌로) 앞,202501,632,792
은평구,991.흥국사 정류장,202501,61,74
서대문구,169. 북가좌 삼거리,202501,298,276
은평구,992.북한산입구 정류장,202501,50,50
은평구,993.은평뉴타운 은뜨락아파트앞,202501,200,81
은평구,994.북한산생태공원입구(교통섬),202501,151,127
은평구,995.은평다목적체육관,202501,200,158
은평구,996.응암역2번출구 국민은행 앞,202501,1669,2180
동대문구,665.이문동 쌍용아파트 정문,202501,340,362
동대문구,666.이문대성유니드아파트 앞,202501,259,245
동대문구,667.청량차도 육교 밑,202501,270,193
동대문구,669.청계한신휴플러스앞 삼거리,202501,765,731
서대문구,170. DMC파크뷰자이아파트 302동 앞,202501,460,467
동대문구,670.삼육서울병원 버스정류장,202501,1303,1396
동대문구,671.대광빌딩,202501,200,225
동대문구,672.대광고등학교,202501,356,361
동대문구,673.안암골벽산아파트(후문),202501,486,457
동대문구,674.고대앞사거리 교통섬,202501,429,495
동대문구,676.FITI시험연구원 앞,202501,442,431
동대문구,678.장안힐스테이트(아) 앞,202501,941,1041
동대문구,679.전농SK아파트 앞,202501,189,155
서대문구,171. 임광빌딩 앞,202501,276,278
동대문구,680.꿈마루어린이도서관 앞,202501,602,532
동대문구,681.서울특별시 동부교육지원청(육교),202501,110,103
중랑구,1461.동양엔파트 앞,202501,512,516
중랑구,1462.동부시장 북문 앞,202501,991,998
중랑구,1463.중랑구민회관,202501,205,210
중랑구,1464.중화역 4번출구,202501,445,527
중랑구,1466.두산대림아파트 삼거리,202501,178,169
중랑구,1467.sk신내 주유소앞(용마산로),202501,131,121
중랑구,1468.먹골역 7번 출구,202501,383,444
중랑구,1469.먹골역 4번출구,202501,510,515
중랑구,1470.중화동 우리은행 앞,202501,659,659
중랑구,1471.동양쇼핑 정류소 앞,202501,669,795
중랑구,1472.영성빌딩(PAT),202501,425,534
중랑구,1473.중랑역 1번 출구(중화문화복지센터),202501,440,507
중랑구,1474.서울중랑우체국,202501,267,256
중랑구,1477.면목삼익아파트 앞,202501,145,156
중랑구,1478.홈플러스 상봉점 앞,202501,770,767
마포구,121. 마포소방서 앞,202501,322,330
서대문구,173. 서대문역 8번출구 앞,202501,140,136
중랑구,1479.면목 홈플러스 2 ,202501,212,206
중랑구,1480. 용마지구대 B,202501,284,289
광진구,3563.구의7단지현대아파트,202501,123,125
광진구,3566.우성4차아파트,202501,851,850
광진구,3569.건대병원후문,202501,2066,2217
광진구,3570.구의역 리버비스타 오피스텔,202501,1562,1609
서대문구,175. 홍연2교옆,202501,406,401
광진구,3571.화양 APT(횡단보도 옆),202501,2418,2309
광진구,3573.광나루안전체험관,202501,575,547
광진구,3575. 자양사거리(서원빌딩),202501,1879,1879
광진구,3579.광진 캠퍼스시티,202501,1093,1040
서대문구,179. 가좌역 4번출구 앞,202501,925,892
광진구,3581.광진광장,202501,922,813
광진구,3582.화양동 우체국,202501,1336,1339
광진구,3586.군자역 비채온 오피스텔,202501,673,674
성동구,3544.한양대역 3번 출구,202501,645,596
성동구,3545.한양대역 1번출구,202501,239,197
성동구,3547.상왕십리역 6번 출입구,202501,425,249
서대문구,180. 충정로역 7번출구 아래,202501,289,199
성동구,3548.뚝섬역 6번출구,202501,1009,935
성동구,3549.건영아파트 앞,202501,1181,1122
성동구,3550.금호나들목,202501,446,448
성동구,3551.성동도로사업소,202501,421,407
성동구,3552.서울숲 공영주차장앞,202501,157,167
성동구,3553.마장역3번출구,202501,288,308
성동구,3555.양지사거리(센트라스APT 115동앞),202501,96,74
성동구,3556.신금호파크자이APT앞,202501,201,40
성동구,3557.서울숲리버뷰자이APT105동 앞,202501,282,257
성동구,518. 청계천 박물관 앞,202501,452,468
성동구,3558.마장동 금호어울림APT앞,202501,396,269
성동구,3559.성동구민종합체육센터 앞,202501,1007,1084
성동구,3560.성동구 견인차량 보관소 앞,202501,829,756
성동구,3561.행당동 삼부APT후문,202501,121,99
성동구,519. 양지사거리,202501,387,318
동작구,2077.노들역 3번출구,202501,457,491
동작구,2078.흑석 아크로리버하임(103동),202501,53,6
동작구,2079.중앙대학교 중앙광장,202501,48,36
동작구,2080. 대방지하보도(대방동경남아너스빌아파트),202501,617,652
동작구,2082.7호선 이수역7번출구,202501,500,527
동작구,2083.흑석롯데캐슬에듀포레(107동),202501,243,225
동작구,2084.e편한세상 상도노빌리티 앞,202501,220,171
동작구,2085.강남중학교 앞,202501,529,498
동작구,2086.삼일수영장 앞,202501,669,469
성동구,520. 상왕십리역 4번 출구 앞,202501,453,395
동작구,2088.상도중앙하이츠빌 입구,202501,94,78
동작구,2089.사당역10번출구(금강빌딩),202501,424,478
동작구,2090.기아자동차 사당점 앞,202501,590,589
동작구,2091. 이수역9번출구,202501,494,619
동작구,2092.흑석한강푸르지오(110동),202501,135,24
동작구,2093.상도SH빌아파트 입구,202501,19,17
동작구,2094.숭실대학교(중문) ,202501,105,25
동작구,2095.경문고등학교 앞,202501,401,400
동작구,2096.서울특별시 동작관악교육지원청,202501,26,10
성동구,521. 왕십리역 11번 출구 앞,202501,691,715
관악구,2186. 낙성대입구삼거리,202501,261,191
관악구,2187. 현대시장사거리,202501,506,383
관악구,2189. 봉천역 4번출구,202501,570,561
관악구,2190.도원맨션,202501,236,243
관악구,2191.대학동주민센터 ,202501,326,363
관악구,2195.은천교회,202501,503,489
성동구,522. 금호역 1번출구 앞,202501,119,115
관악구,2196. 봉천역 3번출구,202501,232,223
관악구,2198.사랑의병원,202501,285,279
관악구,2199.신봉천주유소 A,202501,103,83
성동구,523. 옥수동성당 옆,202501,73,28
관악구,3310.영락고등학교,202501,99,25
관악구,3311.서울대입구역 4번 출구,202501,535,597
양천구,794.양천문화회관,202501,1622,1628
양천구,795.양천 해누리타운,202501,2149,2166
양천구,796.목동아파트 14단지 B상가 앞,202501,1413,1277
양천구,797.목동아파트 1422동 1434동 사잇길,202501,2306,2265
마포구,122. 신성기사식당 앞,202501,439,436
성동구,524. 래미안금호하이리버 아파트 102동 옆,202501,159,120
강북구,1571.북서울 꿈의 숲 입구,202501,201,198
강북구,1572. 우이동 먹거리마을,202501,67,48
강북구,1573.현대성우아파트 옆,202501,118,73
서초구,2539.대한무역투자진흥공사 KOTRA 앞,202501,534,538
강북구,1574.송중초등학교 옆,202501,198,220
성북구,1382.래미안월곡아파트 입구,202501,491,486
광진구,3587.우성식품 앞,202501,865,872
광진구,3588.세종대학교(영실관),202501,196,200
송파구,2658.가락몰 업무동,202501,910,919
성동구,525. 한양대병원사거리,202501,563,501
송파구,2659.서울친환경유통센터,202501,131,117
강서구,2744.강서세무서 앞,202501,2026,2009
강서구,2745.수명초등학교,202501,1408,1232
서초구,2547. 반포래미안 리오센트,202501,404,421
서초구,2548.반포1동 자율방범초소 옆,202501,196,84
서초구,2549.LH 서초 4단지 403동,202501,209,206
서초구,2550.양재동 꽃시장 건너편,202501,294,288
강서구,2746.수명산파크 4단지 411동 앞,202501,1295,1062
성동구,526. 용답토속공원 앞,202501,511,545
성동구,3600.사근빗물펌프장 건너편,202501,1177,1204
중구,3013.서울지방고용노동청 앞,202501,769,801
강동구,3652. 한영외국어고등학교,202501,102,98
은평구,4652. 신사두산위브2차아파트 앞,202501,504,470
성동구,AS센터,202501,1,1
종로구,4711. 올림픽기념 국민생활관 로터리,202501,724,699
관악구,3802. 관악구민체육센터,202501,287,285
성동구,529. 장한평역 8번 출구 앞,202501,2840,2748
중구,4760. 서울역 7번출구,202501,66,71
중구,4765. 동대문디자인플라자,202501,883,853
중구,4766. 서소문성지역사박물관,202501,224,197
중구,4781. 브라운스위트레지던스,202501,85,83
중구,4782. 서소문역사공원,202501,49,42
구로구,3906. 천왕차량사업소 입구,202501,391,695
용산구,4604. 원효로다목적체육관 앞,202501,238,303
용산구,"4605. 노들섬 다목적홀(동쪽) 숲, 앞",202501,134,115
용산구,4607. 국립중앙박물관 -용산가족공원 앞,202501,76,82
성동구,530. 청계벽산아파트 앞,202501,841,946
용산구,4608. 국립중앙박물관 정문 앞,202501,54,57
용산구,4609. 파크타워 104동 앞,202501,107,121
용산구,4610. 한남나인원 105동 앞,202501,160,175
용산구,4611. 국제루터교회 앞,202501,47,61
용산구,"4612. 한남 준 J,FSS 앞",202501,48,49
용산구,4613. 서울갤러리아 앞,202501,78,67
용산구,4615. 크라운호텔앞 버스정류소,202501,216,252
용산구,4616. 신용산지하차도 앞,202501,355,400
용산구,4617. 동원베네스트 건너편,202501,142,134
용산구,4618. 풍전아파트 건너편,202501,493,536
성동구,533. 금남시장 교차로,202501,176,270
용산구,4619. 한강트럼프월드3차 앞,202501,383,403
용산구,4620. 삼각지역 14번 출구 앞(교통섬),202501,424,452
용산구,4622. 한강중학교 앞 버스정류장,202501,119,137
용산구,4623. 라인프랜즈이태원점 앞,202501,54,40
용산구,4627. 효창공원앞역 5번출구 옆,202501,161,123
용산구,4629. 한강초교보도육교 앞,202501,309,407
강북구,3703. 삼양입구사거리,202501,160,160
강북구,3707. 드래곤타워 앞,202501,421,431
성동구,534. 금호사거리,202501,113,111
강북구,3714. 송천센트레빌,202501,100,71
구로구,3902. 항동지구5단지 501동 앞,202501,102,98
구로구,3903. 현대아파트 앞,202501,288,319
구로구,3904. 테크노마트 앞,202501,1224,1203
구로구,3905. 희훈타워빌 앞,202501,1130,1023
성동구,4353. 코오롱디지털타워 3차앞,202501,908,945
성동구,4360. 르노삼성자동차 성수사업소 앞,202501,652,682
성동구,4362. 행당중학교 후문,202501,110,146
용산구,4625. 용산공원갤러리앞,202501,193,205
성동구,535. 응봉삼거리,202501,405,146
은평구,4653. 불광역 9번 출구 맞은편,202501,204,202
종로구,4708. 조계사앞사거리,202501,823,944
종로구,4710. 자교교회 앞,202501,445,504
강남구,3602. 한국지역난방공사강남지사,202501,276,308
강서구,3753. 공항중학교 버스정류장,202501,348,211
강서구,3756. 마곡힐스테이트 정문,202501,1200,940
강서구,3761. 나이아가라관광호텔,202501,323,338
강서구,3763. 등촌태영아파트,202501,462,516
성동구,536. 행당역 2번출구 앞,202501,278,309
강서구,3765. 문소빌딩,202501,227,229
강서구,3767. 대원빌딩,202501,844,817
강서구,3772. 길성그랑프리텔아파트,202501,1556,1544
강서구,3775. 가양오토갤러리,202501,573,596
강서구,3776. 김포공항사거리,202501,281,274
강서구,3778. 김포공항입구 교차로,202501,799,755
강서구,3780. 등촌서광아파트,202501,2227,2256
강서구,3781. 강서아동복지센터,202501,40,82
강서구,3782. 겸재정선미술관,202501,940,840
성동구,537. 한양대후문역 부근,202501,560,589
강서구,3783. 마곡금호어울림아파트,202501,756,653
강서구,3784. 벽산아파트,202501,1453,1195
강서구,3787. 가양나들목,202501,140,123
강서구,3788. 정곡나들목,202501,223,240
강서구,3789. 염창나들목,202501,972,963
동대문구,4102. 휘경1동주민센터 앞,202501,429,425
동대문구,4103. 휘경sk뷰아파트 앞,202501,155,148
동대문구,4104. 외대앞역 교차로,202501,441,440
동대문구,4105. 서울교통공사사거리 교통섬,202501,494,493
서대문구,123. 문화촌 공원,202501,813,808
성동구,538. 답십리역 8번출구 앞,202501,217,293
동대문구,4107. 장안동근린공원 입구,202501,363,442
동대문구,4108. 답십리파크자이아파트 앞,202501,1549,1535
동대문구,4110. 용두롯데캐슬리치아파트 앞,202501,491,445
동대문구,4113. 한국국방연구원 앞,202501,539,591
동대문구,4116. 이문e편한세상아파트 앞,202501,400,421
동대문구,4117. 휘경119안전센터 앞,202501,384,389
동대문구,4121. 서울문화재단 앞,202501,624,634
동대문구,4122. 청계9가교차로 앞,202501,1294,1373
동대문구,4123. 배봉초교 교차로,202501,496,515
성동구,550. 서울시설공단 앞,202501,755,865
종로구,4703. 쌍용아파트2단지 정문,202501,189,5
종로구,4707. 청계3가 사거리,202501,486,470
중구,4753. 시청역 10번출구,202501,302,298
중구,4761. 중부경찰서앞사거리 건너편,202501,204,179
중구,4762. 국제빌딩,202501,173,159
중구,4768. 서울도시건축전시관,202501,446,425
중구,4772. 중앙일보,202501,67,47
광진구,539. 군자교교차로,202501,706,693
중구,4774. 을지로입구역 8번출구,202501,285,296
중구,4775. 을지로지하쇼핑센터,202501,363,389
중구,4776. 신세계면세점,202501,153,147
중구,4784. 중부경찰서앞 사거리,202501,243,248
중구,4785. 롯데시티호텔,202501,356,321
중구,4791. 명동역9번 출구,202501,563,510
마포구,4202. 프런트원(공덕역4번출구 앞),202501,459,576
광진구,540. 군자역 7번출구 베스트샵 앞,202501,1000,996
마포구,4206. 광흥창역5번출구,202501,249,280
마포구,4207. 아만티호텔 앞,202501,336,376
마포구,4208. 스타벅스(동교동) 앞,202501,412,476
마포구,4210. 가좌행복주택 앞,202501,617,561
마포구,4211. 시석빌딩 앞,202501,438,502
마포구,4212. 한화오벨리스크 앞,202501,402,367
마포구,4213. 마포구중앙도서관 정문 앞,202501,1461,1416
마포구,4214. JTBC 앞,202501,579,678
강서구,3760. 발산역 8번 출구,202501,1331,1466
강서구,3766. 강서문화센터,202501,101,98
광진구,542. 강변역 4번출구 뒤,202501,787,793
광진구,3853. 어린이대공원역 2번출구,202501,620,467
광진구,3860. 건국대학교 정문 앞,202501,617,520
광진구,3863. 동일로58길 입구,202501,752,636
광진구,3864. 광진소방서 앞,202501,818,637
광진구,3865. 이튼타워리버 2차,202501,951,969
광진구,3868. 자양한강도서관,202501,1442,1434
광진구,3873. 동서울우편집중국 앞,202501,732,718
광진구,3878. 장로회신학대학교 주기철 기념관,202501,12,12
도봉구,4076. 도봉통합복지센터 뒤 중랑천 변,202501,349,358
광진구,543. 구의공원(테크노마트 앞),202501,1224,1312
강서구,3769. 증미역 2번출구,202501,1049,1095
강서구,3792. 화곡본동시장 입구,202501,250,249
강서구,3793. 더리브골드타워,202501,595,609
강서구,3794. 안양천합수부(현대3차아파트),202501,553,547
강서구,3796. 송정역 3번출구 앞,202501,992,901
강서구,3797. 마곡수명산파크7단지 710동 앞,202501,333,337
강서구,3798. 그랜드아이파크아파트 앞,202501,3044,3048
강서구,3786. 강서힐스테이트 상가 앞,202501,444,371
구로구,3907. 신도림7차e편한세상아파트 806동 앞,202501,724,632
광진구,544. 광남중학교,202501,299,297
동대문구,4114. 휘경여중고삼거리,202501,655,720
서대문구,4253. 홍은도담도서관,202501,272,272
서초구,4319. 삼성전자R&D어린이집 뒤,202501,89,80
영등포구,4556. 리버뷰신안인스빌1차 후문,202501,881,979
영등포구,4557. 리버뷰신안인스빌2차 후문,202501,858,827
종로구,4705. 웰니스센터(민방위교육장 앞),202501,690,666
강동구,3653. 강동리버스트4단지아파트 404동 앞,202501,188,227
강동구,3654. 강동리버스트4단지아파트 405동 앞,202501,111,132
강서구,3759. 이대서울병원,202501,1093,1425
광진구,546. 잠실대교북단 교차로,202501,974,970
서초구,4320. 비석공원,202501,300,319
송파구,4452. 삼성SDS,202501,1632,1616
송파구,4453. 위례중앙푸르지오 201동 앞,202501,651,663
송파구,4457. 아산병원 기숙사 부근,202501,2058,2111
송파구,4458. 가락2동주민센터 인근,202501,279,276
송파구,4460. 올림픽훼미리아파트 112동 앞,202501,653,670
송파구,4461. 한양3차아파트 3동 앞,202501,99,99
송파구,4462. 가락중학교 앞,202501,280,268
송파구,4463. 방이역 2번 출구,202501,422,416
광진구,548. 자양나들목,202501,1049,1006
송파구,4464. 올림픽공원 북2문 A,202501,346,381
송파구,4465. 건영아파트앞 사거리,202501,783,766
송파구,4468. 가락1동주민센터 ,202501,602,562
송파구,4469. 거여동 어울림아파트  102동앞,202501,213,213
송파구,4472. 송파파크데일 1단지 115동 건너편,202501,132,118
송파구,4473. 마천금호어울림 1차 102동앞,202501,101,97
송파구,4474. 가락현대 1차 11동 앞,202501,283,217
송파구,4475. 송파파인타운 4단지 403동,202501,196,191
송파구,4478. 문정근린공원2,202501,485,490
광진구,549. 아차산역 3번출구,202501,1091,1096
송파구,4479. 문정중학교,202501,116,78
송파구,4480. 가락시장 남1문 사거리,202501,335,393
송파구,4481. 올림픽공원 북2문 B,202501,639,698
송파구,4483. 잠실나들목4,202501,505,505
송파구,4484. 잠실나루역4번출구뒤,202501,972,971
송파구,4485. 잠실나루역 고가하부,202501,323,243
송파구,4486. 홈플러스 잠실점,202501,1357,1365
송파구,"4488. 문현중,고등학교 사이",202501,99,80
송파구,4490. 송파파인타운 10단지 1005동,202501,163,135
송파구,4491. 장지역 1번출구,202501,716,718
마포구,124. 서강대 정문 건너편,202501,541,442
동대문구,600. 휘경2동 주민센터,202501,136,136
송파구,4493. 마천사거리 2,202501,176,174
송파구,4496. 잠실 파크리오 120동 앞,202501,730,731
송파구,4497. 아시아선수촌아파트 교차로,202501,789,780
송파구,4499. 세양청마루 101동 앞,202501,380,166
송파구,4852. 서울복합물류 게이트 1,202501,1278,1561
송파구,4854. 가락시장역 2번 출구,202501,714,734
송파구,4855. 거여5단지 503동 앞,202501,385,368
송파구,4856. 올림픽공원 서1문 앞,202501,644,632
송파구,4859. 잠실나루 나들목,202501,569,562
강북구,3718. 번동3단지 버스정류장,202501,444,556
강서구,3754. 신방화역 8번출구,202501,825,834
강서구,3764. 관문주유소(GS칼택스) 앞,202501,790,775
관악구,3803. 남서울중학교,202501,457,451
관악구,3804. 낙성대공원,202501,109,84
관악구,3806. 낙성대 교수아파트,202501,76,37
관악구,3807. 관악우체국 교차로,202501,203,197
송파구,4454. 위례 포레샤인 1809동 부근,202501,230,54
동대문구,602. 장안동 사거리,202501,1747,2053
송파구,4857. 올림픽공원 장미광장,202501,234,245
종로구,4713. 현대 뜨레비앙 아파트 앞,202501,709,673
중구,4752. 삼성사이버빌리지아파트,202501,156,100
중구,4792. 퇴계로4가 교차로(중구청),202501,635,632
중구,4793. 동대문역사문화공원역 5번출구,202501,513,515
강서구,3799. 국립항공박물관,202501,303,340
중랑구,4802. 새우개마을,202501,112,137
중랑구,4803. 상봉2동 주민센터 앞,202501,613,630
중랑구,4804. 동서울농협 앞,202501,751,755
중랑구,4807. 라코지스테이 앞,202501,292,284
중랑구,4808. 신내2동 주민센터 앞,202501,385,353
중랑구,"4809. 동성1,2차 아파트 앞",202501,508,357
중랑구,4811. 한양수자인아파트 앞,202501,338,155
중랑구,4812. 묵동 이마트 앞,202501,665,682
중랑구,4813. 망우지구대,202501,801,810
금천구,3956. 대륭테크노타운21차 앞,202501,338,369
금천구,3958. 롯데캐슬2차 마을버스 정류장(18804) 뒤편,202501,249,268
금천구,3959. 시흥사거리(시흥동 994-3 앞),202501,418,493
금천구,3963. 에이스 하드웨어(시흥대로 396) 앞,202501,499,547
금천구,3966. 독산역1번출구 B,202501,1288,1489
영등포구,4579. 국회의사당 본관,202501,276,210
영등포구,4580. 국회제2의원회관,202501,347,316
영등포구,4581. 국회소통관,202501,197,204
영등포구,4582. 국회도서관,202501,294,247
영등포구,4583. 의정관,202501,45,49
영등포구,4584. 국회2문,202501,76,62
동작구,4152. 상도효성해링턴플레이스,202501,188,143
동대문구,605. 신설동역8번출구,202501,658,663
동작구,4153. 흑석동효사정앞,202501,121,76
동작구,4158. 노량진근린공원,202501,120,39
동작구,4162. 노량진1동 청소년독서실,202501,92,25
동작구,4167. 구로교 아래,202501,609,471
동작구,4169. 신대방삼거리,202501,513,515
서초구,4303. 매헌역 2번출구앞광역버스 정류장앞(22-297),202501,491,486
서초구,4304. 서울고앞,202501,138,129
서초구,4305. 서일스포츠센터,202501,111,106
서초구,4306. 서래공원 앞,202501,277,277
서초구,4307. 고투몰 gate 15옆,202501,271,387
동대문구,606. 서울반도체고 앞,202501,82,110
서초구,4309. 서초케이타운앞,202501,23,23
서초구,4310. 염곡동(염통골) 입구,202501,141,145
서초구,4312. 반포미도2차아파트 옆,202501,203,205
서초구,4313. 반포종합운동장,202501,165,165
서초구,4315. 이투스교육 앞,202501,168,167
서초구,4316. 고속터미널역 3번출구,202501,305,212
서초구,4317. 양재근린공원,202501,519,523
서초구,4318. 방배역 2번 출구,202501,346,418
동대문구,607. 신이문역 2번출구,202501,336,363
강남구,3604. 삼성중앙역 5번출구,202501,304,255
강남구,3606. 신사동주민센터 옆,202501,282,402
강남구,3609. 언주초등학교 입구,202501,337,357
강남구,3610. 윗반마을 입구,202501,66,69
강남구,3611. 방죽마을 입구,202501,187,184
강남구,3612. 은곡마을,202501,148,196
강남구,3614. 은마아파트 입구 사거리,202501,652,663
강남구,3615. 서울 논현동우체국 앞,202501,130,127
동대문구,608. 전농삼성아파트,202501,225,205
강남구,3616. 역삼중학교 앞(체육관 방향),202501,107,90
강남구,3618. 서울율현초교 삼거리,202501,289,371
강남구,3620. 청담역 11번 출구,202501,33,31
강남구,3622. 은마아파트입구 사거리(1),202501,195,161
강남구,3623. 일원에코파크 앞(개포로 방면),202501,145,152
강남구,3624. 대모산입구역 7번 출구 앞,202501,96,96
강남구,3627. 압구정나들목,202501,445,437
강남구,3628. 역삼1동 주민센터,202501,509,651
동대문구,609. 제기2교,202501,800,826
강남구,3629. 청담사거리(신한오피스텔빌딩 앞),202501,64,164
강남구,3630. 개포우성6차아파트 정문 앞,202501,203,145
양천구,4528. 양천구청역 1번출구,202501,873,876
중구,4796. 부산은행,202501,826,790
영등포구,4585. 국회6문,202501,178,155
강동구,3676. 강동리엔파크9단지,202501,215,215
강동구,3685. 강동리엔파크14단지(1401동 앞),202501,347,302
노원구,4002. 상계주공 14단지 상가 앞,202501,463,460
동대문구,610. 동대문중 교차로,202501,710,651
노원구,4004. 당고개입구오거리 당현천변,202501,699,701
노원구,4005. 중계2차 한화꿈에그린 101동 인근,202501,570,566
노원구,4007. 노원 을지대학교 병원,202501,1019,1174
노원구,4008. 하계 어린이 공원,202501,523,477
노원구,4009. 월계프라자,202501,349,133
노원구,4011. 월계 센트럴 아이파크,202501,415,587
노원구,4013. 중계 롯데마트,202501,1068,1025
노원구,4014. 불암산역 3번 출구,202501,392,387
노원구,4017. 월계 청백1단지 아파트 정류장,202501,252,111
노원구,4018. 상계주공15단지 버스정류소,202501,408,398
동대문구,612. 시립동부병원 앞 사거리,202501,1530,1695
노원구,4019. 상계주공10단지 버스정류소,202501,640,634
노원구,4020. 중계동 성모빌딩 앞 ,202501,1074,1085
노원구,4021. 중계본동 입구,202501,118,59
노원구,4023. 월계역 1번 출구,202501,449,548
노원구,4024. 꿈의숲 SK뷰 아파트,202501,697,625
노원구,4025. 한천교 동편,202501,368,389
노원구,4026. 상계주공1단지아파트,202501,1425,1453
노원구,4028. 한일유앤아이아파트 105동 인근,202501,796,654
노원구,4029. 청소년수련관 후문,202501,2208,2271
노원구,4032. 불암주유소 앞,202501,872,872
동대문구,613. 신설동역 10번출구 앞,202501,841,920
노원구,4033. 녹천역 4번 출구 옆,202501,260,306
도봉구,4054. 창동한신아파트 버스정류소,202501,213,142
도봉구,4058. 다락원체육공원 전망대 입구,202501,156,187
도봉구,4062. 평화도봉공원 주변,202501,392,398
도봉구,4064. 신창아파트 입구 앞,202501,209,203
도봉구,4065. 창동역 1번출구 앞,202501,2216,2512
도봉구,4074. 도봉구육아종합지원센터(창동),202501,464,574
송파구,4863. 잠실나들목5,202501,119,116
노원구,4031. 청암예술학교 앞,202501,921,825
동대문구,614. 용두동 사거리,202501,1110,1143
도봉구,4073.방아골종합사회복지관,202501,389,359
성북구,4406. 장곡초등학교 앞,202501,328,329
강동구,3657. 서울천호동우체국,202501,1089,1093
강동구,3658. 프라이어팰리스아파트,202501,217,198
강동구,3659. 명일초등학교 옆,202501,100,93
강동구,3661. 명일동신동아아파트 앞,202501,111,99
강동구,3663. 암사정수센터교차로(강동롯데캐슬퍼스트아파트),202501,198,145
강동구,3664. 맥도날드 서울둔촌DT점 앞,202501,1476,1483
강동구,3665. 고덕센트럴 아이파크상가 앞,202501,338,277
동대문구,615. 용두동 래미안허브리츠아파트 앞,202501,875,911
강동구,3668. 성내삼성아파트,202501,2044,2057
강동구,3671. 둔촌동역교차로,202501,1151,1171
강동구,3673. 강동리버스트6단지,202501,195,188
강동구,3674. 강동리버스트7단지,202501,184,186
강동구,3675. 강동리버스트8단지,202501,285,299
강동구,3656. 둔촌푸르지오아파트,202501,822,820
강동구,3680. 강동역3번출구,202501,1639,1636
강동구,3681. 길동 마루빌딩,202501,2134,2208
동대문구,616. 서울시립대 정문 앞 A,202501,82,55
강동구,3682. 길동 동호빌딩,202501,236,223
강동구,3683. KT&G강동지사,202501,577,650
강서구,3770. 남부순환로 205,202501,333,235
구로구,3908. 오류동 다숲오피스텔 앞,202501,516,608
노원구,4016. 노원 마들스타디움,202501,414,417
송파구,4862. 성내교 남단,202501,131,119
송파구,4860. 가락쌍용2차아파트 103동,202501,407,371
양천구,4507. 신정제일시장,202501,558,542
동대문구,617. 청솔우성아파트 앞,202501,552,554
양천구,4508. 유원목동아파트 103동 앞,202501,2001,1975
양천구,4509. 서울영상고교 입구,202501,1885,1951
양천구,4510. 신정네거리역 교차로,202501,826,780
양천구,4512. 목동13_14단지 사거리,202501,741,534
양천구,4514. 목동성당 앞,202501,1563,1618
양천구,4515. 동문굿모닝탑,202501,2256,2267
양천구,4517. 성보하이드로빌딩,202501,511,503
양천구,4518. 청기와빌딩,202501,360,360
영등포구,227. 양평1나들목 보행통로 입구,202501,565,564
양천구,4520. 대성유니드아파트,202501,460,534
양천구,4522. 신곡시장,202501,895,1147
양천구,4523. 구립양천어르신요양센터,202501,37,14
양천구,4526. 목동아파트2단지 222동 앞,202501,748,743
양천구,4527. 목동신시가지아파트6단지,202501,1000,1060
은평구,4657. 본 서부병원 교차로 사거리,202501,597,602
은평구,4658. 녹번역1번출구앞,202501,198,197
은평구,4659. 신진과학기술고등학교 버스정류장(응암시장 방면),202501,555,581
은평구,"4663. 불광역3,6호선 버스정류장(동명여고 방면)",202501,342,326
은평구,4665. 응암역3번 출구(서부경찰서 방면),202501,237,247
영등포구,228. 선유도역 3번출구 앞,202501,1450,1531
은평구,4667. 폭포동입구 교차로,202501,151,93
은평구,4668. 기자촌사거리 B,202501,77,36
은평구,4671. 청구성심병원 앞,202501,304,296
은평구,4672. 준빌딩 앞,202501,94,90
은평구,4674. 녹번역e편한세상 캐슬 정문 앞,202501,396,379
중구,4794. 서울역 서부교차로(3),202501,844,977
성동구,4367. kt 행당빌딩 앞,202501,455,566
강남구,3634. 국악고교 앞 교차로,202501,262,262
강서구,3774. 마곡9단지 910동 상가앞,202501,1168,1076
영등포구,229. 양평1 보행육교 앞,202501,1129,1133
강서구,3801. 이랜드글로벌R&D센터,202501,147,173
노원구,4027. 한내 행복발전소 옆,202501,1521,1522
노원구,4036. 하계역 6번출구,202501,1009,1193
성북구,4408. 돌곶이역 앞,202501,979,1135
양천구,4530. 방아다리어린이공원,202501,551,541
중랑구,4815. 중랑데시앙플렉스 앞,202501,176,190
송파구,4864. 송파사거리,202501,1283,1294
송파구,4865. 한성백제역 1번출구 뒤,202501,1258,1250
송파구,4867. 가락대림아파트 앞,202501,340,342
도봉구,4077. 도봉제1교,202501,493,504
마포구,126. 서강대 후문 옆,202501,368,372
영등포구,231. 남부고용노동지청 남측,202501,1353,1367
영등포구,4576.보라매sk뷰 108동 앞,202501,512,505
영등포구,4578.보라매sk뷰,202501,271,239
동작구,4175. 대방역2번출구,202501,386,454
노원구,4035. 휴플러스 수락한신아파트 101동 앞,202501,322,301
중구,4777. 약수동 주민센터,202501,49,49
영등포구,4552. 코레일유통본사,202501,498,530
영등포구,4553. 당산삼성2차아파트,202501,1485,1413
영등포구,4555. 대림우성2차아파트,202501,275,260
영등포구,4558. 대영중고 후문,202501,472,525
영등포구,232. 양평우림 이비즈센타 앞,202501,1648,1641
영등포구,4559. 신길역 2번출구,202501,956,765
영등포구,4560. 양평동성원아파트,202501,936,993
영등포구,4561. 양평역 1번출구,202501,2376,2348
영등포구,4563. 여의도 은하아파트,202501,336,377
영등포구,4564. 63스퀘어,202501,1184,1209
영등포구,4565. 영등포 신세계백화점,202501,2736,2752
영등포구,4566. 대림성원상떼빌아파트,202501,1069,1295
영등포구,4567. 한림대학교 강남성심병원 신관,202501,843,944
영등포구,4569. 힐스테이트클래시안아파트,202501,585,573
영등포구,233. 양평1동 YP센터 앞,202501,491,528
영등포구,4571. 문래동롯데캐슬아파트,202501,2463,2350
영등포구,4573. 두산위브아파트,202501,457,414
영등포구,4574. 영등포시장역 포레나영등포,202501,2501,2524
영등포구,4575. 대림동 e편한세상영등포아델포레,202501,1339,1345
은평구,4676. 갈현1동 주민센터,202501,112,110
은평구,4677. 백련산 SK뷰 아이파크 해모로 아파트 앞,202501,686,744
동작구,4173. 중대후문 마을버스정류장,202501,222,191
구로구,3910. 목양전원교회 앞 로터리,202501,148,163
구로구,3911. 항동하버리안2단지아파트 후문,202501,104,108
광진구,3880. 홍련봉 공원,202501,451,282
강서구,3762. 마곡9단지 907동앞,202501,993,856
강서구,3785. 마곡14단지 1408동앞,202501,1206,1095
송파구,4868. 석촌호수 서호 남단,202501,1778,1788
성동구,4370. 성동교 사거리,202501,232,185
노원구,4037. 물넘이교,202501,1158,1157
강남구,3636. 삼성중앙역·플래티넘아파트 정류소,202501,288,248
강남구,3637. 세곡데이케어센터,202501,166,132
강남구,3638. 신청담나들목,202501,105,102
영등포구,235. 신길동 우리은행 옆,202501,317,301
강동구,3688. 상일동산(동아아파트앞 교차로),202501,123,123
관악구,3812. KT관악지점,202501,433,421
광진구,3879. 중랑천 뚝방길 산책로 입구,202501,541,567
양천구,4531. 목동아파트 613동 앞,202501,2218,2109
중구,4797. KG타워 앞,202501,378,419
중랑구,4819. 면목동 새싹어린이공원 앞,202501,668,678
강남구,3640. 일원1동주민센터앞 사거리,202501,614,675
도봉구,4078. 원당공원 앞,202501,413,414
영등포구,236. 문래동자이아파트 앞,202501,1754,1865
관악구,3811.신사로입구,202501,988,954
영등포구,4588.양남사거리2,202501,567,593
서초구,4322.서울추모공원 입구,202501,22,23
강동구,3684. 고덕자이(105동 앞),202501,459,479
구로구,3912. 삼호아파트 앞,202501,331,311
성동구,4363. 신금호역 2번출구 앞,202501,11,9
강서구,3757. 신방화역 6번출구,202501,1150,1144
강서구,3758. 서울남부출입국관리소,202501,1633,967
노원구,4039. 서울시 북부여성발전센터,202501,521,471
동작구,237. 보라매 두산위브 건너편,202501,1050,1066
중랑구,4820. 망우역 2번 출구,202501,823,809
노원구,4040. 공릉로 26길,202501,344,378
강동구,3686. 고덕 래미안 힐스테이트(101동),202501,241,241
광진구,3881. 신자초교입구 교차로,202501,1902,1892
용산구,4603. 한강GS에클라트 건너편 교통섬,202501,343,310
강남구,3641. 대청역,202501,445,438
강남구,3643. 더시그넘하우스 앞,202501,259,292
강남구,3644. 상록수아파트,202501,233,118
영등포구,238. 제2구민체육센타 앞,202501,1890,1907
강남구,4902. 구역삼세무서 교차로,202501,359,362
강서구,5052. 마곡역 7번출구,202501,3559,3914
관악구,3813. 낙성대역 5번출구,202501,188,190
관악구,3814. 난곡사거리 ,202501,682,673
마포구,4216. 망원정 앞,202501,407,414
서초구,4323. 내곡도서관,202501,74,70
송파구,4870. 몽촌토성역 3번 출구,202501,2407,2346
송파구,4871. 오금동 대림아파트 정문,202501,293,295
송파구,4872. 개롱역 3번 출구 뒤,202501,460,460
양천구,4532. 목동현대아파트 후문 앞,202501,1043,963
영등포구,239. 유스호스텔 앞,202501,728,689
용산구,4632. 용산 푸르지오 파크타운 1단지 앞,202501,191,105
강남구,3646. 선정릉역 4번 출구,202501,147,142
강서구,5053. 신마곡벽산블루밍메트로오피스텔앞,202501,801,876
강서구,5055. 마곡역5번출구앞,202501,1082,1279
강서구,5057. 마곡역4번출구,202501,1183,1208
강서구,5059. 화곡2동주민센터,202501,627,654
강서구,5061. 우장산동 가곡어린이공원앞,202501,2090,2242
영등포구,240. 문래역 4번출구 앞,202501,2515,2397
광진구,3882. 자양2동 주민센터,202501,1090,1072
구로구,3914. 신도림쌍용플래티넘노블아파트 앞,202501,1249,1158
금천구,3967. 혜명양로원 담장 옆(2),202501,169,102
금천구,3968. 독산동 현대홈타운 금천과선교 앞,202501,375,292
금천구,3969. 독산역 롯데캐슬 104동 앞,202501,280,228
노원구,4041. 공릉역3번출구,202501,1070,1223
서대문구,4255. 래미안 루센티아 아파트 108동 앞,202501,609,451
성북구,4411. 동산어린이공원 앞,202501,613,611
영등포구,4589. KRX한국거래소(1),202501,525,536
마포구,127. 현대벤처빌 앞,202501,144,88
영등포구,241. 신길우성1차아파트 앞 공원,202501,596,591
영등포구,4591. 신길자이아파트,202501,461,90
영등포구,4592. 신길우성4차아파트,202501,865,946
중구,4798. 황학동롯데캐슬,202501,1077,1107
중랑구,4826. 홈플러스 면목점,202501,301,294
마포구,4217. 한강공원 망원나들목,202501,2490,2715
중랑구,4825. 신내동 벽산아파트 후문 앞,202501,640,562
강남구,3642. 강남자곡힐스테이트,202501,344,124
강동구,3689. 강일역 3번출구,202501,315,284
강동구,3690. 강일역 4번출구,202501,168,147
영등포구,242. 신길선원가와인아파트 앞,202501,606,346
금천구,3970. 시흥4동주민센터 앞,202501,139,137
금천구,3971. 순흥안씨묘 건너편,202501,6,4
금천구,3972. 산기슭공원 앞,202501,116,52
금천구,3973. 독산2동주민센터 앞,202501,179,82
노원구,4042. 상계문화정보도서관,202501,438,442
송파구,4873. 개롱역사거리 2번 출구,202501,499,491
송파구,4874. 탄천1교 하부보도,202501,300,295
송파구,4875. 위례포레샤인13단지,202501,197,178
영등포구,243. 이앤씨드림타워 앞,202501,2292,2353
영등포구,4594. 양평교 영등포대여소,202501,1004,1032
중랑구,4823. 방정환교육지원센터 옆,202501,462,481
중랑구,4824. 상봉신협 앞,202501,890,832
종로구,4715. 돈의문 박물관 마을,202501,299,287
용산구,4633. 센트럴파크타워 앞,202501,330,372
강남구,3647. 구룡역 1번 출구,202501,298,260
강남구,3648. 구룡역 4번 출구,202501,67,64
강남구,3649. 구룡역 5번 출구,202501,205,205
강동구,3692. 둔촌오륜역 1번 출구,202501,489,427
영등포구,244. 영등포삼환아파트 앞,202501,1058,930
금천구,3974.  안천중학교,202501,150,139
금천구,3983. 금천구청역 1번 출구,202501,580,775
서초구,4324. 세화고등학교,202501,72,94
성북구,4414. 안암역 3번 출구,202501,317,312
송파구,4879. 마천청소년센터,202501,105,104
송파구,4881. 거여동사거리 송파둘레길 입구,202501,131,130
송파구,4882. 위례포레샤인18단지 1802동,202501,164,136
송파구,4883. 위례포레샤인18단지 1812동,202501,189,9
영등포구,245. 삼성생명 당산사옥 앞,202501,2075,2104
송파구,4888. 둔촌오륜역 2번출구,202501,279,199
송파구,4889. 마천역 1번 출구 인근②,202501,310,312
중랑구,4827. 신내SK V1센터 앞,202501,132,105
강서구,5064. 양천향교역8번출구,202501,1419,1493
강서구,5065. 허준박물관삼거리,202501,780,771
강서구,5066. 아망떼마곡전시장,202501,1199,1522
강서구,5067. 주원 리젠트 앞,202501,373,377
강서구,5072. 김포공항입구 교통섬,202501,250,248
관악구,3815. 광일빌딩,202501,429,435
구로구,3915. 동선아파트 앞,202501,89,83
영등포구,247. 당산역 10번출구 앞,202501,2629,2682
중랑구,4828. 신내동 한살림 중랑지구 앞,202501,491,510
중랑구,4829. 신내동 한살림 중랑지구 건너편,202501,156,142
노원구,4043. 상계주공13단지 1301동,202501,132,73
노원구,4044. 공릉산 백세문 입구,202501,61,62
은평구,4678. 백련산로 녹번센트레빌 ,202501,261,217
송파구,4880. 송파청소년센터,202501,464,483
영등포구,4598. 오목교 동측 지하보도,202501,813,805
영등포구,4599. 대림우성아파트 사거리,202501,253,262
영등포구,248. 초원아파트 앞,202501,347,342
양천구,4535. 목동12단지 아파트,202501,1638,1559
양천구,4536. 양천해누리체육공원,202501,350,430
서초구,4329. SC제일은행 양재동지점 앞,202501,180,170
금천구,3985. 디폴리스 지식산업센터,202501,380,441
강서구,5070. 마곡13단지힐스테이트마스터 후문(1320동 앞),202501,2243,2218
강동구,3694. 강동리엔파크 13단지(1303동 앞),202501,363,371
도봉구,4080. 창동주공19단지앞 ,202501,698,691
중랑구,4834. 용마복지센터 앞,202501,187,109
영등포구,249. 여의도중학교 옆,202501,312,339
성북구,4415. 미아초교버스승강장,202501,26,26
노원구,4045. 은하수 공원,202501,321,318
송파구,4893. 문정법조단지12,202501,1414,1574
마포구,4218. 디지털매직스페이스,202501,1068,1119
마포구,4220. 신촌 청년주택,202501,806,902
마포구,4221. 솔리스타오피스텔(공덕동주민센터),202501,314,45
마포구,4224. 서부운전면허시험장,202501,434,473
마포구,4226. 마포프레스티지자이 1,202501,479,405
마포구,4233. 코오롱아파트사거리,202501,1814,1820
영등포구,250. 대림아파트 사거리,202501,278,246
마포구,4234. 에스테반,202501,201,123
마포구,4238. 상암한샘빌딩앞,202501,493,515
마포구,4240. 아현문화건강센터,202501,61,6
송파구,4884. H비즈니스파크,202501,750,829
송파구,4885. 가든파이브 리빙관,202501,206,211
송파구,4886. 배명고등학교 건너편,202501,449,515
송파구,4887. 호돌이상가,202501,404,430
송파구,4895. 송파레이크힐 상가,202501,453,461
송파구,4896. 송파레이크힐,202501,61,55
영등포구,251. 서울지방병무청 버스정류장,202501,426,393
송파구,4897. 잠실주공5단지1,202501,1923,1941
강서구,5073. 우장산역 헤링턴타워 앞,202501,801,685
강서구,"5074. 마곡엠밸리14단지 버스정류장(마곡엠밸리11,12단지상가방면)",202501,2135,2154
강서구,5075. 등촌역 1번출구,202501,616,585
관악구,3816. 관악 GSfresh,202501,433,359
관악구,3818. 은천교회 앞,202501,802,755
구로구,3918. 이좋은집오피스텔 앞,202501,257,426
금천구,3984. 가산롯데아이티캐슬,202501,501,532
서대문구,128. 신촌역(2호선) 1번출구 옆,202501,410,528
영등포구,252. 보라매역4번출구,202501,785,957
성동구,4373. 서울숲 지식산업센터,202501,1410,1538
성동구,4377. 우영테크노센터 앞,202501,923,1222
송파구,4891. 위례포레나송파,202501,343,345
송파구,4892. 성내유수지 체육공원,202501,108,102
중랑구,4835. 망우동 본죽 앞,202501,339,337
마포구,4222. 서울디자인고등학교 앞,202501,616,788
서초구,4327. 몽마르뜨공원입구,202501,106,33
영등포구,4600. 서울 영등포구 우체국,202501,1104,1103
광진구,3886.광진구 민방위교육센터,202501,699,674
구로구,3919. 구로역·NC신구로점 버스정류장(구로역 방면),202501,788,780
노원구,5301. 상계주공1단지 버스정류장 옆(대원빌딩 앞),202501,1311,1332
마포구,4244. 당인리발전소 공원 앞,202501,500,567
마포구,4246. 상수역새마을금고,202501,363,353
영등포구,254. 도림신협 앞,202501,996,981
마포구,4247. 서울서부지방법원등기국앞,202501,203,218
마포구,4248. 신촌 교보빌딩,202501,204,176
중랑구,4836. 양원역 1번 출구,202501,176,177
중랑구,4837. 양원지구 힐데스하임 앞,202501,207,164
중랑구,4838.동원사거리 행복오피스텔 앞,202501,292,200
도봉구,4083.도봉아이나라도서관 앞,202501,539,541
서대문구,4266.국민연금공단충정로사옥,202501,153,129
은평구,4681.박석고개(은평소방서) 앞,202501,71,66
금천구,3975.현대시티아울렛 가산,202501,839,886
영등포구,255. 도림사거리,202501,815,835
영등포구,4601.양평역2번출구 뒤,202501,606,532
강서구,5076. 메이필드호텔앞,202501,492,499
금천구,3980. 금천현대홈타운 후문 서부샛길,202501,533,471
서대문구,4264. 홍남교 버스정류장,202501,249,249
중랑구,4840. 서울시 북부병원 앞,202501,142,167
중랑구,4830. 신내 우디안 111동 앞,202501,95,50
구로구,3917. 성공회대학교,202501,244,115
성북구,4419. 성북구 한예종 캠퍼스 본관,202501,136,129
성북구,4420. 성북구 한예종 캠퍼스 별관,202501,151,174
영등포구,256. 동아에코빌입구,202501,710,681
영등포구,5851. 도림천 건널목 위,202501,1013,881
영등포구,5852. 대림동현대2차 201동 앞,202501,222,176
성동구,4381. 더스페이스타워 앞,202501,535,590
성동구,4382. 페코텍글로벌허브빌딩 앞,202501,1482,1781
성동구,4383. 푸조비즈타워 앞,202501,1097,1492
성북구,4417. 성북청소년문화의집,202501,88,30
성북구,4418. 종암동 동덕여대 제2생활관 앞,202501,714,760
양천구,4537. 서울남부지방검찰청 후문 ,202501,1111,909
양천구,4538. 양천공영차고지,202501,85,98
강남구,3651. 개포동역 4번출구,202501,426,527
도봉구,4084. 도봉동실내스포츠센터,202501,367,346
서대문구,4267. 서대문역 2번 출구,202501,560,548
중구,4800. 필동 삼거리,202501,422,420
중구,4801. 충정로역 2호선(엘리베이터 앞),202501,388,57
용산구,4621. 남산도서관 앞,202501,421,80
구로구,3920. 개봉역2번출구 B,202501,253,273
용산구,4634. 이태원역 3번 출구,202501,278,205
은평구,4683. 은평 성모병원 사거리,202501,191,145
양천구,4539. 목동7단지아파트 A상가,202501,529,479
영등포구,258. 신길역3번출구,202501,1112,1129
노원구,5306. 동신아파트 후문 옆,202501,1343,1445
영등포구,5853. 여의도역2번출구 앞,202501,968,991
서대문구,4269. 연희IC 남측,202501,379,360
노원구,5305. 대륜E&S 서울지사 앞,202501,456,469
동작구,4177. 롯데캐슬 101동 앞,202501,135,76
동작구,4178. 이수성결교회 옆,202501,28,35
강남구,4903. 신사스퀘어,202501,133,140
구로구,3922. 서울남부교정시설 앞,202501,245,237
강서구,5078. 왈도강서캠퍼스 앞,202501,672,670
송파구,5751. 송파여성축구장,202501,129,116
영등포구,259. 대방역6번출구,202501,1702,1702
송파구,5752. 풍납백제문화공원 옆 인근,202501,1443,1503
송파구,5753. 호반써밋,202501,297,282
종로구,4718. 광화문역 6번출구 옆 A,202501,399,403
은평구,4684. 응암2동주민센터 버스정류장(영락중학교 방면),202501,233,42
강남구,4906. 섬유센터 앞,202501,821,830
강남구,4907. 극동스포츠 앞,202501,251,212
강남구,4905. 강남경찰서,202501,511,500
양천구,700. KB국민은행 염창역 지점 앞,202501,632,546
용산구,4636. 용산구꿈나무종합타운 앞,202501,385,420
용산구,4637. 용산시티파크 101동 앞,202501,219,222
용산구,4638. 청파동삼거리 앞,202501,306,327
용산구,4639. 동빙고근린공원,202501,269,286
강서구,5080. 가양역 1번출구,202501,1915,2166
강동구,3698. 명일역 3번출구 옆,202501,636,638
서초구,4332. 이수교차로,202501,536,572
강동구,3699. 상일파출소 옆,202501,549,562
구로구,3923. 구로공구상가 앞,202501,152,145
양천구,4541. 갈산문화예술센터,202501,1019,1041
양천구,701. 목동사거리 부근,202501,1034,1041
종로구,4719. 종로문화원 건너편,202501,570,575
도봉구,4086. 도봉로 534,202501,269,254
도봉구,4087. 우이교 교차로,202501,731,738
도봉구,4088. 김근태도서관,202501,135,87
강서구,5082. 가양역 7번출구,202501,2876,3307
은평구,4685. DMC역 5번 출구(수색역 방향),202501,810,799
강남구,4908. SB타워 앞,202501,143,180
노원구,5308. 상계신동아아파트,202501,64,35
강동구,3700. 강변그대가리버뷰 입구 맞은편,202501,510,565
성동구,4385. 용답동 우체국 주변,202501,877,858
마포구,129. 신촌역(2호선) 6번출구 옆,202501,266,278
양천구,702. 목4동주민센터 옆,202501,1147,1133
강서구,5084. 강서우체국,202501,832,677
노원구,5309. 월계 롯데캐슬아파트 뒤,202501,551,561
영등포구,5857. U레지던스 앞,202501,504,514
구로구,3924. 오류동 계림웨스트밸리 앞,202501,93,80
양천구,4540. 목동역 3번 출구,202501,1948,2036
동작구,4179. 보라매병원역 1번출구,202501,2093,2150
동작구,4180. 흑석동주민센터 입구,202501,92,133
서대문구,4271. 충정로역 1번 출구,202501,162,96
강남구,4909. 노보텔 앰배서더 앞,202501,163,86
강남구,4911. 도곡동 골프 로데오거리,202501,174,171
양천구,703. 오목교역 7번출구 앞,202501,2215,2448
노원구,5310. 목련아파트,202501,358,331
강남구,4913. 레베쌍트 빌딩 앞,202501,99,122
강남구,4914. 도심공항타워 앞,202501,677,778
서대문구,4272. 홍남교 사거리,202501,588,604
서대문구,4273. 홍연2교 사거리,202501,320,319
강남구,4915. 영동중앙교회 버스정류장,202501,100,99
노원구,5311. 주공601동 상가 노원지하보도 앞,202501,1181,1218
동작구,4181. 보라매공원역 2번출구,202501,515,511
강서구,5086. 가양테크노타운,202501,313,343
도봉구,4089. 동부센트레빌 앞,202501,664,677
양천구,704. 남부법원검찰청 교차로,202501,1357,1388
성동구,4386. 현대자동차 동부서비스센터 주변,202501,696,676
성동구,4387. 성수역 1번출구 주변,202501,874,942
노원구,5314. 월계1동주민센터 앞,202501,455,482
노원구,5313. 중계주공2단지 앞,202501,455,452
구로구,3925. 중앙유통단지 앞 B,202501,457,502
강서구,5088. 등촌역 센터스퀘어,202501,636,591
은평구,4686. 우물골 근린공원,202501,270,260
은평구,4687. 역촌센트레빌아파트 101동 앞,202501,204,76
강서구,5089. LG사이언스파크 E10동,202501,1214,1214
강서구,5087. 연세강서빌딩,202501,1116,1065
양천구,706. 신정네거리역,202501,638,562
마포구,5503. 마포아트센터 앞,202501,796,749
송파구,5756. 극동아파트,202501,483,469
송파구,5758. 올림픽선수기자촌아파트 123동 근처,202501,418,234
노원구,5315. 불암산역 앞,202501,141,139
용산구,4640. 원효로2가 교차로,202501,432,570
강서구,5090. 대상연구소,202501,426,624
용산구,4641. 아메리칸센터,202501,270,335
서대문구,4270. 우국한마음 아파트 맞은편,202501,606,630
서대문구,4274. 신촌 파랑고래 입구,202501,493,514
송파구,5759. 풍납근린공원,202501,438,431
영등포구,5858. 영등포역5번출구,202501,2885,3296
관악구,3819. 서울대벤처타운역,202501,341,387
서초구,4333. 서울고등학교 건너편,202501,141,137
강서구,5091. 보타닉파크타워2,202501,907,936
양천구,4542. 월정초 사거리,202501,386,399
강동구,4951. 강동농협 버스정류소 앞(광채빌라),202501,411,397
송파구,5760. 풍납사거리 성내유수지,202501,503,487
노원구,5318. 극동의 푸른별 아파트 뒤(중계4동주민센터 앞),202501,343,318
양천구,708. 서울출입국관리사무소 앞,202501,2487,2660
송파구,5763. 세륜초등학교 건너편,202501,67,68
송파구,5764. 한국체육대학교,202501,270,278
강북구,3720. 우이천 창번교,202501,265,277
송파구,5761. 버섯분수대,202501,431,421
강동구,3701. 방아삼거리,202501,163,146
동대문구,4128.  종암초등학교 뒤(새울센스빌),202501,358,335
서초구,4334. 인재개발원 데이터센터,202501,41,1
성북구,4421. 롯데캐슬클라시아 입구 앞,202501,50,47
용산구,4642. 용산더프라임아파트 101동 앞,202501,171,171
양천구,709. 신정3동 현장민원실 앞,202501,336,328
영등포구,5859. 여의도 삼부아파트,202501,955,950
중구,6053. 중부세무서 앞,202501,141,104
송파구,5765. 삼전동주민센터 건너편,202501,1007,1168
양천구,4543. 오목교역 6번 출구,202501,2154,2627
강남구,4916. 청담역 1번출구,202501,57,51
동대문구,4131. 베네스트 오피스텔 앞,202501,387,386
관악구,3820. 은천삼거리,202501,180,179
노원구,5317. 공릉동 신도1차 아파트 뒤,202501,597,679
중랑구,4841. 중화수경공원,202501,737,753
은평구,4689. 은평서해그랑블아파트앞,202501,368,228
양천구,710. 금옥여고보도육교,202501,187,166
영등포구,5861. 보라주유소 앞,202501,389,407
영등포구,5860. 어울림병원 앞,202501,700,746
도봉구,4091. 방학역2번출구,202501,784,829
동대문구,4132. 이문삼익아파트 앞,202501,121,118
노원구,5319. 연해피빌 앞,202501,687,686
도봉구,4090. 녹천교 앞 사거리,202501,494,479
도봉구,4092. 도봉경찰서 교차로,202501,552,550
강남구,4919. 학여울역사거리(은마아파트),202501,97,98
강남구,4917. 일원에코파크 주차장,202501,450,524
양천구,711. 신일해피트리아파트 앞,202501,587,178
서초구,4336. 서울교육청 교육연수원 앞,202501,46,19
서초구,4337. 우면산등산로 입구,202501,57,5
구로구,3927. 구로월드아파트 앞,202501,751,832
강북구,3724. 삼양동주민센터 앞,202501,214,176
강남구,4918. 매봉역 1번출구,202501,298,367
영등포구,5862. 당산역11번출구,202501,2499,2573
광진구,3890. 웰츠타워 오피스텔,202501,1025,1040
구로구,3930. 온수역 2번 출구 앞,202501,283,275
양천구,712. 강월초교입구 사거리,202501,386,462
송파구,5766. 북위례1,202501,142,68
송파구,5767. 북위례2,202501,104,103
노원구,5320. 국제 스케이트장,202501,32,16
강북구,3725. 강북 청소년 문화정보도서관 앞,202501,273,270
구로구,3929. 고척아이파크아파트 205동 앞,202501,576,500
구로구,3928.고척아이파크아파트 106동 앞,202501,695,699
금천구,3986.청년주택 독산동점,202501,438,435
도봉구,4094.도봉여성센터,202501,213,227
동대문구,4133.래미안허브리츠아파트 앞,202501,441,460
관악구,"3822.신림4,5동교",202501,228,189
마포구,130. 신촌역(2호선) 7번출구 앞,202501,922,964
양천구,713. 양서중학교 옆,202501,427,391
영등포구,5864.장훈고 앞,202501,504,578
은평구,4690.은평뉴타운폭포동 힐스테이트4단지,202501,62,39
서대문구,4275.농협생명본사빌딩 서관,202501,334,353
성북구,4423.현대백화점 미아점,202501,313,321
영등포구,5865.더리브오피스텔 앞,202501,853,762
성동구,4389. 서울숲역3번출구,202501,133,131
동대문구,4134. 제기동 현대아파트 앞,202501,222,189
강남구,4923.수협대치동지점,202501,400,364
강남구,4924.논현동가구거리,202501,202,196
강동구,4952.천호시장 버스정류소 옆,202501,664,664
양천구,714. 한국SGI 양천문화회관 앞,202501,395,363
중구,6054.청구e편한세상아파트 113동 앞,202501,649,678
노원구,5321.불암아파트 앞,202501,439,436
영등포구,5866.포레나 당산,202501,2007,1947
마포구,5504.아현교회,202501,152,15
송파구,5768.방이삼거리,202501,2415,2719
양천구,4544.경창시장,202501,374,599
서초구,4338.새정이마을버스정류장 앞,202501,6,1
노원구,5322.노원성당 앞,202501,324,328
금천구,3987. LG전자가산A와 가산테라타워 사이,202501,708,705
용산구,800. 목월공원 앞,202501,391,323
서초구,4340. 방배래미안아트힐아파트 앞,202501,141,35
서초구,4341. 영동1교 북단,202501,339,342
구로구,3932. 개봉센트레빌레우스아파트 앞,202501,98,86
구로구,3931. 천왕역 3번 출구 뒤,202501,526,319
양천구,4545. 청소년음악센터,202501,289,256
구로구,3934. 철도교통관제센터 정문 앞,202501,1424,1429
강서구,5095. 원당근린공원,202501,1636,1632
양천구,4546. 목동운동장 주경기장,202501,213,278
성동구,4390. 신답역 1번출구,202501,242,241
송파구,5774. 가락본동주민센터 인근,202501,723,743
송파구,5773. 송파시그니처롯데캐슬,202501,140,162
중랑구,4842. 면목라온프라이빗 아파트,202501,308,396
강북구,3726.삼양동사거리,202501,197,189
영등포구,5867. H타워 앞,202501,1899,1802
금천구,3988. 엘아르베뉴 102동 앞,202501,711,720
구로구,3933. 오류동부골든아파트 후문 옆,202501,206,48
영등포구,5868. 로프트시티오피스텔,202501,1192,1186
영등포구,5870. LG트윈타워 앞,202501,1060,1034
용산구,802. 한강진역 2번 출구 앞,202501,243,170
강남구,4926. 대치우성아파트 사거리,202501,504,497
영등포구,5869. 영등포아트홀 앞,202501,428,514
송파구,5775. 가락시장역 5번출구,202501,381,442
강남구,4925. 청담백영빌딩 앞,202501,93,128
마포구,5506. 월드컵참누리아파트,202501,422,449
강남구,4928. 교수마을 입구,202501,144,141
송파구,5777. 호반써밋12단지,202501,346,293
강동구,4953. 세양청마루아파트 앞,202501,733,734
용산구,4643. 한가람아파트 앞,202501,293,318
영등포구,5871. 건영상가 앞,202501,341,359
강서구,5096. LG사이언스파크 E14동,202501,2318,3039
구로구,3935. 고대구로병원 앞,202501,653,621
중랑구,4843. 봉화산역 4번 출구,202501,489,551
강남구,4929. 파스쿠찌 청담사거리점 앞,202501,176,199
중구,6055. 한국경제,202501,218,237
노원구,5323. 하계역 4번출구 앞,202501,750,747
서초구,4343. 헌인릉 입구,202501,19,11
동대문구,4135. 삼성생명 앞,202501,1250,1275
강서구,5097. LG사이언스파크 E2동,202501,629,608
용산구,805. 문배어린이공원 앞,202501,439,457
강서구,5099. LG사이언스파크 E7동,202501,1066,1225
강서구,5098. LG사이언스파크 W4동,202501,604,586
노원구,5326. 대진고교앞 교차로,202501,744,709
강서구,5100. 강서도로사업소,202501,247,271
성북구,4425. 하늘채코오롱아파트 앞,202501,475,515
성동구,4393. 상원삼거리 장안철교 아래,202501,503,506
노원구,5325.상계주공7단지 아파트 앞,202501,493,427
성동구,4392. 답십리역 6번출구,202501,714,753
강남구,4930. 학여울역 1번출구,202501,151,130
도봉구,4095. 방학브라운스톤아파트,202501,388,393
용산구,806. 전자랜드 본관 앞,202501,486,483
노원구,5327. 태릉선수촌 앞,202501,25,21
마포구,5507. 아현래미안푸르지오아파트 104동 앞,202501,124,28
마포구,5508. 성산유수지공원,202501,638,650
송파구,5778. 북위례3,202501,197,99
노원구,5328.롯데캐슬시그니처아파트 앞,202501,469,353
중랑구,4845. 신내역금강펜테리움센트럴파크,202501,28,20
강서구,6171. 월드빌딩 앞,202501,633,640
성동구,4394.서울시립24시간게스트하우스,202501,360,400
노원구,5329. 상계주공15단지 1509동 앞,202501,427,392
은평구,4693. 수색감리교회,202501,839,834
용산구,807. 서울역 12번 출구 앞,202501,399,435
노원구,5330. 구립수락노인종합복지관,202501,318,337
강서구,6172. 가양5단지아파트,202501,234,189
노원구,5331. 공릉동 풍림아파트 112동 앞,202501,128,130
영등포구,5872. 서경팰리스 앞,202501,466,514
강서구,6173. 서울자동차운전전문학원,202501,175,176
송파구,5779. 나래교,202501,126,123
동대문구,4136. 롯데캐슬SKY-L65 D동 앞,202501,862,879
노원구,5332. 마들역 4번출구,202501,476,474
노원구,5333. 노원역9번-10번 출구 앞,202501,1304,1405
노원구,5335. 하계역 1번 출구,202501,491,500
용산구,808. 서빙고동 금호맨션 앞,202501,113,136
노원구,5334. 화랑대역 3번출구,202501,137,133
중구,6057. 을지로5가(방산시장),202501,304,330
노원구,5336. 월계 고등학교 앞,202501,62,40
노원구,5337. 태강릉 앞,202501,59,50
강남구,4932. 개포래미안포레스트 130동 맞은편,202501,166,165
송파구,5780. 송파세무서,202501,113,113
강남구,4933. 디에이치퍼스티어아이파크 159동 앞,202501,78,79
중구,6058. 서울도시건축전시관 옆,202501,1187,1280
서초구,4344. 양재대로(구룡지하차도 앞),202501,115,114
노원구,5339. 은빛1단지 아파트 앞,202501,79,58
서대문구,131. 증산2교,202501,899,999
용산구,809. 한남 유수지 복개주차장,202501,287,332
송파구,5781. 올림픽공원 수영장,202501,217,272
노원구,5338. 상계초교 입구 교차로,202501,651,690
강남구,4935. 도곡삼성래미안,202501,189,198
구로구,3936. 힐스테이트 신도림역,202501,1204,1124
양천구,4547. 목동역 2번 출구,202501,1650,1736
중구,6059. 덕수중학교,202501,317,319
구로구,3937. 개봉역 신영지웰에스테이트,202501,69,68
강남구,4931. 디에이치퍼스티어아이파크 124동 앞,202501,399,305
광진구,3894. 노룬산시장 앞,202501,734,726
용산구,810. 이태원지하보도,202501,237,234
서초구,4345. 반포역 4번출구,202501,127,147
구로구,3939.신도림역 3번출구,202501,2292,2750
강동구,4954. 신명초등학교 건너편,202501,232,182
영등포구,5876. 에이스하이테크시티 4동 앞,202501,356,433
영등포구,5877. 문래동 꽃밭정원,202501,389,414
영등포구,5878. 우리은행 앞,202501,1158,1183
동대문구,4137. 답십리역 4번출구,202501,1469,1594
동대문구,4138. 조일빌딩 앞,202501,397,411
영등포구,5879. 국회도서관 2문 앞,202501,93,80
영등포구,5880. 국회박물관,202501,72,56
용산구,811. 녹사평역1번출구,202501,162,76
성동구,4396. 마장축산물시장 서문 인근,202501,239,245
성동구,4397. 마장축산물시장 북문 건너편,202501,428,507
영등포구,5881. 세계청소년NGO교육문화원,202501,977,966
영등포구,5882. 휴젠느,202501,1444,1353
강서구,6177. 마곡롯데캐슬르웨스트,202501,1284,1279
성동구,4398. 유원지식산업센터 앞,202501,651,629
성동구,4399. 더리브 세종타워 앞,202501,739,741
강서구,6176. 유광사 여성병원 앞,202501,324,324
동대문구,4139. 답십리 사거리,202501,408,422
강동구,4957. 신명초교 교차로,202501,480,390
영등포구,5883. 영문초사거리,202501,1501,1632
영등포구,5884. GS강서타워,202501,1075,1211
서초구,4347. 논현지하보도,202501,354,352
동대문구,4140. 신설동역 4번출구,202501,614,638
동대문구,4141. 우리은행장안지점 앞,202501,1072,1103
강동구,4958. 고덕래미안힐스테이트 아파트 211동,202501,139,56
강동구,4959. 암사역사공원역 3번출구,202501,108,138
강서구,6178. 마스터밸류에이스 지식산업센터,202501,299,303
노원구,5342. 상계공원 입구,202501,209,227
광진구,3898. 올림픽대교 북단,202501,808,812
용산구,813. 삼각지역 3번출구,202501,309,334
광진구,3899. 아차산역 2번출구,202501,486,468
영등포구,5885. 신정교하부(도림천역 방면),202501,470,341
중구,6060. 신한은행 본점,202501,493,499
송파구,5782. 오금현대 아파트 상가입구 앞,202501,309,294
성북구,4427. 동일하이빌뉴시티,202501,276,263
중랑구,4846. 상봉동양엔파트 앞,202501,346,341
중랑구,4847. 신내역시티프라디움 앞,202501,258,242
서대문구,4277. 서대문우체국 정류소 옆,202501,102,102
강남구,4936. SK텔레콤(T1) 인근,202501,50,44
서대문구,4278. 홍은2동주민센터,202501,101,104
용산구,815. LIG강촌아파트 103동앞,202501,411,438
서초구,4348. 사당역 1번출구,202501,30,94
광진구,3900. 건국대학교 신공학관,202501,567,648
강동구,4956. 암사역사공원역 1번출구,202501,276,481
동대문구,4142. 현대썬앤빌 앞,202501,1069,1190
종로구,4721. 통인시장 정자,202501,572,616
마포구,5513. 마포음식문화거리,202501,476,517
종로구,385. 종각역 5번출구,202501,859,901
중구,387. 훈련원공원주차장 앞,202501,503,506
마포구,181. 망원초록길 입구,202501,289,266
마포구,182. 망원2빗물펌프장 앞,202501,330,276
마포구,183. 하늘채코오롱아파트 건너편,202501,1672,1505
마포구,184. 7번가피자 서교망원점,202501,1201,1457
마포구,185. 마포 신수공원 앞,202501,567,361
마포구,186. 월드컵공원,202501,724,714
서대문구,177. 북가좌 초등학교,202501,314,351
서대문구,188. 홍은동 정원여중 입구,202501,401,413
서대문구,191. 서우빌딩,202501,563,678
서대문구,192. 연서어린이공원,202501,240,241
서대문구,178. 증산3교 앞,202501,746,764
서대문구,133. 해담는다리,202501,845,981
서대문구,194. 증산교 앞,202501,716,738
서대문구,195. 모래내고가차도 ,202501,396,385
서대문구,196. 연희교차로 인근,202501,180,104
서대문구,198. 충정2교,202501,116,112
성동구,556. 달맞이공원,202501,20,22
성동구,557. 도선동 주민센터 앞,202501,731,868
성동구,558. 성동광진 교육지원청 앞,202501,718,732
서대문구,134. 연세로 명물길,202501,264,307
성동구,559. 왕십리역 4번 출구 건너편,202501,943,981
성동구,560. 비전교회 앞,202501,1176,1169
성동구,561. 서울숲역 2번출구 앞,202501,865,941
성동구,563. 성동세무서 건너편,202501,1133,1292
성동구,564. 금호역 3번출구,202501,61,35
성동구,565. 옥수역 3번출구,202501,1348,1490
성동구,568. 청계8가 사거리 B,202501,1148,1209
서대문구,135. 명물길 원형무대 앞,202501,183,203
성동구,569. 응봉현대아파트 정류소,202501,98,97
성동구,578. 성동세무서 부근,202501,959,953
성동구,579. 마장역 4번출구,202501,444,494
성동구,582. 경일중학교 앞,202501,989,1017
성동구,583. 청계천 생태교실 앞,202501,1378,1434
광진구,551. 구의삼성쉐르빌 앞,202501,1435,1497
광진구,552. 대림아크로리버 앞,202501,499,574
광진구,553. 중곡 성원아파트 앞,202501,487,515
광진구,555. 구의3동주민센터,202501,170,173
광진구,571. 세종대학교 대양AI센터,202501,697,685
광진구,573. 구의문주차장 앞,202501,1015,1004
광진구,574. 아차산역4번출구,202501,1161,593
광진구,575. 대원중고교 입구(대하빌딩),202501,240,187
광진구,576. 광나루역 3번 출구,202501,1032,1097
광진구,577. 광진청소년수련관,202501,778,784
동대문구,621. 전농초등학교 건너편,202501,255,204
서대문구,137. 신촌기차역입구 교차로,202501,205,105
동대문구,622. 전농사거리 교통섬,202501,533,696
동대문구,623. 서울시립대 정문 앞 B,202501,783,491
동대문구,624. 전농동 동아아파트 앞,202501,905,894
동대문구,626. 군자교 서측 녹지대,202501,836,798
동대문구,627. 장안동삼거리 교통섬,202501,704,694
동대문구,628. 휘봉고등학교 앞,202501,332,332
동대문구,630. 동대문구 보건소,202501,1284,1285
동대문구,631. 답십리역 1번출구,202501,1562,1662
마포구,102. 망원역 1번출구 앞,202501,1563,1717
서대문구,138. 신촌동 제1공영주차장 앞,202501,217,216
동대문구,633. 청량리 기업은행 앞,202501,1285,1394
동대문구,634. 외국어대 정문 앞,202501,749,803
동대문구,635. 시조사 앞,202501,578,579
동대문구,636. 세종대왕기념관 교차로,202501,247,287
동대문구,637. KAIST 경영대학 앞,202501,483,334
동대문구,638. 서울시립대 정보기술관,202501,230,194
동대문구,639. 서울시립대 후문,202501,262,179
동대문구,640. 동대문경찰서 교차로,202501,582,666
동대문구,641. 용두역 4번출구,202501,1069,1154
동대문구,642. 신답역 사거리,202501,1067,1051
서대문구,140. 이화여대 후문,202501,364,397
동대문구,643. 동대문구민체육센터 (육교아래),202501,1069,1077
영등포구,230. 영등포구청역 1번출구,202501,4525,4470
영등포구,260. 여의도 마리나선착장 앞,202501,171,186
영등포구,263. 근로자회관 사거리,202501,2159,2249
영등포구,264. 교보생명보험 앞,202501,957,820
영등포구,265. 영등포유통상가 사거리,202501,1044,1055
서대문구,141. 연대 대운동장 옆,202501,229,142
영등포구,266. 영등포청과시장 사거리,202501,898,922
영등포구,267. 삼성화재 사옥 옆,202501,1031,969
영등포구,268. 그랜드컨벤션센터 앞,202501,1410,1398
영등포구,270. 증권거래소후문교차로,202501,660,651
영등포구,271. 샛강생태공원방문자센터 앞,202501,311,214
영등포구,272. 당산육갑문,202501,1543,1746
양천구,716.신정6동 주민센터 인근,202501,950,935
서대문구,139. 연세대 정문 건너편,202501,215,155
양천구,719. 홍익병원앞 교차로,202501,755,743
양천구,720. 서울강월초등학교 앞,202501,404,200
용산구,816. 신용산역 6번출구 앞,202501,781,828
용산구,817. 삼각지역 4번출구 앞,202501,400,399
용산구,818. 숙명여대 입구 교차로,202501,515,592
용산구,819. 선린인터넷 고등학교,202501,774,798
용산구,820. 청파동입구 교차로,202501,360,372
용산구,822. 이촌1동 마을공원,202501,225,226
용산구,823. 효창동주민센터 앞,202501,136,105
용산구,825. 서빙고동 주민센터 앞,202501,569,587
마포구,199. 서울 월드컵 경기장,202501,388,242
종로구,388. 동성중학교 앞,202501,247,245
광진구,584. 광진광장 교통섬,202501,1813,1368
성동구,585. 성수2가1동 공영주차장 인근,202501,2045,2049
성동구,586. 마장동 주민센터,202501,344,388
은평구,900. 은평예술회관,202501,283,250
영등포구,200. 국회의원회관,202501,64,72
은평구,902. 진관동 은빛초등학교,202501,230,236
은평구,903. 은평뉴타운 아이파크,202501,384,374
은평구,904. 은평뉴타운 푸르지오,202501,254,309
은평구,905. 구파발역 2번출구,202501,861,1057
은평구,906. 연신내역 5번출구,202501,1207,1428
은평구,907. CJ 드림시티,202501,1374,1647
은평구,908. 구산역 4번출구,202501,533,517
은평구,909. 백련산 힐스테이트 3차,202501,262,80
은평구,911. 은평평화공원(역촌역4번출구),202501,1049,998
영등포구,201. 진미파라곤 앞,202501,756,762
은평구,912. 응암오거리,202501,1186,1374
은평구,913. 이마트 버스정류장(서부경찰서 방면),202501,900,905
은평구,914. 새절역 2번출구,202501,1003,1136
은평구,915. 증산역 4번출구,202501,742,795
은평구,916. 평생학습관 앞,202501,567,577
은평구,917. 녹번역 3번출구,202501,611,607
은평구,919. 서울혁신파크,202501,333,327
은평구,921. 신도고등학교,202501,124,55
영등포구,202. 국민일보 앞,202501,1898,1900
은평구,922. 연신내역 4번출구,202501,219,220
은평구,923. 국민은행 연서지점,202501,183,183
은평구,925. 불광역 2번출구,202501,299,282
은평구,927. 연신내역 3번출구 인근,202501,174,179
은평구,928. 은평역사한옥박물관,202501,125,61
은평구,930. 구 서부경찰서 건너편,202501,485,496
은평구,931. 역촌파출소,202501,1819,1888
은평구,932. 예일여중,202501,554,626
은평구,933. 역촌종합시장 버스정류장(예일여고 방면),202501,866,1053
성동구,587. 유니베라 앞,202501,819,946
광진구,588. 뚝섬 유원지역,202501,811,815
강동구,1001. 광진교 남단 사거리(천호공원 방면),202501,652,689
강동구,1002. 해공공원(천호동),202501,895,898
강동구,1003. 해공도서관앞,202501,575,579
강동구,1004. 삼성광나루아파트 버스정류장,202501,542,743
강동구,1006. 롯데캐슬 115동앞,202501,111,111
강동구,1007.암사동 선사유적지,202501,28,39
강동구,1008. 암사역 3번출구(국민은행앞),202501,1466,1632
강동구,1009. 천호역4번출구(현대백화점),202501,2578,2536
강동구,1010. 강동세무서,202501,1590,1599
강동구,1011. LIGA 아파트 앞,202501,1538,1537
강동구,1012. 천호역효성해링턴타워 앞,202501,1325,1315
강동구,1013. 강동구청역 1번 출입구,202501,1482,1455
강동구,1015. 샛마을 근린공원,202501,300,296
마포구,103. 망원역 2번출구 앞,202501,1091,1208
영등포구,204. 국회의사당역 5번출구 옆,202501,720,740
강동구,1016. 해뜨는 주유소옆 리엔파크 109동앞,202501,339,295
강동구,1017. 둔촌고교입구 교차로(길동주민센터 방면),202501,838,823
강동구,1019. 다성이즈빌아파트(호원대 대각선 맞은편),202501,2467,2589
강동구,1020. 강동경찰서,202501,2177,2262
강동구,1021. 강일동 리슈빌 빌딩앞,202501,665,831
강동구,1022. 길동 사거리(초소앞),202501,873,871
성동구,589. 성수역3번출구,202501,1733,1818
강서구,1101. 상사마을 버스정류장(아라대교방면),202501,71,75
강서구,1102. 방화사거리 마을버스 버스정류장,202501,1467,1506
강서구,1105. 방화근린공원,202501,198,172
영등포구,203. 국회의사당역 3번출구 옆,202501,1190,1219
강서구,1108. 공항시장역 2번출구 뒤,202501,736,740
강서구,1109. 공항시장역 4번출구,202501,385,379
강서구,1111. 마곡엠밸리6_7단지 마곡중학교,202501,1516,1386
강서구,1112. 마곡엠밸리4단지 정문,202501,2830,2842
강서구,1113. 서남환경공원 버스정류장,202501,1840,1549
강서구,1118. 증미역 3번출구뒤(등촌두산위브센티움오피스텔),202501,1460,1542
강서구,1119. 염창동 한마음아파트 앞,202501,593,594
강서구,1120. 대림경동아파트앞,202501,1227,1073
강서구,1121. 가양레포츠센터 앞,202501,566,596
영등포구,205. 산업은행 앞,202501,1095,1101
강서구,1122. 황금내근린공원,202501,544,577
강서구,1124. 발산역 6번 출구 뒤,202501,3580,3587
강서구,1126. 우장산역 1번출구옆(우장산아이파크105동앞),202501,1156,790
강서구,1127. 화곡역 버스정류장,202501,860,855
강서구,1129. 화곡역 1번 출구 앞,202501,728,721
강서구,1130. 화곡본동시장 버스정류장,202501,318,317
강서구,1132. 등촌역 7번출구,202501,1089,1253
영등포구,206. KBS 앞,202501,1235,1272
강서구,1135. 강서구의회,202501,1416,1218
강서구,1136. 등촌2파출소,202501,386,174
강서구,1137. 등촌2동주민센터,202501,195,150
강서구,1139. 용문사 버스정류장,202501,319,214
강서구,1140. 목동사거리 버스정류장,202501,1497,1536
강서구,1141. 곰달래 문화복지센터 A,202501,929,926
강서구,1145. 곰달래 문화복지센터 B,202501,508,560
강서구,1148. 볏골공원,202501,497,493
송파구,1205. 종합운동장역 4번출구,202501,505,448
송파구,1206. 9호선종합운동장역 9번출구,202501,607,632
송파구,1208. 풍납현대아파트쉼터,202501,1320,1313
송파구,1209. 잠실나루역 (2번 출구 쪽),202501,1683,1672
송파구,1213. 백토공원 앞,202501,208,196
송파구,1215. 올림픽공원역 1번출구 앞,202501,999,1002
송파구,1217. 송파파인타운 7단지,202501,387,378
송파구,1220. 잠실근린공원,202501,1352,1452
송파구,1222. 잠실새내역 5번 출구 뒤,202501,1597,1758
송파구,1224. 아시아지하보도 2번 출구,202501,743,768
송파구,1229. 송파체육문화회관 앞,202501,598,592
영등포구,209. 유진투자증권빌딩 앞,202501,1730,1934
송파구,1232. 잠실주공 521동 건너편,202501,1443,1468
송파구,1233. 잠실3거리(갤러리아팰리스),202501,594,551
송파구,1235. 잠실트리지움310동 옆,202501,978,1074
서대문구,176. 명지대학교 도서관,202501,749,748
중랑구,1401. 극동늘푸른아파트,202501,784,798
성북구,1314. 정릉꿈에그린1단지 201동 앞,202501,108,104
성북구,1315. 고려사대부속중고 정문,202501,59,62
중랑구,1402. 금란주차장 앞,202501,359,337
성북구,1316. 고려사대부속중고 건너편 ,202501,193,160
성북구,1318. 길음역 3번출구 뒤,202501,615,619
성북구,1319. 종암박스파크,202501,415,416
성북구,1322. 래미안라센트아파트 103동 앞,202501,578,575
중랑구,1403. 중화빌딩 앞 (동부시장),202501,555,578
중랑구,1405. 망우역 1번출구,202501,314,321
중랑구,1408. 먹골역 6번출구 앞,202501,441,542
성북구,1325. 상월곡역 4번출구,202501,214,168
성북구,1326. 상월곡역 1번출구,202501,351,340
중랑구,1410. 면목 대원칸타빌아파트,202501,142,41
성북구,1327. 상월곡역 3번출구,202501,533,537
성북구,1332. 석계역 5번출구 건너편,202501,749,771
성북구,1333. 석관초등학교 앞,202501,595,639
성북구,1334. 석관동주민센터 앞,202501,481,501
중랑구,1418. 새솔초등학교,202501,118,25
중랑구,1441. 신내능말공원,202501,162,99
중랑구,1420. 신내어울공원 앞,202501,323,335
중랑구,1421. 신내역 4번출구,202501,244,223
중랑구,1422. 신내우디안아파트 1단지,202501,61,17
중랑구,1424. 양원역 2번출구,202501,115,82
중랑구,1425. 신성미소지움아파트,202501,290,192
영등포구,213. KT앞,202501,1517,1342
중랑구,1426. 면목도시개발아파트 1동 앞,202501,223,29
중랑구,1435. 능산삼거리,202501,165,123
중랑구,1436. 동원베네스트 건물 앞,202501,200,110
중랑구,1437. 늘푸른공원 앞,202501,379,390
중랑구,1438. 홈플러스 신내점 앞,202501,828,955
중랑구,1404. 동일로 지하차도,202501,778,779
마포구,104. 합정역 1번출구 앞,202501,788,632
영등포구,214. 금융감독원 앞,202501,901,919
노원구,1601. 석계역 문화광장 내 자전거 보관소,202501,1893,2184
노원구,1606. 태릉입구역 3번출구 ,202501,798,803
노원구,1610. 화랑대역 2번출구 앞,202501,1019,1086
노원구,1611. 과기대 입구(우),202501,972,1077
노원구,1616. 하계2동 공항버스정류장 옆,202501,379,380
노원구,1617. 하계동 중평어린이공원 앞,202501,1020,1046
노원구,1634. 당고개공원 대여소,202501,242,229
노원구,"1635. 상계3,4동 주민센터 대여소",202501,125,106
노원구,1636. 상계주공2단지 버스정류장 옆,202501,1196,1180
노원구,1637. KT 전화국 버스정류장 옆,202501,2049,2151
노원구,1639. 희성오피앙,202501,392,348
도봉구,1702. 녹천역 1번출구 앞,202501,289,310
도봉구,1705. 도봉구청 정문앞,202501,711,748
도봉구,1707. 도봉구민회관,202501,640,557
도봉구,1709. 쌍문역4번출구 주변,202501,596,538
금천구,1804. 독산역 2번출구 자전거주차장,202501,825,859
영등포구,219. 롯데캐슬엠파이어 옆,202501,1370,1395
금천구,1805. 서울디지털운동장 앞,202501,569,613
금천구,1806. 에이스하이엔드타워9차 앞,202501,531,564
금천구,1808. 에이스하이엔드타워8차 앞,202501,580,591
금천구,1809. LG전자 별관동(호서대 벤처타워 맞은편),202501,777,826
금천구,1812. 갑을그레이트밸리 앞,202501,325,454
금천구,1814. 두산위브아파트 옆 상가건물 앞,202501,536,460
금천구,1820. 신한은행 시흥대로금융센터지점,202501,92,149
금천구,1821. 홈플러스 시흥점 맞은편 다비치안경 앞,202501,388,423
영등포구,220. 미성아파트 A동 앞,202501,871,828
금천구,1822. 서울 시흥동우체국 앞,202501,245,294
금천구,1823. 상신정비공업 앞,202501,178,64
금천구,1824. 독산근린공원 입구,202501,692,705
금천구,1825. 한신아파트 앞 육교 아래,202501,198,207
금천구,1826. 한신코아 앞,202501,177,188
금천구,1828. 한양수자인아파트 앞,202501,505,266
금천구,1829. 홈플러스 금천점 앞,202501,474,506
금천구,1830. 빅마켓 금천점 앞,202501,934,922
금천구,1831. 한국전력 구로금천지사 앞,202501,319,313
금천구,1833. 독산역 1번출구 A,202501,495,622
영등포구,215. 여의도고교 앞,202501,538,535
금천구,1834. 월드메르디앙 벤처센터 2차,202501,592,659
금천구,1835. STX V타워,202501,310,255
금천구,1819. 금천구청 앞 자전거거치대,202501,136,138
강북구,1503. 강북구청사거리(수유역 8번출구),202501,1012,1174
강북구,1504. 삼양시장오거리,202501,166,152
강북구,1506. 강북문화예술회관,202501,614,531
강북구,1514. 강북구청 사거리 버스정류소 앞,202501,441,450
강북구,1525. 미아동 복합청사,202501,146,142
강북구,1515. 송천동 주민센터,202501,253,241
강북구,1520. 수유중앙시장,202501,653,682
강북구,1519. 장미원시장 건너편,202501,346,318
강북구,1516. 우이동길마을마당,202501,260,258
강북구,1518. 수유2동은행빌딩 앞,202501,424,404
성북구,1321. 국민은행 종암동지점 앞,202501,686,826
도봉구,1703. 도봉산광역환승센터앞 ,202501,116,87
도봉구,1708. 도봉보건소사거리,202501,754,783
영등포구,217. NH농협은행 앞,202501,1877,1958
금천구,1827. 독산보도육교 앞 자전거 보관소,202501,704,828
금천구,1836. 금천구립 독산도서관,202501,82,21
구로구,1901. 신도림동주민센터 앞,202501,1127,1113
구로구,1904. 도림천역 1번 출구 앞,202501,1224,1158
구로구,1906. 신도림역 1번 출구 앞,202501,2703,2708
구로구,1907. 구일우성(아) 육교 밑,202501,909,921
구로구,1908. 해원리바파크 육교 밑,202501,1807,1798
구로구,1910. 낙원교회 맞은편,202501,291,221
구로구,1911. 구로디지털단지역 앞,202501,2979,3060
구로구,1912. 한신휴아파트 앞,202501,1258,1260
영등포구,221. 여의도초교 앞,202501,777,781
구로구,1916. 구로중학교앞,202501,588,633
구로구,1920. 서울미래초등학교 사거리,202501,778,693
구로구,1924. 삼부르네상스파크빌,202501,666,289
구로구,1928. 고척스카이돔구장 광장,202501,721,698
구로구,1929. 고척근린공원 고척도서관 앞,202501,662,547
구로구,1930. 개봉지구대 개봉치안센터,202501,453,448
구로구,1933. 개봉푸르지오아파트 상가,202501,831,932
구로구,1937. 한진아파트 입구,202501,506,517
영등포구,222. 시범아파트버스정류장 옆,202501,1052,1130
동작구,2002. 노들역 1번출구,202501,802,865
동작구,2007. 유한양행앞,202501,430,482
동작구,2008. 노량진근린공원 대방공원,202501,178,129
동작구,2013. 장승배기역 5번출구,202501,452,413
동작구,2016. 신대방삼거리역 3번출구쪽,202501,459,457
영등포구,223. 진주아파트상가 앞,202501,603,593
동작구,2020. 장승배기역2번출구뒷편쪽,202501,250,246
동작구,2024. 상도역 1번출구,202501,190,135
동작구,2025. 흑석역 1번출구,202501,535,602
동작구,2027. 중앙대학교 정문 1,202501,133,165
동작구,2036. 정금마을 마을버스정류장,202501,333,384
동작구,2037. 동작역 5번출구 동작주차공원,202501,151,125
동작구,2038. 동작역 7번출구,202501,123,114
동작구,2040. 비계 버스정류소,202501,85,49
동작구,2050. 노량진역 5번출구,202501,1093,1336
마포구,105. 합정역 5번출구 앞,202501,459,281
영등포구,224. 롯데캐슬 앞,202501,1115,1206
동작구,2054. 삼익아파트,202501,515,512
동작구,2057. 상도 아이파크 아파트,202501,155,73
관악구,2102. 봉림교 교통섬,202501,2173,2188
관악구,2103. 신림동 우방아파트,202501,834,774
관악구,2105. 미성동 신림체육센터,202501,573,565
관악구,2106. 세이브마트,202501,680,820
관악구,2127. 난곡종점,202501,194,122
관악구,2144. 난우길입구,202501,251,242
영등포구,225. 앙카라공원 앞,202501,927,879
관악구,2104. 사당역 5번출구,202501,655,754
관악구,2108. 은천치안센터,202501,622,626
관악구,2112. 서울대입구역 마에스트로,202501,264,348
관악구,2116. 에이스에이존빌딩,202501,263,276
관악구,2122. 낙성대로 입구,202501,250,230
영등포구,226. 샛강역 1번출구 앞,202501,1239,1077
관악구,2128. 관악구청교차로,202501,223,223
관악구,2129. 낙성대 과학전시관,202501,151,56
관악구,2130. 영어마을 관악캠프,202501,45,22
관악구,2137. KT&G 관악지점,202501,344,334
관악구,2140. 신림1교 교차로,202501,950,961
관악구,2145. 은천초등학교 육교,202501,338,284
동작구,2009. 보라매역 8번출구,202501,380,422
동작구,2012. 대림사거리(동작상떼빌아파트),202501,505,494
동작구,2015. 신대방삼거리역 6번출구쪽,202501,809,811
동작구,2033. 사당동 아르테스 웨딩앞,202501,577,569
영등포구,207. 여의나루역 1번출구 앞,202501,1605,1490
동작구,2041. 사당중학교 버스정류소,202501,55,50
동작구,2048. 삼일초등학교 인근,202501,169,111
동작구,2056. 동작구민 체육센터,202501,479,455
노원구,1608. 공릉역 1번 출구 앞,202501,1606,1850
노원구,1619. 중계동 하나프라자빌딩 앞(중1-1),202501,1075,1035
송파구,1203. 밀리아나2빌딩 앞,202501,617,634
송파구,1207. 마천중앙시장,202501,337,333
송파구,1214. 오금역 7번 출구 인근,202501,419,391
서초구,2202.청계산입구역 1번출구,202501,717,706
서초구,2205. 내곡3단지 어린이공원 앞,202501,359,360
서초구,2206. 언남초등학교 앞,202501,460,451
서초구,2210. 반포1동 주민센터 앞,202501,141,104
서초구,2212.서초현대4차아파트 201동 맞은편,202501,508,454
서초구,2213. 고속터미널역 5번출구 앞,202501,548,396
서초구,2214. 신반포역 2번출구 앞,202501,337,385
서초구,2217.아크로리버뷰 부지 앞,202501,765,834
서초구,"2219. 고속터미널역 8-1번, 8-2번 출구 사이",202501,1170,1146
서초구,2221. 방일초교 마을버스 정류장,202501,496,539
서초구,2222.사당역 12번출구 뒤,202501,718,952
서초구,2223. 방배래미안 정문 앞,202501,137,147
서초구,2225.백석예술대학교 제3캠퍼스 앞,202501,67,34
서초구,2226. 신동아럭스빌아파트 앞,202501,108,27
서초구,2227.방배열린문화센터 앞,202501,393,401
서초구,2228.뒷벌공원 옆,202501,935,1014
서초구,2229.로고스교회 맞은 편,202501,243,258
마포구,401. 상암월드컵파크 10단지 앞,202501,479,483
서초구,2230.이수역 4번 출구,202501,707,712
서초구,2231. 삼성타운(삼성생명) A동 맞은편,202501,814,896
서초구,2233. 서초신동아1차아파트 옆,202501,247,246
서초구,2235.KT 서초지사 앞,202501,100,72
서초구,2237.서울남부터미널 대합실 입구,202501,478,333
서초구,2239.교대역 6번출구,202501,359,380
서초구,2241.양재전화국 사거리,202501,244,253
서초구,2242.양재역 10번 출구 앞,202501,386,380
서초구,2243.서울가정법원,202501,218,177
서초구,2244. 말죽거리공원 사거리,202501,543,558
마포구,402. 상암월드컵파크 9단지 앞,202501,331,339
서초구,2245.양재초등학교 맞은편,202501,263,298
서초구,2247.섬들근린공원,202501,441,450
서초구,2255. 양재시민의숲역 1번출구,202501,925,902
서초구,2256.양재동 꽃시장 입구,202501,96,94
서초구,2257. 청계산 입구 삼거리,202501,52,68
서초구,2258.구룡사 삼거리,202501,97,70
강남구,2301. 현대고등학교 건너편,202501,307,379
강남구,2344. 리엔파크 2단지 앞,202501,224,241
마포구,403. 부엉이공원 앞,202501,516,198
서초구,2259. 잠원역 3번-4번 출구사이 ,202501,607,657
서초구,2251. 더케이호텔 입구(양재2) ,202501,377,383
강남구,2337. 대모산입구역 2번출구 앞,202501,271,250
강남구,2309. 청담역(우리들병원 앞),202501,186,86
강남구,2317. 삼성도로공원,202501,246,272
강남구,2311. 학동로 래미안 아파트 앞,202501,113,47
강남구,2302. 교보타워 버스정류장(신논현역 3번출구 후면),202501,483,525
강남구,2303. 논현역 10번출구,202501,477,339
강남구,2304. 대현그린타워,202501,159,44
강남구,2305. MCM 본사 직영점 앞,202501,155,155
강남구,2306. 압구정역 2번 출구 옆,202501,884,890
강남구,2307. 압구정 한양 3차 아파트,202501,168,134
강남구,2308. 압구정파출소 앞,202501,489,487
강남구,2310. 청담동 맥도날드 옆(위치),202501,127,147
강남구,2312. 청담역 13번 출구 앞,202501,144,126
강남구,2313. 금원빌딩 앞,202501,175,181
강남구,2348. 포스코사거리(기업은행),202501,877,1070
강남구,2314. 청담나들목입구,202501,110,116
강남구,2315. 봉은사역 5번출구 옆,202501,307,322
마포구,106. 합정역 7번출구 앞,202501,666,626
마포구,405. DMC빌 앞,202501,265,244
강남구,2318. 삼성중앙역4번출구(문화센터더 리빌),202501,118,73
강남구,2319. 포스코사거리 서측(수협 삼성동 지점),202501,283,308
강남구,2320. 도곡역 대치지구대 방향,202501,273,365
강남구,2321. 학여울역 사거리,202501,168,131
강남구,2323. 주식회사 오뚜기 정문 앞,202501,248,241
강남구,2324. 천주교 대치 2동 교회 옆,202501,497,493
강남구,2325. 대치삼성아파트 앞 교차로,202501,462,469
강남구,2326. 대치동 삼성로,202501,424,243
마포구,406. 상암월드컵파크 7단지 앞,202501,398,397
강남구,2327. 뱅뱅사거리 랜드마크타워 앞,202501,471,570
강남구,2328. 르네상스 호텔 사거리 역삼지하보도 7번출구 앞,202501,318,232
강남구,2329. 르네상스호텔사거리 역삼지하보도 2번출구,202501,180,180
강남구,2330. 역삼월드메르디앙아파트 앞,202501,258,255
강남구,2331. 동영문화센터앞,202501,252,210
강남구,2332. 선릉역3번출구,202501,804,788
강남구,2333. 양재역 3번출구 주변,202501,371,284
강남구,2334. 삼호아파트 2동 ( 간선도로),202501,140,139
강남구,2335. 3호선 매봉역 3번출구앞,202501,936,1089
강남구,2336. 강남세브란스교차로  래미안그레이튼 104동 앞,202501,286,209
마포구,421. 마포구청 앞,202501,924,924
강남구,2339. 현대아파트 정문 앞,202501,305,293
강남구,2340. 삼호물산버스정류장(23370) 옆,202501,1040,1063
강남구,2341. 일원역 4~5번 출구 사이,202501,271,165
강남구,2342. 대청역 1번출구  뒤,202501,649,655
강서구,1106. 신방화사거리,202501,1784,1821
성북구,1302. 한성대입구역6번출구 뒤,202501,413,443
성북구,1304. 만해공원,202501,152,23
성북구,1308. 안암로터리 버스정류장 앞,202501,1926,2095
강서구,1110. 공항중학교앞,202501,732,714
강서구,1128. 화곡역 6번출구,202501,400,402
마포구,407. 마포구 육아종합지원센터,202501,505,493
강동구,1018. 둔촌 주공 GS 맞은편,202501,693,728
강서구,1103. 방화역 4번출구앞,202501,1616,1364
강서구,1117. 등촌5단지아파트 버스정류장,202501,2223,2215
송파구,1201. 가락시장역 3번 출구,202501,887,907
송파구,1212. 송파역 2번 출구앞,202501,610,621
마포구,408. LG CNS앞,202501,452,448
송파구,1231. 잠실역 6번출구,202501,1372,1458
성북구,1306. 한성대입구역2번출구,202501,593,616
중랑구,1407. 먹골역 1번출구 뒤,202501,793,900
중랑구,1414. 사가정역 2번출구,202501,1334,1454
마포구,420. 서울시 공공자전거 상암센터,202501,305,294
중랑구,1416. 상봉역 3번출구,202501,1014,1045
중랑구,1427. 용마산역 1번출구,202501,140,123
중랑구,1428. 원묵고등학교,202501,605,298
중랑구,1429. 장안중학교,202501,446,456
중랑구,1430. 중랑구청,202501,536,351
중랑구,1431. 중랑구청 사거리,202501,499,421
중랑구,1433. 중화역 2번출구,202501,772,886
강북구,1509. 서울북부수도사업소,202501,272,304
마포구,409. 누리꿈스퀘어 옆,202501,991,1047
강북구,1510. 번동주공5단지 관리사무소 앞,202501,234,249
강북구,1512. 강북중학교 앞,202501,636,647
강북구,1513. 강북구청 뒷편,202501,129,164
노원구,1605. 헬스케어,202501,600,668
노원구,1620. 중계구민체육센터,202501,567,563
노원구,1628. 노일초등학교 앞,202501,250,249
노원구,1630. 수연빌딩 앞,202501,476,484
마포구,419. 홈플러스 마포점 앞,202501,1348,1125
구로구,1936. 개봉역 1번 출구 자전거보관서쪽,202501,441,469
구로구,1941. 오류동역 2번출구,202501,534,750
구로구,1943. 온수역 북측,202501,134,92
구로구,1946. 구로역 광장,202501,1674,1765
구로구,1951. 천왕이펜하우스 4단지 후문,202501,88,57
구로구,1952. 천왕연지타운2단지 앞,202501,678,992
구로구,1953. 천왕역 4번출구 뒤,202501,706,444
동작구,2003. 사육신공원앞,202501,442,463
서초구,2263. 바우뫼문화복지회관,202501,246,229
마포구,410. 상암중학교 옆,202501,86,71
서초구,2249. 우솔초등학교 맞은편,202501,71,70
서초구,2250. 서초유치원 맞은편,202501,230,229
관악구,2109. 은천로입구 가로공원,202501,1250,1237
관악구,2115. 관악구시설관리공단,202501,757,635
관악구,2119. 중앙동 동진빌딩,202501,273,274
관악구,2143. 서울산업정보학교,202501,94,90
관악구,2148. 낙성대역 3번출구 뒤,202501,257,251
서초구,2246. 서울시 품질시험소 앞,202501,298,303
마포구,418. 월드컵경기장역 3번출구 옆,202501,742,654
서초구,2252. 잔디마을 마을버스 정류장,202501,730,729
송파구,1210. 롯데월드타워(잠실역2번출구 쪽),202501,4754,4732
송파구,1218. 방이역 4번출구,202501,1113,1103
송파구,1226. 잠실4동 주민센터 옆,202501,1204,1207
송파구,1227. 거여역 8번출구 뒤,202501,664,658
송파구,1228. 마천사거리 ,202501,365,405
송파구,1230. 송파중학교 정문,202501,234,209
송파구,1239. 문정 법조단지3,202501,390,365
마포구,107. 수협 연남동지점,202501,978,1151
마포구,411. DMC홍보관,202501,614,669
송파구,1240. 문정 법조단지4,202501,448,354
송파구,1241. 문정 법조단지5,202501,261,258
송파구,1242. 문정 법조단지6,202501,79,80
송파구,1243. 문정 법조단지7,202501,1119,1154
송파구,1244. 문정 법조단지8,202501,1263,1236
송파구,1245. 문정 법조단지9,202501,680,673
송파구,1246. 문정 법조단지10,202501,955,919
송파구,1247. 문정 법조단지11,202501,428,389
송파구,1248. 방이초등학교,202501,1143,887
마포구,412. DMC산학협력연구센터 앞,202501,650,684
성북구,1328. 월곡역 3번출구,202501,1145,1231
중랑구,1411. 상봉시장앞 교차로 한성빌딩 앞,202501,629,613
노원구,1602. 광운대역 앞,202501,861,912
노원구,1625. 상계역 3번출구,202501,2520,2511
노원구,1627. 수락산역 4번출구,202501,529,527
도봉구,1706. 방학동우체국 건너편,202501,575,589
구로구,1914. 대림역4번출구,202501,1555,1502
구로구,1925. 동양미래대학교 정문 옆,202501,1655,1655
마포구,413. 상암월드컵파크 3단지 후문,202501,364,322
구로구,1931. 개봉역2번출구 A,202501,650,825
동작구,2032. 이수역 11번출구쪽,202501,827,1107
동작구,2034. 사당역 7번출구쪽,202501,266,272
서초구,2203. 청계산입구역 2번출구,202501,124,100
서초구,2207. 내곡파출소 뒤 정자,202501,69,50
서초구,2211. 서초구립반포도서관 앞,202501,684,655
서초구,2215. 반포종합운동장 입구,202501,261,284
서초구,2248. 서초리슈빌S 글로벌 앞,202501,83,79
마포구,417. DMC역 2번출구 옆,202501,827,724
송파구,1204. 거여역 3번출구,202501,769,875
성북구,1303. 돈암초교 입구,202501,346,362
동작구,2026. 흑석역 4번출구,202501,208,296
송파구,1221. 삼전역 4번출구,202501,711,792
서초구,2264. 이수역 1번출구,202501,1190,1295
구로구,1955. 디지털입구 교차로,202501,1293,1315
강남구,2351. 청소년수련관(수영장)앞,202501,149,100
종로구,446. 상명대입구,202501,160,143
종로구,447. 신영동삼거리,202501,44,43
마포구,414. 상암동주민센터 옆,202501,958,1165
종로구,449. 일성아파트,202501,126,37
중랑구,1440. 면목2동 사거리,202501,713,792
중구,389. 을지로4가역 1번출구,202501,533,536
중구,390. 충무로역 1번출구,202501,384,365
중구,826. 서울역 서부교차로2,202501,508,598
성북구,1305. 성북구청,202501,580,619
강북구,"1501. 미아역 3번,4번 출구 사이",202501,515,510
서초구,2265. 이수고가차도 남단,202501,607,644
마포구,415. DMC역 9번출구 앞,202501,1599,1672
관악구,2110. 조원동 미성아파트,202501,803,890
관악구,2139. 서울신성초등학교,202501,153,155
관악구,2156. 신림푸르지오아파트,202501,458,440
강남구,2354. 청담역 2번출구,202501,80,83
강남구,2356. 강남구청,202501,143,103
강남구,2360. 도곡1동 주민센터 교차로,202501,329,329
강남구,2358. 구룡초사거리 (현대아파트10동 앞 ),202501,333,280
강남구,"2359. 국립국악중,고교 정문 맞은편",202501,510,513
강남구,2349. 역삼빌딩 앞(하나은행 옆),202501,207,125
마포구,416. 상암월드컵파크 1단지 교차로,202501,364,198
강남구,2350. 래미안그레이튼102동앞,202501,81,70
강남구,2347. 두산건설 본사,202501,63,50
강남구,2352. 서울본부세관(건설회관 앞),202501,242,59
강남구,2353. 강남구청역 2번출구 뒤,202501,241,173
노원구,1642. 서울여대 남문,202501,328,259
관악구,2111. 서울대입구역 1번출구,202501,498,538
강남구,2357. 르네상스호텔사거리 역삼지하보도 3번출구 앞 (더 오번 빌딩 명동칼국수 앞),202501,262,246
성동구,594. 중랑물재생센터(서울새활용플라자),202501,593,719
마포구,422. 문화비축기지,202501,143,161
광진구,500. 어린이대공원역 3번출구 앞,202501,936,926
노원구,1641. 한내근린공원 남측,202501,333,328
노원구,1640. 한내근린공원 북측,202501,502,531
광진구,590. 건국대학교 (입학정보관),202501,569,611
광진구,591. 건국대학교 (행정관),202501,287,281
광진구,592. 건국대학교 학생회관,202501,751,845
강서구,1149. 신방화역환승주차장,202501,2348,2341
관악구,2136. 신림역 8번출구,202501,1730,1737
중구,391. 시립미술관,202501,316,285
종로구,450. 효자동 삼거리,202501,452,319
종로구,451. 청와대앞길,202501,142,46
광진구,501. 광진구의회 앞,202501,1072,983
광진구,593.자양중앙나들목,202501,679,668
송파구,1250.문정2동 주민센터,202501,89,74
광진구,3500. 군자역2번출구,202501,1152,1162
광진구,3501. 광진구청 앞,202501,1099,1029
광진구,3502. 중곡역 1번출구,202501,624,544
광진구,3503. 광진유진스웰,202501,117,37
광진구,3504. 원일교회,202501,1538,1380
광진구,3505. 신양초교앞 교차로,202501,409,411
광진구,502. 자양(뚝섬한강공원)역 1번출구 앞,202501,3359,3523
마포구,424. 롯데하이마트 (상암월드컵점) ,202501,134,148
마포구,425. DMC첨단산업센터,202501,168,165
마포구,426. 서울신용보증재단,202501,632,838
양천구,722. 경서농협 버스정류장(우리은행신정동지점방향),202501,660,710
양천구,723. SBS방송국,202501,1024,1139
양천구,724. 계남공원 입구 주출입구 좌측,202501,106,94
양천구,725. 양강중학교앞 교차로,202501,97,99
양천구,726. 목동3단지 시내버스정류장,202501,2045,2123
마포구,108. 서교동 사거리,202502,629,690
양천구,729. 서부식자재마트 건너편,202502,764,765
양천구,731. 서울시 도로환경관리센터,202502,1637,1657
양천구,733. 신정이펜하우스314동,202502,227,141
양천구,734. 신트리공원 입구,202502,1476,1485
양천구,735. 영도초등학교,202502,1240,1300
양천구,736. 오솔길공원,202502,444,450
양천구,737. 장수공원,202502,244,219
양천구,739. 신월사거리,202502,479,510
양천구,740. 으뜸공원,202502,463,571
양천구,741. 화곡로 입구 교차로,202502,191,191
양천구,742. 등촌역 5번 출구 뒤,202502,419,419
양천구,743. 현대6차아파트 101동 옆,202502,458,491
양천구,744. 신목동역 2번 출구,202502,1672,1616
양천구,745. 강서초등학교,202502,241,249
양천구,746. 목동2단지 상가,202502,2003,2061
양천구,747. 목동3단지 상가,202502,1235,1252
양천구,748. 목동운동장,202502,376,418
광진구,505. 자양사거리 광진아크로텔 앞,202502,1073,1001
은평구,937. 상림마을 롯데캐슬2단지 옆,202502,27,37
은평구,938. 금암 문화공원,202502,48,59
은평구,939. 은평구청 교차로,202502,273,279
은평구,941. 은평뉴타운 도서관,202502,214,89
은평구,942. 상림마을 생태공원,202502,111,108
은평구,943. 은평구청 보건소,202502,851,908
성동구,506. 금호 어울림 아파트 앞,202502,499,516
은평구,945. 기자촌 사거리 A,202502,58,41
은평구,946. 독바위역 ,202502,250,249
은평구,947. 연신내 선일하이츠빌 정류소,202502,88,89
은평구,948. 디지털미디어 시티역 4번출구(DMC역),202502,413,404
은평구,949. 연신내역 1번 출구 ,202502,534,552
은평구,950. 구산역 2번 출구 예일여고 버스정류장,202502,479,485
은평구,952. 서울연신중학교,202502,193,193
은평구,953. 서울연신초등학교,202502,95,93
강동구,1023. 한국종합기술사옥 앞,202502,982,961
강동구,1024.  강동구청 앞,202502,1728,1837
강동구,1025. 상일초등학교,202502,239,212
강동구,1027. 프라자 아파트 앞,202502,405,378
강동구,1028. 포레스 주상복합 빌딩,202502,810,811
강동구,1029. 성내어울터,202502,1501,1520
강동구,1030. 미호 플랜트 앞,202502,814,830
강동구,1031. 올림픽로 836(아리수로),202502,216,250
강동구,1032. 선사고등학교,202502,167,226
성동구,508. 성수아카데미타워 앞,202502,3068,2711
강동구,1033. 고덕동 아남아파트,202502,504,363
강동구,1034. 고덕동 래미안 힐스테이트,202502,201,165
강동구,1036. 고덕동 주양쇼핑,202502,463,451
강동구,1037. 강일리버파크 6단지,202502,107,124
강동구,1038. 강일 다솜 어린이 공원,202502,137,123
강동구,1039. 고덕초등학교,202502,76,84
강동구,1041. 묘곡초등학교,202502,318,306
강동구,1042. 강일리버파크 2~5단지,202502,241,235
강동구,1044. 굽은다리역,202502,1892,1977
강서구,1150. 송정역 1번출구,202502,1326,1357
강서구,1151. 마곡역1번출구,202502,3435,3585
강서구,1152. 마곡역교차로,202502,2616,3076
강서구,"1153. 발산역 1번, 9번 인근 대여소",202502,4377,4388
강서구,1155. 기쁜우리복지관,202502,1080,974
강서구,1157. 강서구청,202502,1827,1998
성동구,510. 뚝도아리수정수센터 버스정류소 옆,202502,296,275
송파구,1251. 석촌역 2번출구,202502,1282,1292
송파구,1253. 오금역 3번 출구 뒤,202502,233,232
송파구,1256. 문정현대아파트 교차로,202502,376,347
송파구,1257. 가락시장역 사거리,202502,656,658
송파구,1258. 가락미륭아파트 앞,202502,161,161
송파구,1259. 방이역 1번출구,202502,768,760
송파구,1260. 방이동 한양3차아파트 옆,202502,626,627
성동구,511. 서울숲역 5번 출구 옆,202502,577,605
송파구,1262. 송파여성문화회관 앞,202502,1016,1043
송파구,1263. 장지공영차고지,202502,190,200
송파구,1264. 천호역 10번 출구 앞,202502,1660,1662
송파구,1265. 문정동 근린공원,202502,566,590
송파구,1266. 문정동 글샘 공원,202502,268,221
송파구,1267. 올림픽공원 남2문 앞,202502,498,451
송파구,1268. 몽촌토성역 1번출구 옆,202502,532,537
송파구,1269. 리센츠아파트 ,202502,853,774
송파구,1271. 송파도서관,202502,524,523
성동구,512. 뚝섬역 1번 출구 옆,202502,1217,1299
송파구,1274. 영파여고 앞,202502,633,630
중랑구,1442. 중랑구청 중화동 별관 앞,202502,1163,1185
중랑구,1444. 면목4치안센터,202502,521,678
중랑구,1445. 용마지구대 A,202502,159,153
중랑구,1446. 중랑전화국 교차로,202502,955,1003
중랑구,1447. 면목역 3번출구,202502,1116,1386
중랑구,1448. 코스트코 상봉점,202502,996,992
마포구,400. 상암한화오벨리스크 1차 앞,202502,516,517
강북구,1526. 강북종합시장 앞,202502,502,509
강북구,1527. 미아역 1번 출구 뒤,202502,311,311
강북구,1528. 삼각산동 주민센터,202502,351,132
강북구,1529. 미아동 한국전력공사,202502,596,592
강북구,1530. 광산사거리,202502,879,911
강북구,1531. 미아사거리 1번 출구,202502,993,1125
강북구,1532. 번3동 주민센터 교차로,202502,405,416
강북구,"1533. 번동 주공3, 4단지 교차로",202502,473,548
강북구,1535. 효성인텔리안 앞,202502,1027,1055
성동구,513. 뚝섬역 5번 출구 정류소 옆,202502,637,644
강북구,1536. 번동 두산위브 101동 옆,202502,381,357
노원구,1643. 태릉입구역 8번출구,202502,861,865
노원구,1646. 삼육대 입구,202502,117,123
노원구,1650. 중계근린공원내,202502,1686,1644
노원구,1651. 상계동 우방유쉘아파트 앞,202502,494,503
성동구,514. 성수사거리 버스정류장 앞,202502,1573,1539
노원구,1652. 파르코 앞,202502,151,141
노원구,1653. 노원역1번출구,202502,1763,1792
노원구,1654. 당고개입구 오거리,202502,335,333
노원구,1655. 공릉1단지아파트,202502,1299,1237
노원구,1656. 중앙하이츠 아파트 입구,202502,1152,1132
노원구,1657. 노원구청 ,202502,1194,1212
노원구,1659. 중계동 을지중학교,202502,513,441
노원구,1660. 서울시립과학관,202502,213,152
도봉구,1713. 쌍문동 이안아파트 앞,202502,393,96
도봉구,1714. 도봉문화정보도서관 삼거리,202502,209,34
도봉구,1715. 서울특별시교육청도봉도서관,202502,293,288
도봉구,1716. 창동역 1번출구 건너편,202502,562,581
도봉구,1719. 신도봉사거리 버스정류장,202502,465,468
도봉구,1720. 도봉구청 옆(중랑천변),202502,574,582
광진구,516. 광진메디칼 앞,202502,838,864
금천구,1839. 수출의 다리 아래,202502,461,494
금천구,1840. 솔브레인이엔지 뒤편,202502,416,431
금천구,1841. 가산동 주민센터,202502,858,855
금천구,1842. 한울중학교,202502,82,16
금천구,1843. 독산고등학교,202502,264,178
금천구,1845. 롯데캐슬골드파크1차 서문,202502,318,313
금천구,1846. 롯데캐슬골드파크1차 동문,202502,440,454
금천구,1847. 독산주공 14단지 버스정류소,202502,110,102
금천구,1848. 벽산 디지털밸리 5차,202502,663,812
동작구,2058. 동작경찰서,202502,567,736
동작구,2059. 보라매공원 정문,202502,668,680
동작구,2060. 남성역3번출구 뒤,202502,622,706
동작구,2062. 사당새마을금고,202502,193,148
관악구,2159. 인헌초교,202502,94,83
서초구,2266. 서초역 3번출구,202502,365,349
중구,300. 정동사거리,202502,612,537
서초구,2269. 주홍교 하부,202502,81,29
서초구,2270. 서초포레스타 7단지,202502,149,134
서초구,2271. 내방역 8번출구 앞,202502,350,357
서초구,2272. 교대입구 교차로,202502,210,224
서초구,2273. 일동제약 사거리,202502,200,196
서초구,2274. 양재시민의숲역 3번출구,202502,736,733
서초구,2276. 영동1교 (양재천근린공원),202502,284,291
서초구,2277. 길마중4교 하부,202502,433,497
종로구,301. 경복궁역 7번출구 앞,202502,540,373
강남구,2362. 신사동 가로수길 입구,202502,320,314
강남구,2363. 강남 을지병원 교차로,202502,185,180
강남구,2364. 도산공원교차로,202502,243,262
강남구,2365. K+ 타워 앞,202502,267,304
강남구,2368. 도곡동 경남아파트 건너편,202502,263,154
강남구,2369. KT선릉타워,202502,720,784
강남구,2370. 한티역 3번출구,202502,156,153
종로구,302. 경복궁역 6번출구 뒤,202502,1150,1087
강남구,2371. 한국우편사업진흥원,202502,144,61
강남구,2372. 대치역 사거리,202502,415,535
강남구,2373. 개포동역 사거리,202502,208,169
강남구,2375. 수서역 1번출구 앞,202502,519,585
강남구,2376. 수서역 6번출구 앞,202502,316,346
강남구,2377. 수서역 5번출구,202502,999,1025
서대문구,3100. 북성초교,202502,117,108
서대문구,3101. 서대문구청,202502,159,121
종로구,303. 광화문역 1번출구 앞,202502,1482,1488
서대문구,3102. 연희삼거리,202502,484,470
광진구,3506. 영동대교 북단,202502,796,787
광진구,3507. 어린이회관,202502,532,342
광진구,3508. 화양사거리,202502,533,489
광진구,3509. 세종사이버대학교,202502,1422,1469
성동구,3511. 응봉역 1번출구,202502,1077,1198
성동구,3513. 상왕십리역 1번출구,202502,1224,587
성동구,3514. 왕십리교회옆,202502,1206,1199
성동구,3515. 서울숲 관리사무소,202502,422,370
서대문구,115. 마스타 빌딩 앞,202502,466,346
성북구,1336. 성북3교 위,202502,300,302
성북구,1337. 돈암성당 옆,202502,691,771
성북구,1338. 용문2교 옆,202502,827,788
성북구,1339. 삼성전자서비스 성북센터,202502,340,388
성북구,1340. 광운초등학교 앞,202502,415,402
성북구,1342. 성북쉼터 앞,202502,108,29
성북구,1343. 한성대7번출구 앞,202502,202,196
성북구,1344. 아리랑시네센터 앞,202502,91,68
종로구,305. 종로구청 옆,202502,1233,1276
성북구,1346. 길음8골어린이공원 옆,202502,314,300
성북구,1347. 길음래미안아파트817동 상가 앞,202502,88,87
성북구,1348. 성북제일새마을금고 본점 앞,202502,182,184
성북구,1349. 월계2교 버스정류장 앞,202502,144,178
성북구,1351. 안암2교 옆,202502,938,1002
성북구,1352. e 편한세상 보문아파트 내,202502,58,35
성북구,1353. 금호어울림센터힐 내,202502,174,168
구로구,1956. 동아1차APT105동 버스정류장(신도림중학교 방면),202502,1005,990
구로구,1957. 구일고등학교 정문 ,202502,1187,1135
구로구,1958. 강서수도사업소민원센터,202502,1564,1619
구로구,1960. 구로거리공원 동측(신도림역 방면),202502,603,565
구로구,1961. 신도림테크노근린공원,202502,1357,1395
구로구,1962. 가리봉동주민센터,202502,1052,1032
구로구,1964. 원메디타운 앞,202502,1071,1063
구로구,1965. 삼환로즈빌아파트 105동 옆,202502,491,465
구로구,1966. 한마을아파트 정문상가,202502,516,526
구로구,1967. 참새공원(백곡경노당),202502,283,290
종로구,307. 서울역사박물관 앞,202502,545,525
구로구,1969. 궁동생태공원,202502,39,40
구로구,1971. 오정초교 앞 보도육교,202502,72,32
구로구,1973. 오리로와 서해안도로 교차로 앞,202502,167,104
구로구,1974. 신도림2차e편한세상아파트 203동 앞,202502,575,538
구로구,1975. 대림역 1번 출입구 밑,202502,921,910
구로구,1976. 남구로역 5번 출입구 앞,202502,432,250
구로구,1977. 천왕역 1번 출입구 앞,202502,918,732
종로구,308. 광화문 S타워 앞,202502,1668,1655
구로구,1979. 구로1동우체국 앞,202502,96,95
구로구,1981. 천왕지구삼거리 앞,202502,327,395
강남구,2380. 봉은사로68길 북측,202502,194,174
강남구,2381. 언주역 3번출구앞,202502,272,244
강남구,2382. 역삼동 sk뷰 501동앞,202502,272,261
강남구,2383. 보금자리정원,202502,114,137
강서구,1158. 가양역 8번출구,202502,2022,2135
종로구,309. 광화문역 6번출구 옆 B,202502,337,257
강서구,1159. 서서울모터리움 앞,202502,394,376
강서구,1160. 양천향교역 7번출구앞,202502,2669,2703
강서구,1161. 강서면허시험장 앞,202502,242,157
강서구,1162. 공항초등학교건너편,202502,1688,1675
강서구,1163. 방화동강서기동대앞,202502,1402,1381
관악구,2164. 관악우체국,202502,355,354
중구,310. 청계광장 옆,202502,582,611
관악구,2165. JK장평타워,202502,140,96
관악구,2167. 낙성대역 1번출구,202502,142,142
광진구,3518. 군자역 7번출구뒤,202502,2198,2218
관악구,2169. 봉천역 2번출구,202502,483,549
관악구,2170. 조원동 강남힐병원,202502,400,395
광진구,3517. 용마사거리,202502,767,855
관악구,2172. 나들목공원,202502,199,190
관악구,2173. 당곡사거리,202502,1060,1051
관악구,2174. 삼성디지털프라자관악점,202502,338,333
관악구,2175. 신림동걷고싶은문화의거리입구,202502,492,497
광진구,3516. 구의아리수정수센터앞,202502,439,346
구로구,1983. 구로동롯데아파트,202502,445,427
구로구,1985. 구로도서관,202502,2092,1884
금천구,1849. 대륭포스트타워5차,202502,271,272
금천구,1850. 코오롱테크노밸리,202502,202,212
노원구,1661. 당현천근린공원,202502,862,793
노원구,1662. 노원역7번출구,202502,1289,1424
노원구,1663. 동해문화예술관앞,202502,1011,973
노원구,1664. 노해근린공원내,202502,278,235
노원구,1665. 양지근린공원앞,202502,620,478
노원구,1666. 노원소방서인근,202502,450,319
노원구,1667. 중계중학교,202502,966,820
노원구,1668. 중계역 6번출구,202502,1447,1734
노원구,1669. 중계역 3번출구,202502,1061,1076
노원구,1670. 노원경찰서교차로,202502,638,601
노원구,1671. 인덕대학교,202502,297,290
노원구,1672. 상계동수락리버시티,202502,217,248
노원구,1674. 서울북부고용센터앞,202502,1345,1420
도봉구,1722. 창동청소년수련관,202502,529,507
도봉구,1723. 방학동학마을도서관,202502,237,214
도봉구,1725. 창1동주민센터,202502,171,214
도봉구,1726. 삼익세라믹아파트교차로,202502,473,477
도봉구,1727. 서울도봉초등학교인근,202502,244,209
종로구,314. 국립현대미술관,202502,572,530
동대문구,648. 장안동위더스빌옆,202502,1364,1368
동대문구,650. 중랑교사거리,202502,535,455
서초구,2279. 교대역 5번출구뒤,202502,630,719
서초구,2280. 서울서초고용센터앞,202502,292,232
서초구,2281. 연세사랑병원신관앞,202502,97,103
서초구,2283. 그룹한빌딩옆,202502,223,70
서초구,2284. CJ오쇼핑앞,202502,141,62
서초구,2285. LH서초3단지 301동 맞은편,202502,96,96
서초구,2286. 탑성마을입구,202502,17,2
서초구,2287. 능안마을입구,202502,20,6
서초구,2288. 안골마을입구,202502,22,18
서초구,2289. 남태령역 2번출구,202502,57,19
성북구,1354. 고려대학교 2번출구,202502,607,604
종로구,316. 종각역 1번출구 앞,202502,1098,1061
영등포구,275. 신동아아파트,202502,1511,1453
영등포구,276. 영등포로터리2,202502,577,577
영등포구,278. 쌍용플레티넘오피스텔,202502,1264,1091
용산구,827. 국군복지단,202502,235,131
용산구,828. 숙대입구역 8번,202502,391,525
용산구,829. 한강대교 북단 교차로,202502,733,604
용산구,830. 강변삼성스위트아파트 앞,202502,123,109
은평구,954. 은평뉴타운구파발9단지,202502,226,253
은평구,956. 응암시장교차로,202502,1075,1256
중랑구,1449. 상봉역 1번출구,202502,1129,1192
중랑구,1450. 화랑대역 7번출구,202502,525,525
중랑구,1451. 중랑세무서,202502,984,1077
중랑구,1452. 겸재교 진입부,202502,949,1064
관악구,2171. 서울대입구역 5번출구,202502,452,479
강서구,1165. 마곡중학교 후문,202502,925,608
용산구,832. 이촌1동 주민센터 뒤,202502,428,449
중구,318. 광교사거리 남측,202502,523,549
용산구,834. 효창공원앞역 3번출구 뒤,202502,706,726
용산구,836. 현대자동차서비스 앞,202502,282,251
용산구,837. 한남나들목 입구,202502,377,389
중랑구,1453. 중랑캠핑숲,202502,45,54
중랑구,1454. 한국전력공사(동대문 중랑지사),202502,437,450
노원구,1675. 월계문화체육센터,202502,140,126
노원구,1677. 육군사관학교  앞,202502,500,506
양천구,749. 이대목동병원보도육교,202502,679,777
강서구,1166. 강서구립등빛도서관,202502,2765,2763
강서구,1167. 마곡수명산파크3단지 교차로,202502,2675,2529
영등포구,279. 영등포 푸르지오 아파트 B,202502,1176,1035
동작구,2064. 흑석한강푸르지오 106동앞,202502,9,8
동작구,2065. 서울시여성가족재단,202502,164,192
관악구,2176. 보라매공원 보도육교,202502,840,840
중구,320. 을지로입구역 4번출구 앞,202502,749,766
서초구,2293. SPC 앞,202502,316,277
서초구,2294. 두상빌딩 앞,202502,610,617
강남구,2384. 자곡사거리,202502,841,853
강남구,2385. 학동역,202502,339,308
강남구,2386. 크린랩 본사,202502,118,62
송파구,1275. 거여초등학교 옆,202502,242,263
중구,321. KEB 하나금융그룹 명동사옥 옆,202502,599,608
강동구,1048. 둔촌어린이공원,202502,898,907
강동구,1049. 강일리버파크 10단지,202502,243,276
종로구,393. 동대문역 8번 출구,202502,1313,1289
종로구,394. 경희궁 자이 3단지,202502,477,642
종로구,395. 경희궁 자이 2단지,202502,522,476
중랑구,1455. 상봉역 2번 출구,202502,1215,1363
용산구,838. 숙대입구역 4번출구,202502,473,759
광진구,3520. 광진경찰서,202502,1418,1428
광진구,3521. 현대홈타운 뒷길,202502,96,62
중구,322. 명동성당 앞,202502,341,303
중랑구,1456. 상아빌딩(우림시장 교차로),202502,542,625
중랑구,1457. 동원사거리,202502,276,268
성북구,1357. 북한산보국문역,202502,94,98
성북구,1358. 정릉도서관 앞,202502,134,140
성북구,1360. 정릉역,202502,223,224
강북구,1537. 북한산 우이역,202502,191,154
강북구,1538. 솔밭공원역,202502,61,69
강북구,1539. 4.19민주묘지역,202502,198,256
강북구,1540. 가오리역,202502,459,465
강북구,1541. 삼양역,202502,84,76
강북구,1542. 삼양사거리역,202502,205,204
노원구,1678. 성서대학교 밀알관,202502,48,48
노원구,1679. 삼육대 도서관,202502,55,22
노원구,1680. 삼육대 제3과학관,202502,18,12
마포구,427. 성산시영아파트,202502,814,850
양천구,750. 연의근린공원 건너편,202502,422,448
중구,324. 신세계백화점 본점 앞,202502,347,420
양천구,752. 성원2차 아파트,202502,477,362
강서구,1168. 마곡엠밸리10단지 앞,202502,1360,1080
금천구,1851. 가산디지털단지 9번출구 인근,202502,1793,1769
서초구,2297. 남부터미널역 1번출구,202502,320,287
서초구,2299. 한전아트센터 앞,202502,302,342
강남구,2387. 래미안강남힐즈 사거리,202502,340,348
송파구,1277. 성내7교,202502,529,549
송파구,1278. 송파구청 교차로,202502,996,1025
송파구,1279. 마천금호어울림 1차아파트 건너편,202502,129,123
송파구,1280. 송파파크데일 2단지입구 앞 주차장,202502,211,204
송파구,1282. 송파소방서 맞은편(성내4교),202502,774,873
송파구,1283. 오금공원 사거리,202502,75,44
송파구,1285. 위례별 유치원 뒤,202502,171,170
송파구,1286. 위례중앙푸르지오 1단지 앞,202502,503,514
송파구,1287. 위례아이파크 101동 맞은편,202502,179,183
송파구,1288. 문정중교 사거리,202502,595,461
종로구,326. 안국역 5번출구 앞,202502,616,561
강동구,1050.  둔촌역 3번 출입구,202502,2422,2494
강동구,"1051. 강일중,선사고 버스정류장(신암중학교 방면)",202502,373,379
송파구,1289. 풍납토성 서성벽터B,202502,290,288
강북구,1543. 수유1동 주민센터,202502,323,322
성북구,1361. 홍익중고 입구,202502,439,262
노원구,1681. 현대6차 아파트,202502,870,571
노원구,1682. 중계종합사회복지관 교차로,202502,311,292
광진구,3510. 중곡SK아파트앞,202502,324,205
광진구,3523. 건국대학교 과학관(이과대) 앞,202502,244,244
종로구,327. 낙원상가 옆,202502,670,774
종로구,397. 종묘공영주차장 건너편,202502,158,134
강남구,2388. 강남구 도시관리공단,202502,270,142
도봉구,1728. 서울북부지방법원,202502,204,203
중구,398. 을지로3가역 3번출구,202502,916,920
중구,399. 서울역 센트럴 자이아파트,202502,624,321
중구,428. 명보사거리,202502,269,247
중구,429. 송도병원,202502,58,10
중구,430. 장충동먹자골목 앞,202502,483,503
종로구,328. 탑골공원 앞,202502,349,347
중구,431. 청계천 영도교,202502,1770,1811
용산구,839. 보광동 삼성리버빌아파트 앞,202502,188,178
용산구,840. 용산 파크타워 앞,202502,215,240
용산구,841. 신용산역 1번 출구,202502,501,702
용산구,843. 이태원관광특구B(용산구청쪽),202502,394,110
용산구,844. 이촌2동 동원베네스트 아파트 앞,202502,483,487
동대문구,652. 답십리 래미안엘파인아파트 입구,202502,384,377
동대문구,654. 전농동 텃골공원,202502,424,246
종로구,329. 청계2가 사거리 옆,202502,627,680
중랑구,1458. 상봉터미널2,202502,934,918
중랑구,1459. 용마한신아파트사거리,202502,181,212
성북구,1362. 보문역6번출구 앞,202502,629,703
성북구,1363. 보문4교 인근,202502,952,882
성북구,1364. 성북동 치안센터 앞,202502,289,269
성북구,1365. 선잠단지 앞,202502,141,84
성북구,1366. 일신초등학교 옆,202502,112,109
성북구,1367. 길음문화복합미디어센터,202502,350,349
성북구,1368. 성신여대입구 교차로,202502,327,346
도봉구,1729. 도봉한신아파트 버스정류장,202502,436,449
도봉구,1730. 도봉산역 교차로 앞,202502,65,86
도봉구,1731. 도봉고등학교 맞은편,202502,67,51
도봉구,1732. 방학역사거리,202502,315,340
도봉구,1733. 방학사거리 (봄마당 앞),202502,312,258
도봉구,1734. 쌍문현대1차아파트 108동 앞,202502,348,292
도봉구,"1735. 도봉역 1,2번 출구사이 건너편",202502,376,363
도봉구,1736. 버스정류장 앞,202502,167,146
도봉구,1737. 신창시장,202502,789,837
중구,331. 을지로2가 사거리 북측,202502,533,647
도봉구,1738. 창동주공17단지 상가앞,202502,691,712
노원구,1683. 노원문화예술회관,202502,879,890
노원구,1684. 태릉입구역 5번출구,202502,1504,1576
노원구,1685. 불암고등학교 앞 횡단보도,202502,622,621
노원구,1686. 상계주공10단지 종합상가 앞,202502,868,863
은평구,958. 본 서부병원 버스정류장(은평 세무서 방면),202502,511,592
중구,332. 을지로2가 사거리 남측,202502,558,563
은평구,959. 구파발10단지 인근,202502,162,183
은평구,960. 구파발역 환승센터,202502,300,381
은평구,961. 불광역 9번 출구,202502,445,443
은평구,962. 은평뉴타운 힐데스하임,202502,324,342
은평구,963. 불광롯데캐슬아파트 앞,202502,260,249
은평구,964. 북한산힐스테이트 7차아파트,202502,201,159
은평구,965. 서울특별시 은평병원,202502,298,77
은평구,966. 서울혁신파크1,202502,40,41
은평구,967. 서울혁신파크2,202502,67,66
은평구,968. 은평뉴타운 상림마을 13단지,202502,61,56
은평구,969. 은평 지웰테라스,202502,28,22
서대문구,3103. 홍제삼거리 북측,202502,301,307
서대문구,3104. e편한세상 신촌4단지 앞,202502,294,297
서대문구,3105. 홍은센트레빌 아파트 앞,202502,121,47
마포구,432. 마포중앙도서관,202502,148,25
양천구,754. 목동1단지아파트 118동 앞,202502,994,1006
양천구,755. 목동1단지아파트 상가 앞,202502,1328,1373
양천구,756. 목동주차장,202502,633,757
양천구,757. 신정이펜하우스 1단지아파트 입구 사거리,202502,354,158
양천구,758. 한사랑교회 앞,202502,591,586
마포구,111. 상수역 2번출구 앞,202502,624,638
종로구,334. 종로3가역 2번출구 뒤,202502,693,657
양천구,759. 보아스아파트 앞,202502,447,449
양천구,760. 잣절보도육교 아래,202502,310,250
양천구,762. 오목로 무중력지대 앞,202502,373,327
양천구,763. 목동11단지 아파트,202502,554,498
강서구,1169. 염창역 1번 출구,202502,1110,1181
강서구,1170. 강서구보건소,202502,569,294
강서구,1171. 염창동 새마을금고 건너편,202502,456,477
강서구,1172. 가양3동 주민센터,202502,921,992
종로구,335. 종로3가역 15번출구 앞,202502,693,686
강서구,1173. 강서구청사거리(SH타워),202502,1898,1719
강서구,1174. 강서구청사거리(부민병원),202502,887,917
강서구,1175. 대한항공 인력개발센터,202502,684,491
강서구,1177. 수명중?고교,202502,979,949
강서구,1178. 개화산역 2번 출구,202502,350,352
강서구,1180. 마곡엠밸리 15단지(1502동) 건너편,202502,1760,1813
강서구,1181. 농수산식품공사 (강서지사),202502,206,221
강서구,1182. KBS 스포츠월드,202502,2106,2087
중구,336. 충무로역 6번출구 앞,202502,693,651
강서구,1183. 강서대학교,202502,297,129
구로구,1986. 태평양물산,202502,1509,1716
구로구,1987. 개봉아이파크아파트 앞,202502,452,495
구로구,1988. 고척LIGA아파트 앞,202502,1056,1028
구로구,1991. 오류동역 맞은편,202502,679,756
구로구,1992. 구로구배드민턴실내체육관 앞,202502,144,165
구로구,1993. 금강수목원아파트 앞,202502,347,333
구로구,1994. 삼성전자 물류센터 앞,202502,903,884
종로구,337. 창경궁 입구,202502,288,286
구로구,1996. 구일역 1번 출입구 앞,202502,708,711
금천구,1853. 서울디자인직업전문학교 앞,202502,251,229
금천구,1854. 가산아네스트 오피스텔 앞,202502,444,161
금천구,1855. 성지아파트 옆 도로변,202502,69,76
금천구,1856. 모두의학교,202502,237,200
금천구,1857. 주공14단지,202502,169,161
영등포구,280. 양평동6차현대아파트 앞,202502,1804,1785
종로구,338. 세운스퀘어 앞,202502,325,327
영등포구,281. 대림신동아아파트 앞,202502,625,595
영등포구,282. 신한은행 대림동지점,202502,343,381
동작구,2066. 양문교회 앞,202502,735,751
동작구,2067. 보라매역?동작세무서 버스정류장(강남중학교방면),202502,665,686
동작구,2068. 총신대 앞(육교),202502,83,16
동작구,2070. 노량진역 2번 출구 앞,202502,460,507
관악구,2177. 신대방역 2번 출구,202502,2196,2342
관악구,2178. 서울대학교 정문,202502,213,102
관악구,2179. 양녕로 입구,202502,370,378
종로구,339. 종로4가 사거리,202502,597,574
서초구,2501. 서초 포레스타5단지,202502,212,205
서초구,2502. 서초역1번출구 앞,202502,209,170
서초구,2503. 반포1동 서초빌딩 앞,202502,599,617
서초구,2504. 신사역 4번출구 뒤,202502,454,350
서초구,2505. 우성아파트사거리 (기업은행앞),202502,718,722
서초구,2506. LG유플러스 (방배사옥),202502,44,24
강남구,2389. 경기여자고등학교 후문 (삼성로3길 입구),202502,323,323
종로구,340. 혜화동 로터리,202502,653,701
강남구,2390. 구룡마을 입구 (래미안블레스티지 아파트),202502,294,282
강남구,2391. 구룡터널 입구(개포1단지아파트),202502,3,2
강남구,2392. 구룡산 입구 (구룡산 서울둘레길 입구),202502,105,41
강남구,2394. 개포래미안포레스트아파트 107동 앞,202502,397,263
강남구,2396. 영동3교 북단(우성캐릭터 앞 보도),202502,177,175
강남구,2398. 더라움,202502,156,129
종로구,341. 혜화역 3번출구 뒤,202502,624,650
강남구,2401. 밀알학교 입구 (삼성서울병원 입구),202502,130,87
강남구,2403. 공무원연금매점 교차로 (개포주공9단지 입구),202502,328,324
강남구,2404. 대모산입구역 4번 출구 앞,202502,728,718
강남구,2405. 청담공원앞 교차로,202502,433,125
강남구,2406. 논현동 광명빌딩 앞,202502,148,139
강남구,2407. 역삼서초삼성 세무서 앞 (역삼빌딩 앞),202502,591,572
강남구,2408. 강남한양수자인아파트,202502,578,609
송파구,1290. 위례송파꿈에그린아파트24단지 앞 성벽 다리 밑,202502,384,379
종로구,342. 대학로 마로니에공원,202502,919,914
송파구,1291. 서울체육고등학교 앞,202502,523,585
송파구,1293. 석촌호수 서호 사거리,202502,1413,1437
송파구,1295. 잠실역 8번출구,202502,1575,1563
송파구,1296. 석촌호수교차로 (송파나루근린공원 앞),202502,248,229
송파구,1297. 석촌호수교차로(동호 팔각정 앞),202502,1325,1372
송파구,1299. 송파소방서 (방이119안전센터),202502,334,313
송파구,1300. 오륜사거리,202502,333,323
종로구,343. 힐스테이트창경궁 아파트 앞,202502,607,597
송파구,2601. 석촌호수 아뜰리에,202502,981,1065
송파구,2603. 송파 글마루 도서관,202502,327,330
강동구,1053. 동명근린공원 진입로 (아리수로),202502,162,183
강동구,1054. 말우물 어린이 공원,202502,153,180
강동구,1056. 강일리버파크 7~11단지,202502,176,167
강동구,1057. 능골근린공원,202502,358,337
성동구,3525. 금호스포츠센터앞,202502,226,261
종로구,344. 성균관대 E하우스 앞,202502,391,358
성동구,3527. 왕십리 자이아파트(101동 앞),202502,30,6
광진구,3528. 광진정보도서관,202502,622,723
광진구,3529. 어린이대공원정문,202502,284,252
종로구,452. 동대문 종합시장 버스정류장,202502,435,461
종로구,453. 종로오가 지하쇼핑센터 14번출구,202502,650,656
종로구,454. 종로2가 버스정류장 (종각방향),202502,564,599
종로구,455. 종로6가역 버스정류장(동대문 방향),202502,974,987
종로구,456. 숭인2동 주민센터 입구,202502,797,828
종로구,345. 서울보증보험본사 앞,202502,735,772
종로구,457. 종로꽃시장 입구 옆,202502,615,629
종로구,458. 광화문역 5번출구,202502,1029,991
용산구,845. 용산 선인상가,202502,350,414
성동구,3530. 왕십리자이아파트 후문(삼거리),202502,208,121
성동구,3531. 논골사거리(금호도서관 입구),202502,133,20
성동구,3532. 왕십리KCC스위첸아파트,202502,120,110
종로구,461. 서울지방경찰청,202502,504,510
중구,346. 맥스타일 앞,202502,378,399
강동구,1060. 천일초교 사거리,202502,371,372
강동구,1061. 천호초교 입구 사거리(일주빌딩),202502,537,511
강동구,1058. 고덕숲 아이파크 1,202502,73,78
동대문구,661. 경희대학교 청운관,202502,372,328
강동구,1059. 래미안 강동팰리스(102동),202502,736,504
송파구,2604. 풍납토성 서성벽터A,202502,606,652
동대문구,656. 영휘원 교차로,202502,469,555
동대문구,657. 동대문롯데캐슬아파트 앞,202502,761,797
중구,347. 동대문역사문화공원역 9번출구 앞,202502,316,342
동대문구,659. 제기동역 1번출구,202502,1178,1170
동대문구,660. 동의보감타워,202502,1049,1169
성북구,1370. 복자사랑 피정의 집,202502,122,54
성북구,1372. KEB은행 고대점,202502,445,391
성북구,1373. 성북구보건소 건너편,202502,296,293
도봉구,1741. 제일강산수산입구,202502,485,387
노원구,1688. 마들역 7번출구,202502,1194,1195
노원구,1689. 마들역 3번출구,202502,747,767
노원구,1690. 도봉운전면허시험장 버스정류장 옆,202502,561,548
노원구,1691. 노원정보도서관,202502,871,862
강서구,1184. 마곡13단지,202502,2161,2080
강서구,1185. 등촌9단지,202502,895,779
강서구,1186. 송정중학교,202502,657,660
금천구,"1858. 500번,507번 버스 종점 앞",202502,106,122
영등포구,283. 아크로타워 스퀘어(영등포시장),202502,1575,1444
종로구,349. 어린이도서관,202502,423,383
영등포구,284. 센트럴 푸르지오 시티 앞,202502,1141,1083
영등포구,285. 콤텍시스템 앞,202502,453,501
영등포구,286. 우성아파트 교차로,202502,553,611
영등포구,287. 영등포전화국사거리 (서강어린이공원),202502,1247,1236
서초구,2508. 양재이스타빌 앞,202502,471,520
서초구,2509. 심산기념문화센터,202502,380,352
송파구,2605. 복정역 1번 출구 앞,202502,751,728
송파구,2606. 위례동주민센터,202502,751,777
광진구,3533. 건대입구역 사거리(롯데백화점),202502,2576,2879
광진구,3534. 건대입구역 5번출구 뒤,202502,2186,2333
광진구,3536. 중앙농협(자양동),202502,1260,1275
광진구,3537. 아차산 휴먼시아 아파트 옆,202502,229,95
강북구,1546. 송천동우체국,202502,144,268
동작구,2069. 숭실대 입구역3번 출구 앞,202502,192,169
중구,433. 을지로입구역 2번출구,202502,854,866
중구,434. 신당 래미안 버스정류장,202502,241,11
종로구,351. 청운초교 앞 삼거리,202502,450,296
중구,435. SK 남산빌딩,202502,147,120
동대문구,663. 외대앞역 3번출구,202502,757,759
노원구,1692. 온곡초교 교차로,202502,908,613
은평구,971. 역촌 센트레빌 아파트,202502,327,36
마포구,436. 이대역 5번출구,202502,513,88
강서구,1187. 강서수산물도매시장,202502,709,771
영등포구,288. 쌍용예가(구청별관),202502,811,825
관악구,2183. 동방1교,202502,554,563
강남구,2409. 역삼동 디오슈페리움 (우성아파트 사거리),202502,402,423
종로구,352. 중앙고입구 삼거리,202502,233,69
강남구,2410. 포스코피앤에스타워 (역삼역 3번출구 부근),202502,461,360
송파구,2608. 송파구청,202502,2668,2704
송파구,2609. 보성중고등학교 후문 앞,202502,110,97
송파구,2611. 송파지역자활센터 뒤,202502,1545,1587
송파구,2612. 광평교사거리 인근,202502,15,15
강동구,3539. 서원마을,202502,30,36
강동구,1084. 윤선생빌딩(JYP사옥),202502,1848,2148
강서구,1193. 마곡센트럴타워 1차,202502,1531,1681
강서구,"1191. 마곡역 버스정류장(마곡나루역1번출구, 웰튼병원 방면)",202502,2052,2020
종로구,353. 재동초교 앞 삼거리,202502,475,461
마포구,437. 대흥역 1번출구,202502,444,605
마포구,438. 성산2-1 공영주차장,202502,649,495
강서구,1199. 우장산역 3번출구,202502,627,428
강서구,1200. 개화광역환승센터,202502,169,143
구로구,1998. 고척교 교차로,202502,180,133
영등포구,289. 대림3동사거리,202502,748,720
영등포구,290. 새말소공원,202502,1573,1421
영등포구,291. 문래동 하이테크 시티,202502,1396,1376
서대문구,117. 홍은사거리,202502,1045,1055
종로구,354. 포르투갈 대사관 앞,202502,839,458
영등포구,292. 영일 어린이공원,202502,892,872
영등포구,293. 충북 미래관,202502,1555,1390
관악구,2184. 구암초등학교 버스정류장,202502,75,11
강남구,2411. 세곡동 성당,202502,359,376
송파구,2613. 잠실나들목,202502,583,590
송파구,2614. 가락고등학교 앞,202502,212,174
송파구,2615. 테라타워2,202502,1284,1301
강서구,1188. 롯데중앙연구소,202502,233,271
강서구,1190. 마곡역 교차로(2번출구),202502,1444,1439
종로구,355. 서울사대부설초등학교 앞,202502,658,627
강서구,1192. 마곡수명산파크 209동 건너편,202502,1542,1230
강서구,1195. 코오롱One&Only타워,202502,1323,1377
강서구,1196. 서울식물원(문화센터) 건너편,202502,167,168
강서구,1197. 엠펠리체 호텔 건너편,202502,1213,1245
강서구,1198. LG 사이언스파크,202502,1197,1118
송파구,2616. 거여동 사거리,202502,159,162
송파구,2617. 가락삼환아파트 앞,202502,156,110
강서구,2701. 마곡나루역 5번출구 뒤편,202502,5910,6001
송파구,2621. 한성백제역 2번 출구,202502,1114,1127
종로구,356. KT혜화지사 앞,202502,611,621
송파구,2622. 올림픽공원역 3번출구,202502,2336,2330
용산구,846. 용산중학교,202502,474,388
광진구,3542. 래미안 구의파크 스위트,202502,1281,1300
성북구,1375. 생명의 전화 종합복지관 앞 교차로,202502,535,532
강북구,1547. 꿈의숲 롯데캐슬,202502,182,63
강북구,1548. 북서울 꿈의숲 서문,202502,212,116
도봉구,1742. 북한산 코오롱 하늘채,202502,762,768
강서구,2702. 마곡 엠밸리2단지,202502,1036,1021
송파구,2618. 삼전역 1번출구,202502,887,942
송파구,2619. 석촌고분역 4번출구,202502,896,979
종로구,358. 성균관대입구 사거리 A,202502,384,375
송파구,2620. 송파나루역 4번 출구옆,202502,2234,2449
양천구,765. 오목교역 3번출구,202502,2896,3027
구로구,1999. 수궁동 성당 주변,202502,197,233
구로구,2000. 신도림4차 e편한세상 아파트 1109동 앞,202502,711,659
금천구,1859. 대륭테크노타운 18차,202502,353,350
서초구,2510. JW타워,202502,187,101
양천구,766. 신목동역 3번출구,202502,454,404
서초구,2511. 이수역 6번출구 앞,202502,369,338
종로구,359. 원남동사거리,202502,686,771
노원구,1693. 원자력 병원,202502,284,149
동작구,2071. 대림아파트 후문 상가 옆,202502,322,47
성북구,1376. 한국과학기술연구원 중문,202502,116,99
성북구,1377. 한국과학기술연구원 북문,202502,83,82
종로구,361. 동묘앞역 1번출구 뒤,202502,1722,1886
구로구,2801. 대륭포스트타워1차,202502,1126,1121
마포구,440. 하늘공원 입구,202502,180,137
종로구,464. 삼청동 골목,202502,527,410
관악구,2185. 대학동 고시촌,202502,389,366
동대문구,664. 서울시립대 건설공학관,202502,157,118
종로구,465. 삼청공원 앞,202502,14,1
종로구,362. 청계8가사거리 A,202502,1021,1032
광진구,3543. 세종대학교(학술정보원),202502,182,141
중구,441.염천교사거리,202502,485,504
강동구,1063.강동롯데캐슬퍼스트 아파트(관리동),202502,232,228
강동구,1064.중앙보훈병원역 1번출구,202502,354,222
강동구,1065.보훈병원 후문옆(더 원커피),202502,297,273
강동구,1066.생태공원앞 교차로(조명탑),202502,53,53
강동구,1067.한영중고앞사거리,202502,171,154
강동구,1068.명일파출소,202502,352,331
중구,442.서울역 서부,202502,127,157
중구,443.호암아트홀,202502,102,115
종로구,363. 신설동역 11번출구 뒤,202502,1018,1001
중구,445.대한상공회의소,202502,525,543
중구,466.롯데호텔,202502,218,232
중구,467.한국은행,202502,212,293
중구,468.웨스틴 조선호텔,202502,244,294
중구,469.회현역 1번출구,202502,226,193
중구,470.회현역 7번출구,202502,184,161
중구,471.회현사거리 남측,202502,350,325
중구,472.삼일교(시그니쳐 타워),202502,580,566
중구,473.을지로4가역 9번출구,202502,1043,1051
종로구,364. 창신역 1번출구 앞,202502,335,214
중구,474.동대문역사문화공원역 1번출구 뒤편,202502,987,873
중구,475.DDP 패션몰,202502,835,838
중구,476.광희문,202502,424,420
중구,477.앰배서더 호텔 주변,202502,338,117
중구,479.동대입구역 3번 출구,202502,148,137
중구,480.약수역 6번 출구,202502,153,155
중구,483.남산타운아파트 버스정류장,202502,92,41
중구,485.서울역5번출구,202502,445,536
송파구,2641.송파역 4번출구,202502,1331,1320
송파구,2642.마천동 성내천 쉼터,202502,362,336
송파구,2643.풍납중학교 측면,202502,142,115
송파구,2644. 성내5교,202502,609,696
송파구,2645.잠실나들목2(엘스아파트136동),202502,432,431
종로구,3401.창신두산아파트,202502,76,78
종로구,3402.이화공영주차장,202502,272,261
마포구,113. 홍대입구역 2번출구 앞,202502,2832,3598
종로구,367. 독립문역 3-1번출구 ,202502,786,480
종로구,3404.서울특별시 중부교육지원청,202502,60,85
종로구,3405.파크팰리스,202502,532,461
종로구,3407.안국동사거리(신),202502,864,869
종로구,3408.종로타워빌딩,202502,776,774
종로구,3410.종로3가역 8번출구,202502,1620,1611
종로구,3411.종묘,202502,563,558
종로구,3412.세운상가,202502,419,424
종로구,368. SK 서린빌딩 앞,202502,736,826
종로구,3413.종로플레이스,202502,1549,1731
종로구,3414.종로5가역 4번출구,202502,666,738
종로구,3415.동대문역6번출구,202502,732,818
종로구,3416.동묘앞역 6번출구,202502,1029,1102
종로구,3417.창신3동주민센터,202502,498,459
종로구,3418.창신역2번 출구,202502,177,48
종로구,3419.국립어린이과학관,202502,217,192
종로구,3420. 성균관대입구 사거리 B,202502,533,554
종로구,3421.혜화역 1번출구,202502,830,857
종로구,3422.성균관대 정문,202502,742,656
종로구,3425.광화문 풍림스페이스본 1단지앞,202502,505,293
종로구,3426.독립문역 2번출구 뒤,202502,169,103
종로구,3427.인왕산 아이파크 정문,202502,177,75
종로구,3428.서울미술관,202502,63,16
종로구,3429.HW컨벤션센터 앞,202502,86,26
종로구,3430.구기치안센터 앞,202502,75,20
종로구,3431.로제우스 레포츠센터,202502,103,59
종로구,3432.종로2가 사거리,202502,691,623
종로구,348. 독립문역 사거리,202502,561,331
강동구,1070.(시립)고덕평생학습관,202502,531,476
강동구,1072.고덕역 5번출구,202502,713,651
강동구,1073. SSTS 몰 앞,202502,359,364
강동구,1074.대명초교입구 사거리,202502,649,583
강동구,1075.천동초교 삼거리,202502,994,999
강동구,1076. 천동초교입구사거리 버스정류장(십자성마을 방면),202502,869,879
강동구,1077.강동역 1번출구 앞,202502,1140,1136
강동구,1078.둔촌사거리,202502,1757,1759
강동구,1079.강일동입구교차로,202502,296,311
강동구,1081.트레빌빌딩,202502,1011,977
강동구,1083.광문고교사거리(아이파크),202502,229,232
강동구,1085.래미안 솔베뉴(고덕로),202502,463,239
강동구,1086.래미안 솔베뉴(구천면로),202502,230,228
강동구,1088.풍납사거리(강동),202502,786,781
강동구,1089.고덕 래미안힐스테이트(201동),202502,124,87
중구,370. 시청역(2호선) 9번출구 뒤,202502,1078,978
강동구,1090.상일동역 2번출구 앞,202502,800,801
송파구,2623.석촌동 주민센터,202502,1693,1585
송파구,2625.가락종합 사회복지관,202502,148,109
송파구,"2626.경찰병원역 1,2번 출구 사이",202502,262,256
송파구,2627.문정시영아파트 5동 앞 공원,202502,492,284
송파구,2628.문정역 1번출구,202502,1562,1711
송파구,2630.서울방이동 고분군,202502,1015,954
송파구,2631.배명고등학교,202502,330,352
송파구,2632.석촌고분역 2번 출구,202502,1143,1176
중구,371. 동대입구역 6번출구 뒤,202502,229,242
송파구,2633.송파학사 옆,202502,355,313
송파구,2634.위례포레샤인아파트 2318동,202502,231,240
송파구,2635.잠실새내역 1번출구,202502,1046,1047
송파구,2637. 아시아지하보도 14번 출구,202502,1120,1206
송파구,2639.석촌역 8번출구,202502,1826,1813
송파구,2646.레이크펠리스101동앞,202502,1536,1564
송파구,2647.잠실 자전거 수리센터 앞,202502,928,933
송파구,2648.헬리오시티 112동 앞,202502,438,407
중구,372. 약수역 3번출구 뒤,202502,281,294
송파구,2649.오금공원사거리2,202502,148,89
송파구,2650.위례22단지 2208동 다리앞,202502,174,186
송파구,2651.경찰병원역 3번출구 앞,202502,584,582
송파구,2652.송파 레미니스1단지 102동 앞,202502,372,292
송파구,2653.올림픽공원사거리(선수촌아파트),202502,566,573
송파구,2654.올림픽선수촌아파트 136동 앞,202502,421,349
송파구,2655.송이공원,202502,294,269
송파구,2657.송파 파인타운 11단지 ,202502,288,297
송파구,2656.풍납동 아이파크 107동 앞,202502,739,738
강남구,2413.도곡역 1번 출구,202502,518,600
강남구,2414. 도곡역 아카데미스위트 앞,202502,716,809
강남구,2415.한티역 롯데백화점 앞,202502,471,474
강남구,2416.한티역 6번 출구,202502,308,302
강남구,"2417.선정릉 디캠프(D,CAMP)앞",202502,100,74
강남구,2418.봉은사역 7번 출구 ,202502,325,325
강남구,"2419.봉은사역 1,2번 출구 ",202502,233,233
강남구,2420.학여울역 사거리(LG베스트샵 앞),202502,422,362
강남구,2422.수서동 성당 맞은편,202502,142,159
강남구,2423.영희초교 사거리(래미안개포루체하임),202502,539,610
중구,374. 청구역 2번출구 앞,202502,685,784
강남구,2425.세곡동 사거리(대왕초등학교 정류장),202502,70,69
강남구,2426.강남한신휴플러스 6단지,202502,292,262
강남구,2427.개포고등학교 정문앞,202502,363,361
강남구,2429.압구정로데오역 6번출구,202502,348,336
강남구,2430.강남파이낸스센터앞(역삼역2번출구),202502,216,188
강남구,2431.대치역 7번출구,202502,645,676
서초구,2514.사평역 2번출구,202502,282,273
마포구,118. 광흥창역 2번출구 앞,202502,342,386
서초구,2515.서초초등학교 후문,202502,523,514
서초구,2516.본마을 노인복지센터 앞,202502,108,130
서초구,2517. 서초그랑자이 앞,202502,217,216
서초구,2518. 서초동 현대아파트 앞,202502,214,218
서초구,2519.서초2교(사임당로 방면),202502,109,109
서초구,2520.서초1교 (진흥아파트 방면),202502,222,192
서초구,2521.서초 크로바타워 앞,202502,331,383
서초구,2523.뉴코아 킴스클럽 앞,202502,436,439
서초구,2524.반포쇼핑타운 8동 앞,202502,370,372
서초구,2525.반포쇼핑타운 2동 앞,202502,733,873
서초구,2529.우리은행 방배동지점 앞,202502,303,306
서초구,2530.삼호3차아파트 앞,202502,495,516
서초구,2531.멤피스아파트 앞,202502,730,808
서초구,2532.국립국악원 앞,202502,71,18
서초구,2533.한가람미술관 앞,202502,170,166
서초구,2535.신반포역 3번출구 뒤,202502,175,183
서초구,2536.서초종합체육관 입구,202502,39,30
서초구,2537.양재역 8번출구 앞,202502,536,438
서초구,2538.사평리근린공원,202502,528,532
서초구,2540.반포천 앞,202502,515,546
서초구,2541.옛골 입구,202502,36,8
서초구,2542.신논현타워 앞,202502,562,560
서초구,2545.국립중앙도서관(국제회의장옆),202502,219,68
금천구,1861.IBK기업은행 석수역 지점 앞,202502,31,36
금천구,1862.스타즈호텔독산 빌딩 앞,202502,388,360
금천구,1863.위너스 스포츠클럽 골프연습장옆,202502,155,155
금천구,1864.산호시티빌 옆,202502,191,85
금천구,1865.금천구청앞(M빌딩),202502,145,140
금천구,1866.서울안천초등학교 옆,202502,75,75
금천구,1867.대륭포스트타워6차 앞,202502,2723,3106
금천구,1868.우리은행 시흥남자동화점 앞,202502,202,197
중구,379. 서울역9번출구,202502,414,490
금천구,1869.롯데캐슬골드파크3차 301동 앞,202502,539,534
금천구,1870.독산3동주민센터 앞,202502,355,119
구로구,2804.항동지구 6단지 602동 앞,202502,83,70
구로구,2805.구로자원순환센터 ,202502,62,47
구로구,2806.항동지구 4단지 입구,202502,70,54
구로구,2807.항동지구 1단지 105동 앞,202502,86,94
구로구,2808.항동지구 2단지 202동 앞,202502,61,85
구로구,2809.항동지구 11단지 1103동 앞,202502,47,65
중구,380. CJ제일제당 앞,202502,665,685
구로구,2810.항동지구 3단지 311동 앞,202502,49,48
구로구,2812.항동프라자,202502,162,191
구로구,2813.항동지구 3단지 302동 앞,202502,31,23
구로구,2814.항동지구 10단지 1001동 앞,202502,47,32
구로구,2815.항동지구 7단지 정문,202502,161,149
구로구,2816.항동지구 8단지 803동옆(주차장입구),202502,41,31
구로구,2817.천왕이펜하우스5단지 앞,202502,97,73
구로구,2818.천왕이펜하우스3단지 앞,202502,128,34
구로구,2819.하늘숲초등학교 앞,202502,464,587
중구,381. 장충체육관,202502,52,20
구로구,2820.신세기아파트 앞,202502,389,387
구로구,2821.청구아파트 앞,202502,570,554
구로구,2822.제니스스포츠 앞,202502,243,241
구로구,2823.중앙유통단지 앞,202502,606,618
구로구,2824.미래사랑어린이공원 앞,202502,1821,1835
구로구,2825.초롱타운 앞,202502,167,166
구로구,2826.가마산지하보도 옆,202502,306,332
영등포구,295.영등포공원 분수대 앞,202502,160,164
영등포구,296.KT플라자 영등포점,202502,1428,1358
영등포구,297.국회3문,202502,64,62
중구,382. 약수역 10번출구 앞,202502,123,132
영등포구,298.KBS 연구동 건너편,202502,321,185
영등포구,299.여의도 순복음교회,202502,80,74
영등포구,3201.당산skv1센터,202502,1027,1088
영등포구,3202.당산롯데캐슬프레스티지,202502,1691,1566
영등포구,3203.도림동배드민턴체육관,202502,666,637
영등포구,3204.도림고가도로 밑,202502,672,641
영등포구,3205.문래현대2차,202502,850,796
영등포구,3206.문래동 주민센터,202502,693,728
영등포구,3207.양남사거리1,202502,391,388
중구,383. 신당역 12번 출구 뒤,202502,2092,2266
영등포구,3211.신길 래미안 프레비뉴,202502,303,263
영등포구,3212.신풍역 6번출구,202502,860,923
영등포구,3214.영등포 푸르지오 아파트 A,202502,1292,1099
영등포구,3215.강변삼성래미안,202502,889,753
중구,384. 종로학원본원 ,202502,261,246
영등포구,3219.영등포역 1번출구,202502,2376,2586
영등포구,3220.래미안에스티움 앞 (신풍로),202502,698,715
영등포구,3221.서울특별시 남부교육지원청,202502,486,483
양천구,767.신정숲속마을아파트,202502,384,199
양천구,768.목동5단지아파트 501동,202502,1157,1187
양천구,769.CBS방송국 앞,202502,2597,2783
양천구,770.목동역5번출구,202502,1236,1264
양천구,771.목동아파트 703동 앞,202502,1333,1398
양천구,"773.염창역 3, 4번 출구 사이",202502,582,588
마포구,114. 홍대입구역 8번출구 앞,202502,657,814
마포구,142. 아현역 4번출구 앞,202502,362,371
양천구,774.등촌역 4번 출구 ,202502,331,334
양천구,775.세종그랑시아 앞(102동),202502,523,348
양천구,776.목마공원,202502,271,241
양천구,777.신월6차보람아파트 앞,202502,483,525
양천구,779. 신정1동 주민센터 앞,202502,1715,1675
양천구,780.신정교 하부,202502,1135,1259
양천구,781.신정보도육교 아래,202502,3075,3039
양천구,782.서남병원 후문,202502,466,305
마포구,143. 공덕역 2번출구,202502,674,868
양천구,"785.양천구청, 보건소 사잇길",202502,3143,3317
양천구,786.목동아파트 8단지 상가동 앞,202502,1476,1487
양천구,787.양천아파트 입구,202502,1942,1913
양천구,788.양천구청역 2번출구 옆,202502,1708,1737
양천구,791.현대하이페리온,202502,1492,1664
양천구,792.목동트라팰리스 웨스턴에비뉴,202502,2888,2951
강서구,2703.서울도시가스 앞 ,202502,489,336
종로구,486. 평창동주민센터 앞,202502,64,27
강서구,2704.홈플러스(강서점),202502,1502,1556
강서구,2706.강서공업고등학교 앞,202502,414,406
강서구,2707.한강아파트,202502,1217,1152
강서구,2708.강서한강자이타워 앞,202502,1582,1590
강서구,2709.강변아파트 310동 앞,202502,432,396
강서구,2710.라이품 공영주차장 앞,202502,652,492
강서구,2711.가로공원공영주차장 1번 출구,202502,547,550
강서구,2712.화곡터널입구교차로,202502,321,117
강서구,2713.우장초등학교 앞,202502,964,872
마포구,145. 공덕역 5번출구,202502,520,903
강서구,2715.마곡나루역 2번 출구 ,202502,8410,8519
강서구,2716.롯데 R&D 센터,202502,508,576
강서구,2717.LG유플러스 마곡사옥,202502,2884,3425
강서구,2718.마곡수명산파크1단지,202502,1451,1199
강서구,2719.마곡문화공원,202502,2242,2673
강서구,2720.힐스테이트에코,202502,1869,1848
강서구,2721.등촌1-10단지 교차로,202502,2628,2558
양천구,793.목동5단지아파트 534동,202502,1616,1504
마포구,146. 마포역 2번출구 뒤,202502,803,1040
강서구,2723.마곡 필네이처,202502,1762,2006
강서구,2724.(재)FITI시험연구원,202502,1102,886
강서구,2725.서울식물원 식물문화센터,202502,519,408
강서구,2727.서울식물원 잔디마당 앞,202502,1434,1516
강서구,2728.마곡나루역 3번 출구,202502,5164,5331
강서구,2729.넥센 유니버시티 앞,202502,1035,1152
강서구,2730.마곡메가박스 앞,202502,1405,1456
강서구,2731.명덕고교,202502,785,923
강서구,2732.마곡수명산 1-2단지 ,202502,1408,1132
마포구,147. 마포역 4번출구 뒤,202502,997,1368
강서구,2733.마곡13단지 정문 앞,202502,3056,2961
강서구,2737.까치산역 3번 출구,202502,660,753
강서구,2739.수명산파크1단지교차로,202502,2284,2263
강서구,2740.마곡레포츠센터,202502,1126,1139
강서구,2741.마곡수명산파크5-6단지,202502,1110,921
강서구,2742.강서구민올림픽체육센터,202502,1408,1561
마포구,148. 용강동 주민센터 앞,202502,492,510
노원구,1696.수락리버시티4단지,202502,250,251
노원구,1697.상계주공2단지 219동,202502,820,827
노원구,2901.공릉동풍림아파트 101동,202502,696,695
노원구,2902.공릉풍림아파트 108동,202502,562,549
노원구,2903.월계초안아파트 1단지,202502,262,274
마포구,150. 서강대역 2번출구 앞,202502,463,533
노원구,2904.중계3차청구아파트,202502,600,606
노원구,2907. 월계중학교,202502,138,35
노원구,2908. 광운대학교 중앙도서관,202502,791,796
노원구,2909. 석계역 3번 출구,202502,657,666
노원구,2910.도깨비시장,202502,678,738
노원구,2911.상계역중앙시장,202502,591,596
노원구,2912.대진고등학교,202502,454,375
노원구,2913.상계8동 주민센터,202502,777,811
노원구,2915.서울과학기술대학교(어학교육원),202502,705,460
노원구,2917.신창중학교 후문 맞은편 버스정류장,202502,449,483
노원구,2919.등나무 근린공원(시립북서울미술관 앞) ,202502,1734,1835
노원구,2920.상계중학교(당현2교사거리),202502,479,444
노원구,2921.중계역 2번출구,202502,1129,1359
도봉구,1743.창동19단지아파트 관리사무소앞,202502,583,586
도봉구,1744.도봉소방서 옆,202502,1060,1084
도봉구,1749. ESA아파트 상가 앞,202502,545,525
도봉구,1750. 창포원 남쪽 입구,202502,231,265
도봉구,1751. 창원초등학교 교차로,202502,301,282
도봉구,1752. 창동 주공 4단지 입구 옆,202502,256,312
도봉구,1754. 창동시장입구 사거리,202502,412,383
마포구,119. 서강나루 공원,202502,632,639
마포구,153. 성산2교 사거리,202502,852,832
도봉구,1756.서울북부광역등기국,202502,141,166
도봉구,1757.솔밭공원역 1번출구 앞,202502,165,152
도봉구,1758.솔밭공원역 1번출구 주변,202502,281,266
도봉구,1759.서울북부지방법원 앞,202502,294,270
도봉구,1761.방학중학교 앞,202502,129,71
도봉구,1762.북한산 한신휴플러스APT앞,202502,657,725
마포구,154. 마포구청역 ,202502,986,1256
도봉구,1765.쌍문역 1번출구 주변,202502,483,441
도봉구,1767.방학초등학교 앞,202502,605,682
도봉구,1768.신동아타워 버스정류소,202502,246,254
도봉구,1770.도봉한신아파트 주변,202502,319,324
도봉구,1771.성원APT버스정류소,202502,475,319
도봉구,1772.시립도봉노인복지관 버스정류소,202502,328,252
도봉구,1774.정의여중고 버스정류소,202502,191,218
마포구,155. 가좌역1 번출구 앞,202502,807,736
도봉구,1775.신원리베르텔 앞,202502,799,987
강북구,1550.삼각산아이원아파트(105동 옆),202502,96,1
강북구,1551.4.19탑 앞,202502,398,238
강북구,1552. 강북구청사거리,202502,621,629
강북구,1553.서울북부고용노동지청,202502,319,328
강북구,1554.번동사거리,202502,255,235
강북구,1557.신창교,202502,356,368
마포구,156. 서울서부지방법원 앞,202502,252,259
강북구,1558.강북문화정보도서관,202502,147,102
강북구,1560. 도봉세무서 앞,202502,371,383
강북구,1564.4.19민주묘지역 1번출구,202502,267,258
강북구,1565.수유사거리,202502,443,439
강북구,1568.4.19민주묘지 입구사거리,202502,297,298
강북구,1569.수유역2번출구,202502,1388,1400
마포구,157. 애오개역 4번출구 앞,202502,652,821
마포구,488.푸르메병원,202502,680,681
마포구,489.구룡근린공원,202502,236,175
마포구,490.가온문화공원,202502,719,686
마포구,491.월드컵파크 4단지,202502,158,154
마포구,493.홍대입구역 6번출구,202502,612,619
마포구,494.신수동주민센터,202502,203,198
마포구,495.염리초등학교 앞,202502,376,513
마포구,497.합정동주민센터 앞,202502,1019,631
마포구,498.연남동주민센터 앞,202502,1390,1414
서대문구,159. 이대역 4번 출구,202502,180,89
마포구,3002.벽산상암스마트큐브 ,202502,1015,1005
마포구,3003.래미안신공덕3차아파트,202502,64,27
마포구,3005.마포구청 청사내,202502,160,159
마포구,3006. 상암월드컵파크5단지(상암중학교),202502,206,204
마포구,3007.MBC 앞,202502,376,399
마포구,3008.DMC역7번출구,202502,350,288
마포구,3009. 홍대입구역 사거리,202502,689,818
마포구,3010.홍대입구역 3번출구,202502,1580,1745
서대문구,160. 북아현동 가구거리,202502,256,207
용산구,848. 삼각지12번 출구,202502,194,305
용산구,849. 삼각지 자이아파트,202502,365,439
용산구,850. KCC용산월츠타워 ,202502,176,214
용산구,851.효창 푸르지오 앞,202502,239,65
용산구,852. 청암자이아파트 앞,202502,401,224
용산구,853.용산역 맞은편,202502,1192,1385
용산구,854.HID 유족동지회 앞,202502,39,34
용산구,855.이촌역5번출구 앞,202502,70,75
서대문구,161. 무악재역1번 출구,202502,80,84
용산구,857. 현대 안성타워,202502,187,57
용산구,858.녹사평역3번 출구,202502,238,74
용산구,859.남산공원 야외식물원 앞,202502,89,31
용산구,860.LG한강 자이아파트 앞,202502,438,394
용산구,863.이촌역2번 출구,202502,187,180
용산구,864.순천향대학병원(한남오거리),202502,287,315
서대문구,162. 봉원고가차도 밑,202502,396,99
용산구,866.브라운스톤 남산아파트,202502,377,141
용산구,867.서빙고역 광장(1번출구),202502,114,163
서대문구,3109.북한산더? 106동 앞,202502,121,121
서대문구,3110.홍은 현대아이파크 아파트 202동 앞,202502,260,262
서대문구,3111.무악재역 4번 출구,202502,97,93
서대문구,3114.충정로역 3번 출구,202502,219,145
서대문구,3113. 독립문 앞,202502,289,245
마포구,120. 신수동 사거리,202502,303,342
서대문구,163. 명지전문대학교 정문 앞,202502,192,190
서대문구,3115.북아현 치안센터 인근,202502,354,289
서대문구,3116.신촌역 4번출구,202502,361,363
서대문구,3117.이화여대 인문관 인근,202502,74,109
서대문구,3119.연희 브라운스톤 아파트 앞,202502,546,541
서대문구,3120.DMC엘가아파트 앞,202502,637,594
서대문구,3121.가좌삼거리,202502,670,655
서대문구,3122.북가좌삼거리2,202502,337,307
서대문구,3123.DMC파크뷰자이1단지 110동 앞,202502,333,319
서대문구,164. 북가좌1동 주민센터 ,202502,213,157
서대문구,3125.연희파크푸르지오아파트 앞,202502,551,555
서대문구,3127.홍은2파출소 옆,202502,298,300
서대문구,3128.동신병원 맞은편,202502,500,521
서대문구,3129.DMC래미안e편한세상203동옆,202502,408,394
서대문구,3130.가재울사거리,202502,458,248
서대문구,3131.연가교 교차로,202502,524,415
서대문구,3132.홍제교,202502,242,249
서대문구,3134.SK리쳄블(서울아리수본부),202502,261,203
서대문구,165. 중앙근린공원,202502,622,424
성북구,1379.길음뉴타운푸르지오아파트 3단지,202502,34,3
성북구,1380.월곡역 5번출구 앞,202502,730,734
성북구,1381.석계역 4번출구 뒤,202502,866,891
성북구,1384.성신여대입구역 5번출구,202502,556,577
성북구,1385.성신여대입구역 3번출구 앞,202502,736,734
성북구,1386.동선고가차도 초입,202502,103,106
성북구,1388. 돈암초교입구 버스정류장(한성대입구역 방면),202502,303,301
서대문구,166. 가재울 초등학교,202502,790,742
성북구,1390.석관래미안아트리치,202502,652,659
성북구,1391.성북청소년센터,202502,233,234
성북구,1392.돈암삼성풍림아파트,202502,78,9
성북구,1393.돈암육교 하단,202502,58,44
성북구,1394.길음뉴타운 래미안9단지,202502,267,268
성북구,1395.래미안장위포레카운티(102동),202502,362,348
성북구,1396.래미안장위퍼스트하이(513동),202502,465,461
용산구,869.노들섬 동측 앞,202502,102,107
서대문구,167. 연가초등학교 옆,202502,291,74
용산구,870.노들섬 서측 앞,202502,517,546
은평구,973.제각말푸르지오 5-1단지 아파트,202502,97,32
은평구,974.연신초등학교옆 마을마당,202502,43,27
은평구,975.백련산 힐스테이트상가앞,202502,263,65
은평구,976.진관고등학교앞,202502,154,177
은평구,977.신도중학교앞,202502,84,15
은평구,978.녹번 힐스테이트상가앞,202502,105,82
은평구,979.원풍빌라앞,202502,327,299
은평구,982. 녹번초등학교(서오릉로),202502,394,393
은평구,984.상신초등학교앞 버스정류장,202502,418,432
은평구,985. 은평세무서 버스정류장(은평구청 방면),202502,508,514
은평구,989. 신응교(가좌로) 앞,202502,573,778
은평구,991.흥국사 정류장,202502,43,35
서대문구,169. 북가좌 삼거리,202502,274,238
은평구,992.북한산입구 정류장,202502,42,29
은평구,993.은평뉴타운 은뜨락아파트앞,202502,118,49
은평구,994.북한산생태공원입구(교통섬),202502,110,92
은평구,995.은평다목적체육관,202502,169,120
은평구,996.응암역2번출구 국민은행 앞,202502,1472,2083
동대문구,665.이문동 쌍용아파트 정문,202502,359,405
동대문구,666.이문대성유니드아파트 앞,202502,256,252
동대문구,667.청량차도 육교 밑,202502,285,203
동대문구,669.청계한신휴플러스앞 삼거리,202502,709,703
서대문구,170. DMC파크뷰자이아파트 302동 앞,202502,449,445
동대문구,670.삼육서울병원 버스정류장,202502,1269,1399
동대문구,671.대광빌딩,202502,219,221
동대문구,672.대광고등학교,202502,327,392
동대문구,673.안암골벽산아파트(후문),202502,424,401
동대문구,674.고대앞사거리 교통섬,202502,400,451
동대문구,676.FITI시험연구원 앞,202502,392,396
동대문구,678.장안힐스테이트(아) 앞,202502,798,934
동대문구,679.전농SK아파트 앞,202502,166,130
서대문구,171. 임광빌딩 앞,202502,291,319
동대문구,680.꿈마루어린이도서관 앞,202502,553,519
동대문구,681.서울특별시 동부교육지원청(육교),202502,78,94
중랑구,1461.동양엔파트 앞,202502,433,442
중랑구,1462.동부시장 북문 앞,202502,857,861
중랑구,1463.중랑구민회관,202502,164,176
중랑구,1464.중화역 4번출구,202502,454,467
중랑구,1466.두산대림아파트 삼거리,202502,179,214
중랑구,1467.sk신내 주유소앞(용마산로),202502,89,112
중랑구,1468.먹골역 7번 출구,202502,381,441
중랑구,1469.먹골역 4번출구,202502,409,446
중랑구,1470.중화동 우리은행 앞,202502,614,611
중랑구,1471.동양쇼핑 정류소 앞,202502,520,597
중랑구,1472.영성빌딩(PAT),202502,395,462
중랑구,1473.중랑역 1번 출구(중화문화복지센터),202502,461,491
중랑구,1474.서울중랑우체국,202502,255,249
중랑구,1477.면목삼익아파트 앞,202502,130,117
중랑구,1478.홈플러스 상봉점 앞,202502,706,721
마포구,121. 마포소방서 앞,202502,279,288
서대문구,173. 서대문역 8번출구 앞,202502,145,153
중랑구,1479.면목 홈플러스 2 ,202502,244,237
중랑구,1480. 용마지구대 B,202502,204,234
광진구,3563.구의7단지현대아파트,202502,109,107
광진구,3566.우성4차아파트,202502,889,832
광진구,3569.건대병원후문,202502,1956,2210
광진구,3570.구의역 리버비스타 오피스텔,202502,1502,1543
서대문구,175. 홍연2교옆,202502,431,415
광진구,3571.화양 APT(횡단보도 옆),202502,2195,2139
광진구,3573.광나루안전체험관,202502,552,478
광진구,3575. 자양사거리(서원빌딩),202502,1779,1779
광진구,3579.광진 캠퍼스시티,202502,1141,1093
서대문구,179. 가좌역 4번출구 앞,202502,888,891
광진구,3581.광진광장,202502,1033,813
광진구,3582.화양동 우체국,202502,1294,1266
광진구,3586.군자역 비채온 오피스텔,202502,648,689
성동구,3544.한양대역 3번 출구,202502,663,654
성동구,3545.한양대역 1번출구,202502,234,216
성동구,3547.상왕십리역 6번 출입구,202502,422,234
서대문구,180. 충정로역 7번출구 아래,202502,296,184
성동구,3548.뚝섬역 6번출구,202502,1128,1036
성동구,3549.건영아파트 앞,202502,1009,985
성동구,3550.금호나들목,202502,373,374
성동구,3551.성동도로사업소,202502,500,498
성동구,3552.서울숲 공영주차장앞,202502,147,134
성동구,3553.마장역3번출구,202502,261,290
성동구,3555.양지사거리(센트라스APT 115동앞),202502,86,71
성동구,3556.신금호파크자이APT앞,202502,168,29
성동구,3557.서울숲리버뷰자이APT105동 앞,202502,256,215
성동구,518. 청계천 박물관 앞,202502,469,440
성동구,3558.마장동 금호어울림APT앞,202502,394,245
성동구,3559.성동구민종합체육센터 앞,202502,950,1092
성동구,3560.성동구 견인차량 보관소 앞,202502,821,716
성동구,3561.행당동 삼부APT후문,202502,115,76
성동구,519. 양지사거리,202502,374,372
동작구,2077.노들역 3번출구,202502,371,405
동작구,2078.흑석 아크로리버하임(103동),202502,58,8
동작구,2079.중앙대학교 중앙광장,202502,57,49
동작구,2080. 대방지하보도(대방동경남아너스빌아파트),202502,625,680
동작구,2082.7호선 이수역7번출구,202502,493,496
동작구,2083.흑석롯데캐슬에듀포레(107동),202502,187,175
동작구,2084.e편한세상 상도노빌리티 앞,202502,223,209
동작구,2085.강남중학교 앞,202502,506,468
동작구,2086.삼일수영장 앞,202502,587,410
성동구,520. 상왕십리역 4번 출구 앞,202502,434,392
동작구,2088.상도중앙하이츠빌 입구,202502,120,100
동작구,2089.사당역10번출구(금강빌딩),202502,382,440
동작구,2090.기아자동차 사당점 앞,202502,467,476
동작구,2091. 이수역9번출구,202502,451,526
동작구,2092.흑석한강푸르지오(110동),202502,96,16
동작구,2093.상도SH빌아파트 입구,202502,12,13
동작구,2094.숭실대학교(중문) ,202502,126,27
동작구,2095.경문고등학교 앞,202502,350,372
동작구,2096.서울특별시 동작관악교육지원청,202502,38,14
성동구,521. 왕십리역 11번 출구 앞,202502,631,634
관악구,2186. 낙성대입구삼거리,202502,170,154
관악구,2187. 현대시장사거리,202502,559,364
관악구,2189. 봉천역 4번출구,202502,528,557
관악구,2190.도원맨션,202502,218,212
관악구,2191.대학동주민센터 ,202502,265,287
관악구,2195.은천교회,202502,474,485
성동구,522. 금호역 1번출구 앞,202502,118,119
관악구,2196. 봉천역 3번출구,202502,224,233
관악구,2198.사랑의병원,202502,262,306
관악구,2199.신봉천주유소 A,202502,92,94
성동구,523. 옥수동성당 옆,202502,51,21
관악구,3310.영락고등학교,202502,155,16
관악구,3311.서울대입구역 4번 출구,202502,535,583
양천구,794.양천문화회관,202502,1541,1563
양천구,795.양천 해누리타운,202502,1931,1912
양천구,796.목동아파트 14단지 B상가 앞,202502,1228,1182
양천구,797.목동아파트 1422동 1434동 사잇길,202502,2175,2168
마포구,122. 신성기사식당 앞,202502,426,412
성동구,524. 래미안금호하이리버 아파트 102동 옆,202502,151,120
강북구,1571.북서울 꿈의 숲 입구,202502,197,200
강북구,1572. 우이동 먹거리마을,202502,61,48
강북구,1573.현대성우아파트 옆,202502,150,81
서초구,2539.대한무역투자진흥공사 KOTRA 앞,202502,552,558
강북구,1574.송중초등학교 옆,202502,192,187
성북구,1382.래미안월곡아파트 입구,202502,406,404
광진구,3587.우성식품 앞,202502,763,774
광진구,3588.세종대학교(영실관),202502,219,198
송파구,2658.가락몰 업무동,202502,758,762
성동구,525. 한양대병원사거리,202502,505,450
송파구,2659.서울친환경유통센터,202502,100,102
강서구,2744.강서세무서 앞,202502,1839,1853
강서구,2745.수명초등학교,202502,1513,1300
서초구,2547. 반포래미안 리오센트,202502,428,434
서초구,2548.반포1동 자율방범초소 옆,202502,165,105
서초구,2549.LH 서초 4단지 403동,202502,197,205
서초구,2550.양재동 꽃시장 건너편,202502,293,294
강서구,2746.수명산파크 4단지 411동 앞,202502,1262,1014
성동구,526. 용답토속공원 앞,202502,559,551
성동구,3600.사근빗물펌프장 건너편,202502,1117,1192
중구,3013.서울지방고용노동청 앞,202502,716,741
강동구,3652. 한영외국어고등학교,202502,87,88
은평구,4652. 신사두산위브2차아파트 앞,202502,484,397
성동구,AS센터,202502,3,0
종로구,4711. 올림픽기념 국민생활관 로터리,202502,724,703
관악구,3802. 관악구민체육센터,202502,283,271
성동구,529. 장한평역 8번 출구 앞,202502,2915,2822
중구,4760. 서울역 7번출구,202502,77,87
중구,4765. 동대문디자인플라자,202502,817,785
중구,4766. 서소문성지역사박물관,202502,260,218
중구,4781. 브라운스위트레지던스,202502,122,90
중구,4782. 서소문역사공원,202502,62,59
구로구,3906. 천왕차량사업소 입구,202502,396,735
용산구,4604. 원효로다목적체육관 앞,202502,182,249
용산구,"4605. 노들섬 다목적홀(동쪽) 숲, 앞",202502,107,94
용산구,4607. 국립중앙박물관 -용산가족공원 앞,202502,106,85
성동구,530. 청계벽산아파트 앞,202502,818,863
용산구,4608. 국립중앙박물관 정문 앞,202502,73,53
용산구,4609. 파크타워 104동 앞,202502,130,163
용산구,4610. 한남나인원 105동 앞,202502,105,199
용산구,4611. 국제루터교회 앞,202502,72,86
용산구,"4612. 한남 준 J,FSS 앞",202502,64,59
용산구,4613. 서울갤러리아 앞,202502,111,92
용산구,4615. 크라운호텔앞 버스정류소,202502,166,353
용산구,4616. 신용산지하차도 앞,202502,313,442
용산구,4617. 동원베네스트 건너편,202502,165,151
용산구,4618. 풍전아파트 건너편,202502,469,501
성동구,533. 금남시장 교차로,202502,160,263
용산구,4619. 한강트럼프월드3차 앞,202502,455,434
용산구,4620. 삼각지역 14번 출구 앞(교통섬),202502,430,473
용산구,4622. 한강중학교 앞 버스정류장,202502,117,145
용산구,4623. 라인프랜즈이태원점 앞,202502,68,28
용산구,4627. 효창공원앞역 5번출구 옆,202502,177,141
용산구,4629. 한강초교보도육교 앞,202502,278,423
강북구,3703. 삼양입구사거리,202502,145,148
강북구,3707. 드래곤타워 앞,202502,396,396
성동구,534. 금호사거리,202502,121,121
강북구,3714. 송천센트레빌,202502,65,35
구로구,3902. 항동지구5단지 501동 앞,202502,98,101
구로구,3903. 현대아파트 앞,202502,272,288
구로구,3904. 테크노마트 앞,202502,990,972
구로구,3905. 희훈타워빌 앞,202502,1011,921
성동구,4353. 코오롱디지털타워 3차앞,202502,884,953
성동구,4360. 르노삼성자동차 성수사업소 앞,202502,570,616
성동구,4362. 행당중학교 후문,202502,135,162
용산구,4625. 용산공원갤러리앞,202502,210,211
성동구,535. 응봉삼거리,202502,380,135
은평구,4653. 불광역 9번 출구 맞은편,202502,217,223
종로구,4708. 조계사앞사거리,202502,809,896
종로구,4710. 자교교회 앞,202502,419,514
강남구,3602. 한국지역난방공사강남지사,202502,293,310
강서구,3753. 공항중학교 버스정류장,202502,351,239
강서구,3756. 마곡힐스테이트 정문,202502,1033,850
강서구,3761. 나이아가라관광호텔,202502,288,306
강서구,3763. 등촌태영아파트,202502,463,484
성동구,536. 행당역 2번출구 앞,202502,273,311
강서구,3765. 문소빌딩,202502,232,223
강서구,3767. 대원빌딩,202502,807,755
강서구,3772. 길성그랑프리텔아파트,202502,1437,1428
강서구,3775. 가양오토갤러리,202502,595,614
강서구,3776. 김포공항사거리,202502,218,225
강서구,3778. 김포공항입구 교차로,202502,754,717
강서구,3780. 등촌서광아파트,202502,2063,2051
강서구,3781. 강서아동복지센터,202502,33,66
강서구,3782. 겸재정선미술관,202502,933,813
성동구,537. 한양대후문역 부근,202502,482,487
강서구,3783. 마곡금호어울림아파트,202502,741,625
강서구,3784. 벽산아파트,202502,1380,1121
강서구,3787. 가양나들목,202502,159,158
강서구,3788. 정곡나들목,202502,169,178
강서구,3789. 염창나들목,202502,864,920
동대문구,4102. 휘경1동주민센터 앞,202502,383,386
동대문구,4103. 휘경sk뷰아파트 앞,202502,138,134
동대문구,4104. 외대앞역 교차로,202502,444,448
동대문구,4105. 서울교통공사사거리 교통섬,202502,466,455
서대문구,123. 문화촌 공원,202502,839,827
성동구,538. 답십리역 8번출구 앞,202502,174,264
동대문구,4107. 장안동근린공원 입구,202502,415,420
동대문구,4108. 답십리파크자이아파트 앞,202502,1357,1382
동대문구,4110. 용두롯데캐슬리치아파트 앞,202502,504,405
동대문구,4113. 한국국방연구원 앞,202502,546,572
동대문구,4116. 이문e편한세상아파트 앞,202502,365,359
동대문구,4117. 휘경119안전센터 앞,202502,308,299
동대문구,4121. 서울문화재단 앞,202502,679,650
동대문구,4122. 청계9가교차로 앞,202502,1190,1223
동대문구,4123. 배봉초교 교차로,202502,460,460
성동구,550. 서울시설공단 앞,202502,833,811
종로구,4703. 쌍용아파트2단지 정문,202502,160,6
종로구,4707. 청계3가 사거리,202502,610,597
중구,4753. 시청역 10번출구,202502,346,302
중구,4761. 중부경찰서앞사거리 건너편,202502,189,191
중구,4762. 국제빌딩,202502,179,167
중구,4768. 서울도시건축전시관,202502,424,409
중구,4772. 중앙일보,202502,69,79
광진구,539. 군자교교차로,202502,716,720
중구,4774. 을지로입구역 8번출구,202502,275,264
중구,4775. 을지로지하쇼핑센터,202502,377,395
중구,4776. 신세계면세점,202502,161,154
중구,4784. 중부경찰서앞 사거리,202502,287,294
중구,4785. 롯데시티호텔,202502,319,292
중구,4791. 명동역9번 출구,202502,616,508
마포구,4202. 프런트원(공덕역4번출구 앞),202502,390,499
광진구,540. 군자역 7번출구 베스트샵 앞,202502,968,971
마포구,4206. 광흥창역5번출구,202502,224,209
마포구,4207. 아만티호텔 앞,202502,323,419
마포구,4208. 스타벅스(동교동) 앞,202502,393,482
마포구,4210. 가좌행복주택 앞,202502,546,505
마포구,4211. 시석빌딩 앞,202502,374,399
마포구,4212. 한화오벨리스크 앞,202502,343,315
마포구,4213. 마포구중앙도서관 정문 앞,202502,1400,1343
마포구,4214. JTBC 앞,202502,570,601
강서구,3760. 발산역 8번 출구,202502,1306,1376
강서구,3766. 강서문화센터,202502,136,121
광진구,542. 강변역 4번출구 뒤,202502,759,781
광진구,3853. 어린이대공원역 2번출구,202502,629,440
광진구,3860. 건국대학교 정문 앞,202502,744,582
광진구,3863. 동일로58길 입구,202502,589,530
광진구,3864. 광진소방서 앞,202502,895,603
광진구,3865. 이튼타워리버 2차,202502,816,860
광진구,3868. 자양한강도서관,202502,1296,1320
광진구,3873. 동서울우편집중국 앞,202502,631,611
광진구,3878. 장로회신학대학교 주기철 기념관,202502,9,6
도봉구,4076. 도봉통합복지센터 뒤 중랑천 변,202502,369,381
광진구,543. 구의공원(테크노마트 앞),202502,1200,1239
강서구,3769. 증미역 2번출구,202502,944,1049
강서구,3792. 화곡본동시장 입구,202502,304,287
강서구,3793. 더리브골드타워,202502,563,645
강서구,3794. 안양천합수부(현대3차아파트),202502,539,554
강서구,3796. 송정역 3번출구 앞,202502,879,772
강서구,3797. 마곡수명산파크7단지 710동 앞,202502,318,316
강서구,3798. 그랜드아이파크아파트 앞,202502,2752,2713
강서구,3786. 강서힐스테이트 상가 앞,202502,492,359
구로구,3907. 신도림7차e편한세상아파트 806동 앞,202502,650,544
광진구,544. 광남중학교,202502,318,320
동대문구,4114. 휘경여중고삼거리,202502,601,703
서대문구,4253. 홍은도담도서관,202502,200,202
서초구,4319. 삼성전자R&D어린이집 뒤,202502,119,67
영등포구,4556. 리버뷰신안인스빌1차 후문,202502,824,927
영등포구,4557. 리버뷰신안인스빌2차 후문,202502,822,778
종로구,4705. 웰니스센터(민방위교육장 앞),202502,854,845
강동구,3653. 강동리버스트4단지아파트 404동 앞,202502,168,216
강동구,3654. 강동리버스트4단지아파트 405동 앞,202502,117,133
강서구,3759. 이대서울병원,202502,1044,1221
광진구,546. 잠실대교북단 교차로,202502,902,899
서초구,4320. 비석공원,202502,310,357
송파구,4452. 삼성SDS,202502,1765,1813
송파구,4453. 위례중앙푸르지오 201동 앞,202502,592,572
송파구,4457. 아산병원 기숙사 부근,202502,2098,2087
송파구,4458. 가락2동주민센터 인근,202502,186,188
송파구,4460. 올림픽훼미리아파트 112동 앞,202502,569,580
송파구,4462. 가락중학교 앞,202502,248,249
송파구,4463. 방이역 2번 출구,202502,391,383
광진구,548. 자양나들목,202502,1250,1098
송파구,4464. 올림픽공원 북2문 A,202502,491,519
송파구,4465. 건영아파트앞 사거리,202502,773,767
송파구,4468. 가락1동주민센터 ,202502,554,540
송파구,4469. 거여동 어울림아파트  102동앞,202502,207,209
송파구,4472. 송파파크데일 1단지 115동 건너편,202502,149,130
송파구,4473. 마천금호어울림 1차 102동앞,202502,108,108
송파구,4474. 가락현대 1차 11동 앞,202502,244,156
송파구,4475. 송파파인타운 4단지 403동,202502,160,156
송파구,4478. 문정근린공원2,202502,524,523
광진구,549. 아차산역 3번출구,202502,1053,1038
송파구,4479. 문정중학교,202502,85,57
송파구,4480. 가락시장 남1문 사거리,202502,368,400
송파구,4481. 올림픽공원 북2문 B,202502,786,782
송파구,4483. 잠실나들목4,202502,587,567
송파구,4484. 잠실나루역4번출구뒤,202502,954,966
송파구,4485. 잠실나루역 고가하부,202502,345,226
송파구,4486. 홈플러스 잠실점,202502,1162,1147
송파구,"4488. 문현중,고등학교 사이",202502,108,114
송파구,4490. 송파파인타운 10단지 1005동,202502,113,101
송파구,4491. 장지역 1번출구,202502,602,603
마포구,124. 서강대 정문 건너편,202502,490,433
동대문구,600. 휘경2동 주민센터,202502,150,154
송파구,4493. 마천사거리 2,202502,191,170
송파구,4496. 잠실 파크리오 120동 앞,202502,750,760
송파구,4497. 아시아선수촌아파트 교차로,202502,726,756
송파구,4499. 세양청마루 101동 앞,202502,312,160
송파구,4852. 서울복합물류 게이트 1,202502,1201,1379
송파구,4854. 가락시장역 2번 출구,202502,630,620
송파구,4855. 거여5단지 503동 앞,202502,311,296
송파구,4856. 올림픽공원 서1문 앞,202502,601,648
송파구,4859. 잠실나루 나들목,202502,613,642
강북구,3718. 번동3단지 버스정류장,202502,443,467
강서구,3754. 신방화역 8번출구,202502,737,743
강서구,3764. 관문주유소(GS칼택스) 앞,202502,804,779
관악구,3803. 남서울중학교,202502,457,460
관악구,3804. 낙성대공원,202502,76,62
관악구,3806. 낙성대 교수아파트,202502,108,49
관악구,3807. 관악우체국 교차로,202502,144,140
송파구,4454. 위례 포레샤인 1809동 부근,202502,212,65
동대문구,602. 장안동 사거리,202502,1547,1935
송파구,4857. 올림픽공원 장미광장,202502,295,271
종로구,4713. 현대 뜨레비앙 아파트 앞,202502,716,690
중구,4752. 삼성사이버빌리지아파트,202502,230,105
중구,4792. 퇴계로4가 교차로(중구청),202502,562,557
중구,4793. 동대문역사문화공원역 5번출구,202502,462,538
강서구,3799. 국립항공박물관,202502,273,290
중랑구,4802. 새우개마을,202502,95,96
중랑구,4803. 상봉2동 주민센터 앞,202502,536,529
중랑구,4804. 동서울농협 앞,202502,698,745
중랑구,4807. 라코지스테이 앞,202502,282,287
중랑구,4808. 신내2동 주민센터 앞,202502,419,399
중랑구,"4809. 동성1,2차 아파트 앞",202502,463,294
중랑구,4811. 한양수자인아파트 앞,202502,296,144
중랑구,4812. 묵동 이마트 앞,202502,606,630
중랑구,4813. 망우지구대,202502,745,779
금천구,3956. 대륭테크노타운21차 앞,202502,355,395
금천구,3958. 롯데캐슬2차 마을버스 정류장(18804) 뒤편,202502,230,237
금천구,3959. 시흥사거리(시흥동 994-3 앞),202502,413,464
금천구,3963. 에이스 하드웨어(시흥대로 396) 앞,202502,469,503
금천구,3966. 독산역1번출구 B,202502,1256,1391
영등포구,4579. 국회의사당 본관,202502,321,253
영등포구,4580. 국회제2의원회관,202502,355,356
영등포구,4581. 국회소통관,202502,243,237
영등포구,4582. 국회도서관,202502,306,291
영등포구,4583. 의정관,202502,88,84
영등포구,4584. 국회2문,202502,104,87
동작구,4152. 상도효성해링턴플레이스,202502,199,136
동대문구,605. 신설동역8번출구,202502,622,656
동작구,4153. 흑석동효사정앞,202502,107,59
동작구,4158. 노량진근린공원,202502,108,47
동작구,4162. 노량진1동 청소년독서실,202502,184,54
동작구,4167. 구로교 아래,202502,569,409
동작구,4169. 신대방삼거리,202502,485,472
서초구,4303. 매헌역 2번출구앞광역버스 정류장앞(22-297),202502,463,464
서초구,4304. 서울고앞,202502,101,93
서초구,4305. 서일스포츠센터,202502,121,101
서초구,4306. 서래공원 앞,202502,318,314
서초구,4307. 고투몰 gate 15옆,202502,267,356
동대문구,606. 서울반도체고 앞,202502,116,118
서초구,4309. 서초케이타운앞,202502,43,29
서초구,4310. 염곡동(염통골) 입구,202502,135,130
서초구,4312. 반포미도2차아파트 옆,202502,212,210
서초구,4313. 반포종합운동장,202502,180,176
서초구,4315. 이투스교육 앞,202502,212,194
서초구,4316. 고속터미널역 3번출구,202502,263,160
서초구,4317. 양재근린공원,202502,551,573
서초구,4318. 방배역 2번 출구,202502,327,400
동대문구,607. 신이문역 2번출구,202502,333,327
강남구,3604. 삼성중앙역 5번출구,202502,334,265
강남구,3606. 신사동주민센터 옆,202502,284,408
강남구,3609. 언주초등학교 입구,202502,326,342
강남구,3610. 윗반마을 입구,202502,68,62
강남구,3611. 방죽마을 입구,202502,159,159
강남구,3612. 은곡마을,202502,112,148
강남구,3614. 은마아파트 입구 사거리,202502,612,605
강남구,3615. 서울 논현동우체국 앞,202502,153,145
동대문구,608. 전농삼성아파트,202502,144,160
강남구,3616. 역삼중학교 앞(체육관 방향),202502,126,111
강남구,3618. 서울율현초교 삼거리,202502,271,306
강남구,3620. 청담역 11번 출구,202502,99,42
강남구,3622. 은마아파트입구 사거리(1),202502,150,137
강남구,3623. 일원에코파크 앞(개포로 방면),202502,126,132
강남구,3624. 대모산입구역 7번 출구 앞,202502,135,117
강남구,3627. 압구정나들목,202502,428,456
강남구,3628. 역삼1동 주민센터,202502,470,574
동대문구,609. 제기2교,202502,758,763
강남구,3629. 청담사거리(신한오피스텔빌딩 앞),202502,74,152
강남구,3630. 개포우성6차아파트 정문 앞,202502,141,145
양천구,4528. 양천구청역 1번출구,202502,837,832
중구,4796. 부산은행,202502,726,689
영등포구,4585. 국회6문,202502,185,183
강동구,3676. 강동리엔파크9단지,202502,203,215
강동구,3685. 강동리엔파크14단지(1401동 앞),202502,342,341
노원구,4002. 상계주공 14단지 상가 앞,202502,425,419
동대문구,610. 동대문중 교차로,202502,681,577
노원구,4004. 당고개입구오거리 당현천변,202502,620,617
노원구,4005. 중계2차 한화꿈에그린 101동 인근,202502,558,549
노원구,4007. 노원 을지대학교 병원,202502,924,1094
노원구,4008. 하계 어린이 공원,202502,472,454
노원구,4009. 월계프라자,202502,265,127
노원구,4011. 월계 센트럴 아이파크,202502,482,698
노원구,4013. 중계 롯데마트,202502,924,907
노원구,4014. 불암산역 3번 출구,202502,393,376
노원구,4017. 월계 청백1단지 아파트 정류장,202502,233,74
노원구,4018. 상계주공15단지 버스정류소,202502,376,384
동대문구,612. 시립동부병원 앞 사거리,202502,1412,1474
노원구,4019. 상계주공10단지 버스정류소,202502,627,599
노원구,4020. 중계동 성모빌딩 앞 ,202502,957,962
노원구,4021. 중계본동 입구,202502,118,52
노원구,4023. 월계역 1번 출구,202502,393,469
노원구,4024. 꿈의숲 SK뷰 아파트,202502,721,640
노원구,4025. 한천교 동편,202502,326,323
노원구,4026. 상계주공1단지아파트,202502,1199,1250
노원구,4028. 한일유앤아이아파트 105동 인근,202502,681,539
노원구,4029. 청소년수련관 후문,202502,2018,2111
노원구,4032. 불암주유소 앞,202502,838,818
동대문구,613. 신설동역 10번출구 앞,202502,875,993
노원구,4033. 녹천역 4번 출구 옆,202502,232,266
도봉구,4054. 창동한신아파트 버스정류소,202502,212,153
도봉구,4058. 다락원체육공원 전망대 입구,202502,204,185
도봉구,4062. 평화도봉공원 주변,202502,390,407
도봉구,4064. 신창아파트 입구 앞,202502,212,195
도봉구,4065. 창동역 1번출구 앞,202502,2016,2372
도봉구,4074. 도봉구육아종합지원센터(창동),202502,403,503
송파구,4863. 잠실나들목5,202502,109,111
노원구,4031. 청암예술학교 앞,202502,877,734
동대문구,614. 용두동 사거리,202502,1083,1113
도봉구,4073.방아골종합사회복지관,202502,341,308
성북구,4406. 장곡초등학교 앞,202502,276,280
강동구,3657. 서울천호동우체국,202502,965,981
강동구,3658. 프라이어팰리스아파트,202502,147,165
강동구,3659. 명일초등학교 옆,202502,94,79
강동구,3661. 명일동신동아아파트 앞,202502,101,86
강동구,3663. 암사정수센터교차로(강동롯데캐슬퍼스트아파트),202502,106,90
강동구,3664. 맥도날드 서울둔촌DT점 앞,202502,1334,1332
강동구,3665. 고덕센트럴 아이파크상가 앞,202502,245,249
동대문구,615. 용두동 래미안허브리츠아파트 앞,202502,845,845
강동구,3668. 성내삼성아파트,202502,1947,1984
강동구,3671. 둔촌동역교차로,202502,1095,1129
강동구,3673. 강동리버스트6단지,202502,176,180
강동구,3674. 강동리버스트7단지,202502,149,149
강동구,3675. 강동리버스트8단지,202502,275,268
강동구,3656. 둔촌푸르지오아파트,202502,800,806
강동구,3680. 강동역3번출구,202502,1755,1727
강동구,3681. 길동 마루빌딩,202502,1787,1804
동대문구,616. 서울시립대 정문 앞 A,202502,148,72
강동구,3682. 길동 동호빌딩,202502,196,197
강동구,3683. KT&G강동지사,202502,494,557
강서구,3770. 남부순환로 205,202502,282,195
구로구,3908. 오류동 다숲오피스텔 앞,202502,490,549
노원구,4016. 노원 마들스타디움,202502,448,461
송파구,4862. 성내교 남단,202502,221,147
송파구,4860. 가락쌍용2차아파트 103동,202502,362,346
양천구,4507. 신정제일시장,202502,483,489
동대문구,617. 청솔우성아파트 앞,202502,440,442
양천구,4508. 유원목동아파트 103동 앞,202502,1835,1821
양천구,4509. 서울영상고교 입구,202502,1578,1605
양천구,4510. 신정네거리역 교차로,202502,792,738
양천구,4512. 목동13_14단지 사거리,202502,734,497
양천구,4514. 목동성당 앞,202502,1513,1460
양천구,4515. 동문굿모닝탑,202502,1897,1918
양천구,4517. 성보하이드로빌딩,202502,446,449
양천구,4518. 청기와빌딩,202502,360,358
영등포구,227. 양평1나들목 보행통로 입구,202502,630,615
양천구,4520. 대성유니드아파트,202502,414,440
양천구,4522. 신곡시장,202502,742,1037
양천구,4523. 구립양천어르신요양센터,202502,39,13
양천구,4526. 목동아파트2단지 222동 앞,202502,650,700
양천구,4527. 목동신시가지아파트6단지,202502,990,1031
은평구,4657. 본 서부병원 교차로 사거리,202502,598,623
은평구,4658. 녹번역1번출구앞,202502,177,159
은평구,4659. 신진과학기술고등학교 버스정류장(응암시장 방면),202502,521,565
은평구,"4663. 불광역3,6호선 버스정류장(동명여고 방면)",202502,347,329
은평구,4665. 응암역3번 출구(서부경찰서 방면),202502,217,225
영등포구,228. 선유도역 3번출구 앞,202502,1324,1313
은평구,4667. 폭포동입구 교차로,202502,134,100
은평구,4668. 기자촌사거리 B,202502,78,27
은평구,4671. 청구성심병원 앞,202502,222,222
은평구,4672. 준빌딩 앞,202502,49,49
은평구,4674. 녹번역e편한세상 캐슬 정문 앞,202502,353,353
중구,4794. 서울역 서부교차로(3),202502,819,1023
성동구,4367. kt 행당빌딩 앞,202502,431,607
강남구,3634. 국악고교 앞 교차로,202502,263,265
강서구,3774. 마곡9단지 910동 상가앞,202502,905,883
영등포구,229. 양평1 보행육교 앞,202502,1162,1132
강서구,3801. 이랜드글로벌R&D센터,202502,137,173
노원구,4027. 한내 행복발전소 옆,202502,1345,1375
노원구,4036. 하계역 6번출구,202502,824,1006
성북구,4408. 돌곶이역 앞,202502,924,1030
양천구,4530. 방아다리어린이공원,202502,478,476
중랑구,4815. 중랑데시앙플렉스 앞,202502,140,159
송파구,4864. 송파사거리,202502,1222,1217
송파구,4865. 한성백제역 1번출구 뒤,202502,1305,1330
송파구,4867. 가락대림아파트 앞,202502,375,376
도봉구,4077. 도봉제1교,202502,419,415
마포구,126. 서강대 후문 옆,202502,329,305
영등포구,231. 남부고용노동지청 남측,202502,1266,1274
영등포구,4576.보라매sk뷰 108동 앞,202502,437,432
영등포구,4578.보라매sk뷰,202502,304,215
동작구,4175. 대방역2번출구,202502,308,329
노원구,4035. 휴플러스 수락한신아파트 101동 앞,202502,258,246
중구,4777. 약수동 주민센터,202502,61,61
영등포구,4552. 코레일유통본사,202502,587,596
영등포구,4553. 당산삼성2차아파트,202502,1483,1441
영등포구,4555. 대림우성2차아파트,202502,227,216
영등포구,4558. 대영중고 후문,202502,418,460
영등포구,232. 양평우림 이비즈센타 앞,202502,1543,1533
영등포구,4559. 신길역 2번출구,202502,1056,808
영등포구,4560. 양평동성원아파트,202502,843,890
영등포구,4561. 양평역 1번출구,202502,2352,2316
영등포구,4563. 여의도 은하아파트,202502,293,332
영등포구,4564. 63스퀘어,202502,1257,1283
영등포구,4565. 영등포 신세계백화점,202502,2731,2722
영등포구,4566. 대림성원상떼빌아파트,202502,1006,1217
영등포구,4567. 한림대학교 강남성심병원 신관,202502,799,885
영등포구,4569. 힐스테이트클래시안아파트,202502,495,496
영등포구,233. 양평1동 YP센터 앞,202502,474,538
영등포구,4571. 문래동롯데캐슬아파트,202502,2308,2245
영등포구,4573. 두산위브아파트,202502,448,390
영등포구,4574. 영등포시장역 포레나영등포,202502,2344,2371
영등포구,4575. 대림동 e편한세상영등포아델포레,202502,1268,1264
은평구,4676. 갈현1동 주민센터,202502,101,103
은평구,4677. 백련산 SK뷰 아이파크 해모로 아파트 앞,202502,568,613
동작구,4173. 중대후문 마을버스정류장,202502,221,198
구로구,3910. 목양전원교회 앞 로터리,202502,110,107
구로구,3911. 항동하버리안2단지아파트 후문,202502,118,117
광진구,3880. 홍련봉 공원,202502,463,273
강서구,3762. 마곡9단지 907동앞,202502,869,799
강서구,3785. 마곡14단지 1408동앞,202502,1138,1029
송파구,4868. 석촌호수 서호 남단,202502,1665,1735
성동구,4370. 성동교 사거리,202502,286,282
노원구,4037. 물넘이교,202502,1057,1041
강남구,3636. 삼성중앙역·플래티넘아파트 정류소,202502,213,201
강남구,3637. 세곡데이케어센터,202502,123,105
강남구,3638. 신청담나들목,202502,99,122
영등포구,235. 신길동 우리은행 옆,202502,306,300
강동구,3688. 상일동산(동아아파트앞 교차로),202502,122,140
관악구,3812. KT관악지점,202502,402,385
광진구,3879. 중랑천 뚝방길 산책로 입구,202502,565,595
양천구,4531. 목동아파트 613동 앞,202502,2009,1984
중구,4797. KG타워 앞,202502,365,376
중랑구,4819. 면목동 새싹어린이공원 앞,202502,647,594
강남구,3640. 일원1동주민센터앞 사거리,202502,555,650
도봉구,4078. 원당공원 앞,202502,440,438
영등포구,236. 문래동자이아파트 앞,202502,1555,1722
관악구,3811.신사로입구,202502,794,777
영등포구,4588.양남사거리2,202502,489,505
서초구,4322.서울추모공원 입구,202502,22,18
강동구,3684. 고덕자이(105동 앞),202502,410,460
구로구,3912. 삼호아파트 앞,202502,286,285
성동구,4363. 신금호역 2번출구 앞,202502,17,9
강서구,3757. 신방화역 6번출구,202502,936,939
강서구,3758. 서울남부출입국관리소,202502,1741,958
노원구,4039. 서울시 북부여성발전센터,202502,475,475
동작구,237. 보라매 두산위브 건너편,202502,1038,1078
중랑구,4820. 망우역 2번 출구,202502,869,906
노원구,4040. 공릉로 26길,202502,305,323
강동구,3686. 고덕 래미안 힐스테이트(101동),202502,193,197
광진구,3881. 신자초교입구 교차로,202502,1691,1712
용산구,4603. 한강GS에클라트 건너편 교통섬,202502,394,340
강남구,3641. 대청역,202502,399,419
강남구,3643. 더시그넘하우스 앞,202502,260,268
강남구,3644. 상록수아파트,202502,251,114
영등포구,238. 제2구민체육센타 앞,202502,1942,1990
강남구,4902. 구역삼세무서 교차로,202502,340,337
강서구,5052. 마곡역 7번출구,202502,3299,3614
관악구,3813. 낙성대역 5번출구,202502,160,161
관악구,3814. 난곡사거리 ,202502,633,642
마포구,4216. 망원정 앞,202502,397,403
서초구,4323. 내곡도서관,202502,63,68
송파구,4870. 몽촌토성역 3번 출구,202502,2334,2360
송파구,4871. 오금동 대림아파트 정문,202502,255,255
송파구,4872. 개롱역 3번 출구 뒤,202502,443,455
양천구,4532. 목동현대아파트 후문 앞,202502,874,808
영등포구,239. 유스호스텔 앞,202502,714,724
용산구,4632. 용산 푸르지오 파크타운 1단지 앞,202502,227,109
강남구,3646. 선정릉역 4번 출구,202502,159,149
강서구,5053. 신마곡벽산블루밍메트로오피스텔앞,202502,762,835
강서구,5055. 마곡역5번출구앞,202502,1078,1203
강서구,5057. 마곡역4번출구,202502,1010,1094
강서구,5059. 화곡2동주민센터,202502,544,591
강서구,5061. 우장산동 가곡어린이공원앞,202502,2012,2123
영등포구,240. 문래역 4번출구 앞,202502,2384,2340
광진구,3882. 자양2동 주민센터,202502,949,948
구로구,3914. 신도림쌍용플래티넘노블아파트 앞,202502,1043,1024
금천구,3967. 혜명양로원 담장 옆(2),202502,159,105
금천구,3968. 독산동 현대홈타운 금천과선교 앞,202502,315,272
금천구,3969. 독산역 롯데캐슬 104동 앞,202502,301,252
노원구,4041. 공릉역3번출구,202502,929,1042
서대문구,4255. 래미안 루센티아 아파트 108동 앞,202502,534,393
성북구,4411. 동산어린이공원 앞,202502,598,595
영등포구,4589. KRX한국거래소(1),202502,561,550
마포구,127. 현대벤처빌 앞,202502,125,71
영등포구,241. 신길우성1차아파트 앞 공원,202502,616,560
영등포구,4591. 신길자이아파트,202502,375,66
영등포구,4592. 신길우성4차아파트,202502,847,907
중구,4798. 황학동롯데캐슬,202502,1130,1091
중랑구,4826. 홈플러스 면목점,202502,311,316
마포구,4217. 한강공원 망원나들목,202502,2533,2784
중랑구,4825. 신내동 벽산아파트 후문 앞,202502,712,565
강남구,3642. 강남자곡힐스테이트,202502,197,69
강동구,3689. 강일역 3번출구,202502,241,240
강동구,3690. 강일역 4번출구,202502,167,139
영등포구,242. 신길선원가와인아파트 앞,202502,648,343
금천구,3970. 시흥4동주민센터 앞,202502,139,146
금천구,3971. 순흥안씨묘 건너편,202502,21,11
금천구,3972. 산기슭공원 앞,202502,117,42
금천구,3973. 독산2동주민센터 앞,202502,167,71
노원구,4042. 상계문화정보도서관,202502,431,426
송파구,4873. 개롱역사거리 2번 출구,202502,518,506
송파구,4874. 탄천1교 하부보도,202502,293,275
송파구,4875. 위례포레샤인13단지,202502,127,129
영등포구,243. 이앤씨드림타워 앞,202502,2045,2142
영등포구,4594. 양평교 영등포대여소,202502,932,969
중랑구,4823. 방정환교육지원센터 옆,202502,475,497
중랑구,4824. 상봉신협 앞,202502,849,714
종로구,4715. 돈의문 박물관 마을,202502,328,277
용산구,4633. 센트럴파크타워 앞,202502,596,679
강남구,3647. 구룡역 1번 출구,202502,270,260
강남구,3648. 구룡역 4번 출구,202502,69,66
강남구,3649. 구룡역 5번 출구,202502,228,214
강동구,3692. 둔촌오륜역 1번 출구,202502,706,631
영등포구,244. 영등포삼환아파트 앞,202502,984,907
금천구,3974.  안천중학교,202502,143,144
금천구,3983. 금천구청역 1번 출구,202502,627,828
서초구,4324. 세화고등학교,202502,85,85
성북구,4414. 안암역 3번 출구,202502,265,267
송파구,4879. 마천청소년센터,202502,111,106
송파구,4881. 거여동사거리 송파둘레길 입구,202502,96,96
송파구,4882. 위례포레샤인18단지 1802동,202502,119,94
송파구,4883. 위례포레샤인18단지 1812동,202502,102,12
영등포구,245. 삼성생명 당산사옥 앞,202502,1989,1968
송파구,4888. 둔촌오륜역 2번출구,202502,193,162
송파구,4889. 마천역 1번 출구 인근②,202502,350,341
중랑구,4827. 신내SK V1센터 앞,202502,180,122
강서구,5064. 양천향교역8번출구,202502,1312,1390
강서구,5065. 허준박물관삼거리,202502,732,751
강서구,5066. 아망떼마곡전시장,202502,1039,1400
강서구,5067. 주원 리젠트 앞,202502,386,396
강서구,5072. 김포공항입구 교통섬,202502,235,217
관악구,3815. 광일빌딩,202502,440,430
구로구,3915. 동선아파트 앞,202502,71,69
영등포구,247. 당산역 10번출구 앞,202502,2618,2654
중랑구,4828. 신내동 한살림 중랑지구 앞,202502,419,435
중랑구,4829. 신내동 한살림 중랑지구 건너편,202502,157,154
노원구,4043. 상계주공13단지 1301동,202502,158,78
노원구,4044. 공릉산 백세문 입구,202502,43,44
은평구,4678. 백련산로 녹번센트레빌 ,202502,258,218
송파구,4880. 송파청소년센터,202502,467,463
영등포구,4598. 오목교 동측 지하보도,202502,877,842
영등포구,4599. 대림우성아파트 사거리,202502,264,278
영등포구,248. 초원아파트 앞,202502,343,320
양천구,4535. 목동12단지 아파트,202502,1394,1414
양천구,4536. 양천해누리체육공원,202502,399,508
서초구,4329. SC제일은행 양재동지점 앞,202502,278,196
금천구,3985. 디폴리스 지식산업센터,202502,443,432
강서구,5070. 마곡13단지힐스테이트마스터 후문(1320동 앞),202502,2228,2205
강동구,3694. 강동리엔파크 13단지(1303동 앞),202502,340,306
도봉구,4080. 창동주공19단지앞 ,202502,574,585
중랑구,4834. 용마복지센터 앞,202502,226,129
영등포구,249. 여의도중학교 옆,202502,534,523
성북구,4415. 미아초교버스승강장,202502,26,22
노원구,4045. 은하수 공원,202502,339,369
송파구,4893. 문정법조단지12,202502,1457,1518
마포구,4218. 디지털매직스페이스,202502,1007,1062
마포구,4220. 신촌 청년주택,202502,776,784
마포구,4221. 솔리스타오피스텔(공덕동주민센터),202502,394,54
마포구,4224. 서부운전면허시험장,202502,390,416
마포구,4226. 마포프레스티지자이 1,202502,451,424
마포구,4233. 코오롱아파트사거리,202502,1631,1714
영등포구,250. 대림아파트 사거리,202502,294,245
마포구,4234. 에스테반,202502,195,128
마포구,4238. 상암한샘빌딩앞,202502,490,578
마포구,4240. 아현문화건강센터,202502,76,10
송파구,4884. H비즈니스파크,202502,862,929
송파구,4885. 가든파이브 리빙관,202502,181,187
송파구,4886. 배명고등학교 건너편,202502,446,434
송파구,4887. 호돌이상가,202502,387,377
송파구,4895. 송파레이크힐 상가,202502,413,407
송파구,4896. 송파레이크힐,202502,75,63
영등포구,251. 서울지방병무청 버스정류장,202502,433,379
송파구,4897. 잠실주공5단지1,202502,1848,1777
강서구,5073. 우장산역 헤링턴타워 앞,202502,766,633
강서구,"5074. 마곡엠밸리14단지 버스정류장(마곡엠밸리11,12단지상가방면)",202502,1861,1861
강서구,5075. 등촌역 1번출구,202502,545,477
관악구,3816. 관악 GSfresh,202502,376,346
관악구,3818. 은천교회 앞,202502,672,648
구로구,3918. 이좋은집오피스텔 앞,202502,253,368
금천구,3984. 가산롯데아이티캐슬,202502,597,592
서대문구,128. 신촌역(2호선) 1번출구 옆,202502,442,505
영등포구,252. 보라매역4번출구,202502,766,875
성동구,4373. 서울숲 지식산업센터,202502,1467,1539
성동구,4377. 우영테크노센터 앞,202502,972,1199
송파구,4891. 위례포레나송파,202502,325,298
송파구,4892. 성내유수지 체육공원,202502,179,109
중랑구,4835. 망우동 본죽 앞,202502,306,302
마포구,4222. 서울디자인고등학교 앞,202502,558,755
서초구,4327. 몽마르뜨공원입구,202502,103,20
영등포구,4600. 서울 영등포구 우체국,202502,1168,1116
광진구,3886.광진구 민방위교육센터,202502,662,672
구로구,3919. 구로역·NC신구로점 버스정류장(구로역 방면),202502,713,728
노원구,5301. 상계주공1단지 버스정류장 옆(대원빌딩 앞),202502,1246,1291
마포구,4244. 당인리발전소 공원 앞,202502,453,498
마포구,4246. 상수역새마을금고,202502,295,276
영등포구,254. 도림신협 앞,202502,848,865
마포구,4247. 서울서부지방법원등기국앞,202502,189,216
마포구,4248. 신촌 교보빌딩,202502,200,162
중랑구,4836. 양원역 1번 출구,202502,215,185
중랑구,4837. 양원지구 힐데스하임 앞,202502,186,153
중랑구,4838.동원사거리 행복오피스텔 앞,202502,382,228
도봉구,4083.도봉아이나라도서관 앞,202502,430,412
서대문구,4266.국민연금공단충정로사옥,202502,188,167
은평구,4681.박석고개(은평소방서) 앞,202502,27,27
금천구,3975.현대시티아울렛 가산,202502,798,788
영등포구,255. 도림사거리,202502,757,735
영등포구,4601.양평역2번출구 뒤,202502,624,483
강서구,5076. 메이필드호텔앞,202502,563,508
금천구,3980. 금천현대홈타운 후문 서부샛길,202502,577,510
서대문구,4264. 홍남교 버스정류장,202502,205,212
중랑구,4840. 서울시 북부병원 앞,202502,141,178
중랑구,4830. 신내 우디안 111동 앞,202502,99,52
구로구,3917. 성공회대학교,202502,177,88
성북구,4419. 성북구 한예종 캠퍼스 본관,202502,102,70
성북구,4420. 성북구 한예종 캠퍼스 별관,202502,132,164
영등포구,256. 동아에코빌입구,202502,629,607
영등포구,5851. 도림천 건널목 위,202502,984,880
영등포구,5852. 대림동현대2차 201동 앞,202502,193,143
성동구,4381. 더스페이스타워 앞,202502,556,561
성동구,4382. 페코텍글로벌허브빌딩 앞,202502,1430,1779
성동구,4383. 푸조비즈타워 앞,202502,1101,1520
성북구,4417. 성북청소년문화의집,202502,94,35
성북구,4418. 종암동 동덕여대 제2생활관 앞,202502,621,666
양천구,4537. 서울남부지방검찰청 후문 ,202502,996,750
양천구,4538. 양천공영차고지,202502,98,95
강남구,3651. 개포동역 4번출구,202502,514,506
도봉구,4084. 도봉동실내스포츠센터,202502,364,343
서대문구,4267. 서대문역 2번 출구,202502,609,634
중구,4800. 필동 삼거리,202502,454,450
중구,4801. 충정로역 2호선(엘리베이터 앞),202502,335,59
용산구,4621. 남산도서관 앞,202502,474,127
구로구,3920. 개봉역2번출구 B,202502,269,281
용산구,4634. 이태원역 3번 출구,202502,275,171
은평구,4683. 은평 성모병원 사거리,202502,194,136
양천구,4539. 목동7단지아파트 A상가,202502,480,386
영등포구,258. 신길역3번출구,202502,1046,1181
노원구,5306. 동신아파트 후문 옆,202502,1085,1133
영등포구,5853. 여의도역2번출구 앞,202502,1008,984
서대문구,4269. 연희IC 남측,202502,375,410
노원구,5305. 대륜E&S 서울지사 앞,202502,348,363
동작구,4177. 롯데캐슬 101동 앞,202502,116,60
동작구,4178. 이수성결교회 옆,202502,30,58
강남구,4903. 신사스퀘어,202502,150,137
구로구,3922. 서울남부교정시설 앞,202502,279,265
강서구,5078. 왈도강서캠퍼스 앞,202502,596,603
송파구,5751. 송파여성축구장,202502,164,123
영등포구,259. 대방역6번출구,202502,1562,1669
송파구,5752. 풍납백제문화공원 옆 인근,202502,1345,1369
송파구,5753. 호반써밋,202502,289,272
종로구,4718. 광화문역 6번출구 옆 A,202502,513,480
은평구,4684. 응암2동주민센터 버스정류장(영락중학교 방면),202502,233,24
강남구,4906. 섬유센터 앞,202502,715,716
강남구,4907. 극동스포츠 앞,202502,190,205
강남구,4905. 강남경찰서,202502,486,493
양천구,700. KB국민은행 염창역 지점 앞,202502,607,524
용산구,4636. 용산구꿈나무종합타운 앞,202502,348,423
용산구,4637. 용산시티파크 101동 앞,202502,166,141
용산구,4638. 청파동삼거리 앞,202502,262,301
용산구,4639. 동빙고근린공원,202502,236,246
강서구,5080. 가양역 1번출구,202502,1778,2061
강동구,3698. 명일역 3번출구 옆,202502,554,553
서초구,4332. 이수교차로,202502,491,479
강동구,3699. 상일파출소 옆,202502,504,487
구로구,3923. 구로공구상가 앞,202502,106,105
양천구,4541. 갈산문화예술센터,202502,1030,1036
양천구,701. 목동사거리 부근,202502,897,924
종로구,4719. 종로문화원 건너편,202502,572,546
도봉구,4086. 도봉로 534,202502,315,259
도봉구,4087. 우이교 교차로,202502,648,698
도봉구,4088. 김근태도서관,202502,97,70
강서구,5082. 가양역 7번출구,202502,2531,3107
은평구,4685. DMC역 5번 출구(수색역 방향),202502,731,716
강남구,4908. SB타워 앞,202502,157,185
노원구,5308. 상계신동아아파트,202502,48,31
강동구,3700. 강변그대가리버뷰 입구 맞은편,202502,467,515
성동구,4385. 용답동 우체국 주변,202502,921,892
마포구,129. 신촌역(2호선) 6번출구 옆,202502,300,321
양천구,702. 목4동주민센터 옆,202502,1086,1078
강서구,5084. 강서우체국,202502,727,602
노원구,5309. 월계 롯데캐슬아파트 뒤,202502,441,430
영등포구,5857. U레지던스 앞,202502,431,486
구로구,3924. 오류동 계림웨스트밸리 앞,202502,98,87
양천구,4540. 목동역 3번 출구,202502,2317,2546
동작구,4179. 보라매병원역 1번출구,202502,1925,1976
동작구,4180. 흑석동주민센터 입구,202502,94,88
서대문구,4271. 충정로역 1번 출구,202502,166,69
강남구,4909. 노보텔 앰배서더 앞,202502,131,73
강남구,4911. 도곡동 골프 로데오거리,202502,175,174
양천구,703. 오목교역 7번출구 앞,202502,2110,2372
노원구,5310. 목련아파트,202502,327,305
강남구,4913. 레베쌍트 빌딩 앞,202502,98,97
강남구,4914. 도심공항타워 앞,202502,630,641
서대문구,4272. 홍남교 사거리,202502,522,531
서대문구,4273. 홍연2교 사거리,202502,291,291
강남구,4915. 영동중앙교회 버스정류장,202502,109,114
노원구,5311. 주공601동 상가 노원지하보도 앞,202502,1087,1073
동작구,4181. 보라매공원역 2번출구,202502,465,446
강서구,5086. 가양테크노타운,202502,309,337
도봉구,4089. 동부센트레빌 앞,202502,536,567
양천구,704. 남부법원검찰청 교차로,202502,1416,1423
성동구,4386. 현대자동차 동부서비스센터 주변,202502,710,631
성동구,4387. 성수역 1번출구 주변,202502,898,979
노원구,5314. 월계1동주민센터 앞,202502,370,410
노원구,5313. 중계주공2단지 앞,202502,398,403
구로구,3925. 중앙유통단지 앞 B,202502,335,356
강서구,5088. 등촌역 센터스퀘어,202502,535,517
은평구,4686. 우물골 근린공원,202502,152,149
은평구,4687. 역촌센트레빌아파트 101동 앞,202502,185,63
강서구,5089. LG사이언스파크 E10동,202502,1134,1130
강서구,5087. 연세강서빌딩,202502,1115,1070
양천구,706. 신정네거리역,202502,586,551
마포구,5503. 마포아트센터 앞,202502,773,772
송파구,5756. 극동아파트,202502,534,534
송파구,5758. 올림픽선수기자촌아파트 123동 근처,202502,302,202
노원구,5315. 불암산역 앞,202502,184,138
용산구,4640. 원효로2가 교차로,202502,369,541
강서구,5090. 대상연구소,202502,572,703
용산구,4641. 아메리칸센터,202502,306,375
서대문구,4270. 우국한마음 아파트 맞은편,202502,640,657
서대문구,4274. 신촌 파랑고래 입구,202502,371,399
송파구,5759. 풍납근린공원,202502,485,484
영등포구,5858. 영등포역5번출구,202502,2759,3151
관악구,3819. 서울대벤처타운역,202502,342,362
서초구,4333. 서울고등학교 건너편,202502,123,120
강서구,5091. 보타닉파크타워2,202502,822,876
양천구,4542. 월정초 사거리,202502,374,426
강동구,4951. 강동농협 버스정류소 앞(광채빌라),202502,377,373
송파구,5760. 풍납사거리 성내유수지,202502,428,430
노원구,5318. 극동의 푸른별 아파트 뒤(중계4동주민센터 앞),202502,327,297
양천구,708. 서울출입국관리사무소 앞,202502,2621,2576
송파구,5763. 세륜초등학교 건너편,202502,57,56
송파구,5764. 한국체육대학교,202502,295,286
강북구,3720. 우이천 창번교,202502,303,317
송파구,5761. 버섯분수대,202502,423,425
강동구,3701. 방아삼거리,202502,134,107
동대문구,4128.  종암초등학교 뒤(새울센스빌),202502,330,285
서초구,4334. 인재개발원 데이터센터,202502,27,4
성북구,4421. 롯데캐슬클라시아 입구 앞,202502,38,38
용산구,4642. 용산더프라임아파트 101동 앞,202502,197,182
양천구,709. 신정3동 현장민원실 앞,202502,296,289
영등포구,5859. 여의도 삼부아파트,202502,1063,1049
중구,6053. 중부세무서 앞,202502,120,108
송파구,5765. 삼전동주민센터 건너편,202502,958,1108
양천구,4543. 오목교역 6번 출구,202502,2061,2412
강남구,4916. 청담역 1번출구,202502,89,66
동대문구,4131. 베네스트 오피스텔 앞,202502,341,311
관악구,3820. 은천삼거리,202502,194,143
노원구,5317. 공릉동 신도1차 아파트 뒤,202502,549,574
중랑구,4841. 중화수경공원,202502,646,669
은평구,4689. 은평서해그랑블아파트앞,202502,333,218
양천구,710. 금옥여고보도육교,202502,195,198
영등포구,5861. 보라주유소 앞,202502,350,357
영등포구,5860. 어울림병원 앞,202502,739,792
도봉구,4091. 방학역2번출구,202502,674,743
동대문구,4132. 이문삼익아파트 앞,202502,113,108
노원구,5319. 연해피빌 앞,202502,566,568
도봉구,4090. 녹천교 앞 사거리,202502,520,502
도봉구,4092. 도봉경찰서 교차로,202502,439,406
강남구,4919. 학여울역사거리(은마아파트),202502,112,111
강남구,4917. 일원에코파크 주차장,202502,433,512
양천구,711. 신일해피트리아파트 앞,202502,588,151
서초구,4336. 서울교육청 교육연수원 앞,202502,50,20
서초구,4337. 우면산등산로 입구,202502,52,5
구로구,3927. 구로월드아파트 앞,202502,854,892
강북구,3724. 삼양동주민센터 앞,202502,192,151
강남구,4918. 매봉역 1번출구,202502,302,407
영등포구,5862. 당산역11번출구,202502,2448,2494
광진구,3890. 웰츠타워 오피스텔,202502,1033,1016
구로구,3930. 온수역 2번 출구 앞,202502,260,251
양천구,712. 강월초교입구 사거리,202502,357,478
송파구,5766. 북위례1,202502,158,68
송파구,5767. 북위례2,202502,104,89
노원구,5320. 국제 스케이트장,202502,31,28
강북구,3725. 강북 청소년 문화정보도서관 앞,202502,243,243
구로구,3929. 고척아이파크아파트 205동 앞,202502,539,491
구로구,3928.고척아이파크아파트 106동 앞,202502,528,531
금천구,3986.청년주택 독산동점,202502,416,407
도봉구,4094.도봉여성센터,202502,208,201
동대문구,4133.래미안허브리츠아파트 앞,202502,417,392
관악구,"3822.신림4,5동교",202502,211,209
마포구,130. 신촌역(2호선) 7번출구 앞,202502,865,936
양천구,713. 양서중학교 옆,202502,402,330
영등포구,5864.장훈고 앞,202502,421,506
은평구,4690.은평뉴타운폭포동 힐스테이트4단지,202502,45,18
서대문구,4275.농협생명본사빌딩 서관,202502,313,312
성북구,4423.현대백화점 미아점,202502,333,355
영등포구,5865.더리브오피스텔 앞,202502,958,822
성동구,4389. 서울숲역3번출구,202502,127,127
동대문구,4134. 제기동 현대아파트 앞,202502,211,162
강남구,4923.수협대치동지점,202502,392,378
강남구,4924.논현동가구거리,202502,182,186
강동구,4952.천호시장 버스정류소 옆,202502,612,617
양천구,714. 한국SGI 양천문화회관 앞,202502,432,375
중구,6054.청구e편한세상아파트 113동 앞,202502,628,609
노원구,5321.불암아파트 앞,202502,352,349
영등포구,5866.포레나 당산,202502,1862,1829
마포구,5504.아현교회,202502,139,20
송파구,5768.방이삼거리,202502,2271,2578
양천구,4544.경창시장,202502,372,519
서초구,4338.새정이마을버스정류장 앞,202502,8,6
노원구,5322.노원성당 앞,202502,318,340
금천구,3987. LG전자가산A와 가산테라타워 사이,202502,627,616
용산구,800. 목월공원 앞,202502,441,311
서초구,4340. 방배래미안아트힐아파트 앞,202502,151,41
서초구,4341. 영동1교 북단,202502,336,369
구로구,3932. 개봉센트레빌레우스아파트 앞,202502,80,49
구로구,3931. 천왕역 3번 출구 뒤,202502,527,253
양천구,4545. 청소년음악센터,202502,299,265
구로구,3934. 철도교통관제센터 정문 앞,202502,1236,1212
강서구,5095. 원당근린공원,202502,1421,1418
양천구,4546. 목동운동장 주경기장,202502,184,202
성동구,4390. 신답역 1번출구,202502,218,235
송파구,5774. 가락본동주민센터 인근,202502,653,631
송파구,5773. 송파시그니처롯데캐슬,202502,136,118
중랑구,4842. 면목라온프라이빗 아파트,202502,299,401
강북구,3726.삼양동사거리,202502,196,196
영등포구,5867. H타워 앞,202502,1917,1691
금천구,3988. 엘아르베뉴 102동 앞,202502,680,726
구로구,3933. 오류동부골든아파트 후문 옆,202502,210,32
영등포구,5868. 로프트시티오피스텔,202502,1163,1116
영등포구,5870. LG트윈타워 앞,202502,1274,1123
용산구,802. 한강진역 2번 출구 앞,202502,230,86
강남구,4926. 대치우성아파트 사거리,202502,456,458
영등포구,5869. 영등포아트홀 앞,202502,536,586
송파구,5775. 가락시장역 5번출구,202502,367,381
강남구,4925. 청담백영빌딩 앞,202502,99,148
마포구,5506. 월드컵참누리아파트,202502,427,448
강남구,4928. 교수마을 입구,202502,140,138
송파구,5777. 호반써밋12단지,202502,321,282
강동구,4953. 세양청마루아파트 앞,202502,636,633
용산구,4643. 한가람아파트 앞,202502,316,349
영등포구,5871. 건영상가 앞,202502,304,299
강서구,5096. LG사이언스파크 E14동,202502,2426,3198
구로구,3935. 고대구로병원 앞,202502,688,664
중랑구,4843. 봉화산역 4번 출구,202502,429,505
강남구,4929. 파스쿠찌 청담사거리점 앞,202502,169,216
중구,6055. 한국경제,202502,205,244
노원구,5323. 하계역 4번출구 앞,202502,712,733
서초구,4343. 헌인릉 입구,202502,9,7
동대문구,4135. 삼성생명 앞,202502,1083,1068
강서구,5097. LG사이언스파크 E2동,202502,705,720
용산구,805. 문배어린이공원 앞,202502,433,439
강서구,5099. LG사이언스파크 E7동,202502,1091,1263
강서구,5098. LG사이언스파크 W4동,202502,718,715
노원구,5326. 대진고교앞 교차로,202502,661,661
강서구,5100. 강서도로사업소,202502,250,263
성북구,4425. 하늘채코오롱아파트 앞,202502,384,440
성동구,4393. 상원삼거리 장안철교 아래,202502,485,426
노원구,5325.상계주공7단지 아파트 앞,202502,567,406
성동구,4392. 답십리역 6번출구,202502,678,713
강남구,4930. 학여울역 1번출구,202502,191,140
도봉구,4095. 방학브라운스톤아파트,202502,355,376
용산구,806. 전자랜드 본관 앞,202502,513,475
노원구,5327. 태릉선수촌 앞,202502,34,24
마포구,5507. 아현래미안푸르지오아파트 104동 앞,202502,196,30
마포구,5508. 성산유수지공원,202502,602,630
송파구,5778. 북위례3,202502,145,113
노원구,5328.롯데캐슬시그니처아파트 앞,202502,450,350
중랑구,4845. 신내역금강펜테리움센트럴파크,202502,59,49
강서구,6171. 월드빌딩 앞,202502,510,477
성동구,4394.서울시립24시간게스트하우스,202502,375,455
노원구,5329. 상계주공15단지 1509동 앞,202502,381,377
은평구,4693. 수색감리교회,202502,652,661
용산구,807. 서울역 12번 출구 앞,202502,384,384
노원구,5330. 구립수락노인종합복지관,202502,310,316
강서구,6172. 가양5단지아파트,202502,240,192
노원구,5331. 공릉동 풍림아파트 112동 앞,202502,137,134
영등포구,5872. 서경팰리스 앞,202502,427,482
강서구,6173. 서울자동차운전전문학원,202502,126,127
송파구,5779. 나래교,202502,142,129
동대문구,4136. 롯데캐슬SKY-L65 D동 앞,202502,758,797
노원구,5332. 마들역 4번출구,202502,439,441
노원구,5333. 노원역9번-10번 출구 앞,202502,1150,1215
노원구,5335. 하계역 1번 출구,202502,426,426
용산구,808. 서빙고동 금호맨션 앞,202502,88,115
노원구,5334. 화랑대역 3번출구,202502,151,145
중구,6057. 을지로5가(방산시장),202502,288,287
노원구,5336. 월계 고등학교 앞,202502,90,63
노원구,5337. 태강릉 앞,202502,43,38
강남구,4932. 개포래미안포레스트 130동 맞은편,202502,179,185
송파구,5780. 송파세무서,202502,84,80
강남구,4933. 디에이치퍼스티어아이파크 159동 앞,202502,71,70
중구,6058. 서울도시건축전시관 옆,202502,1233,1334
서초구,4344. 양재대로(구룡지하차도 앞),202502,154,143
노원구,5339. 은빛1단지 아파트 앞,202502,72,49
서대문구,131. 증산2교,202502,792,847
용산구,809. 한남 유수지 복개주차장,202502,255,328
송파구,5781. 올림픽공원 수영장,202502,1817,1879
노원구,5338. 상계초교 입구 교차로,202502,593,622
강남구,4935. 도곡삼성래미안,202502,210,218
구로구,3936. 힐스테이트 신도림역,202502,1172,1118
양천구,4547. 목동역 2번 출구,202502,1705,1803
중구,6059. 덕수중학교,202502,368,313
구로구,3937. 개봉역 신영지웰에스테이트,202502,62,56
강남구,4931. 디에이치퍼스티어아이파크 124동 앞,202502,404,268
광진구,3894. 노룬산시장 앞,202502,622,629
용산구,810. 이태원지하보도,202502,257,268
서초구,4345. 반포역 4번출구,202502,144,158
구로구,3939.신도림역 3번출구,202502,2083,2608
강동구,4954. 신명초등학교 건너편,202502,253,162
영등포구,5876. 에이스하이테크시티 4동 앞,202502,355,472
영등포구,5877. 문래동 꽃밭정원,202502,418,465
영등포구,5878. 우리은행 앞,202502,1146,1115
동대문구,4137. 답십리역 4번출구,202502,1303,1446
동대문구,4138. 조일빌딩 앞,202502,375,379
영등포구,5879. 국회도서관 2문 앞,202502,125,106
영등포구,5880. 국회박물관,202502,65,51
용산구,811. 녹사평역1번출구,202502,286,85
성동구,4396. 마장축산물시장 서문 인근,202502,205,215
성동구,4397. 마장축산물시장 북문 건너편,202502,389,444
영등포구,5881. 세계청소년NGO교육문화원,202502,913,951
영등포구,5882. 휴젠느,202502,1413,1349
강서구,6177. 마곡롯데캐슬르웨스트,202502,1335,1329
성동구,4398. 유원지식산업센터 앞,202502,648,617
성동구,4399. 더리브 세종타워 앞,202502,776,771
강서구,6176. 유광사 여성병원 앞,202502,319,319
동대문구,4139. 답십리 사거리,202502,395,391
강동구,4957. 신명초교 교차로,202502,523,424
영등포구,5883. 영문초사거리,202502,1298,1444
영등포구,5884. GS강서타워,202502,1018,1112
서초구,4347. 논현지하보도,202502,413,414
동대문구,4140. 신설동역 4번출구,202502,552,622
동대문구,4141. 우리은행장안지점 앞,202502,880,917
강동구,4958. 고덕래미안힐스테이트 아파트 211동,202502,122,57
강동구,4959. 암사역사공원역 3번출구,202502,100,113
강서구,6178. 마스터밸류에이스 지식산업센터,202502,250,242
노원구,5342. 상계공원 입구,202502,274,313
광진구,3898. 올림픽대교 북단,202502,731,778
용산구,813. 삼각지역 3번출구,202502,298,318
광진구,3899. 아차산역 2번출구,202502,441,446
영등포구,5885. 신정교하부(도림천역 방면),202502,462,333
중구,6060. 신한은행 본점,202502,619,570
송파구,5782. 오금현대 아파트 상가입구 앞,202502,271,268
성북구,4427. 동일하이빌뉴시티,202502,285,284
중랑구,4846. 상봉동양엔파트 앞,202502,372,378
중랑구,4847. 신내역시티프라디움 앞,202502,285,238
서대문구,4277. 서대문우체국 정류소 옆,202502,65,65
강남구,4936. SK텔레콤(T1) 인근,202502,84,40
서대문구,4278. 홍은2동주민센터,202502,104,109
용산구,815. LIG강촌아파트 103동앞,202502,390,426
서초구,4348. 사당역 1번출구,202502,35,77
광진구,3900. 건국대학교 신공학관,202502,574,721
강동구,4956. 암사역사공원역 1번출구,202502,253,396
동대문구,4142. 현대썬앤빌 앞,202502,1021,1125
종로구,4721. 통인시장 정자,202502,598,600
마포구,5513. 마포음식문화거리,202502,461,518
종로구,385. 종각역 5번출구,202502,783,891
중구,387. 훈련원공원주차장 앞,202502,523,545
마포구,181. 망원초록길 입구,202502,300,269
마포구,182. 망원2빗물펌프장 앞,202502,321,291
마포구,183. 하늘채코오롱아파트 건너편,202502,1540,1410
마포구,184. 7번가피자 서교망원점,202502,1229,1316
마포구,185. 마포 신수공원 앞,202502,477,316
마포구,186. 월드컵공원,202502,684,676
서대문구,177. 북가좌 초등학교,202502,350,383
서대문구,188. 홍은동 정원여중 입구,202502,359,334
서대문구,191. 서우빌딩,202502,522,665
서대문구,192. 연서어린이공원,202502,280,291
서대문구,178. 증산3교 앞,202502,699,684
서대문구,133. 해담는다리,202502,779,812
서대문구,194. 증산교 앞,202502,694,700
서대문구,195. 모래내고가차도 ,202502,359,320
서대문구,196. 연희교차로 인근,202502,188,156
서대문구,198. 충정2교,202502,157,145
성동구,556. 달맞이공원,202502,27,27
성동구,557. 도선동 주민센터 앞,202502,788,917
성동구,558. 성동광진 교육지원청 앞,202502,715,711
서대문구,134. 연세로 명물길,202502,216,282
성동구,559. 왕십리역 4번 출구 건너편,202502,888,927
성동구,560. 비전교회 앞,202502,1218,1231
성동구,561. 서울숲역 2번출구 앞,202502,875,964
성동구,563. 성동세무서 건너편,202502,1025,1294
성동구,564. 금호역 3번출구,202502,60,35
성동구,565. 옥수역 3번출구,202502,1441,1622
성동구,568. 청계8가 사거리 B,202502,1019,1101
서대문구,135. 명물길 원형무대 앞,202502,200,263
성동구,569. 응봉현대아파트 정류소,202502,99,99
성동구,578. 성동세무서 부근,202502,952,948
성동구,579. 마장역 4번출구,202502,466,495
성동구,582. 경일중학교 앞,202502,1049,1059
성동구,583. 청계천 생태교실 앞,202502,1261,1369
광진구,551. 구의삼성쉐르빌 앞,202502,1362,1418
광진구,552. 대림아크로리버 앞,202502,532,571
광진구,553. 중곡 성원아파트 앞,202502,490,480
광진구,555. 구의3동주민센터,202502,163,161
광진구,571. 세종대학교 대양AI센터,202502,631,646
광진구,573. 구의문주차장 앞,202502,1085,1045
광진구,574. 아차산역4번출구,202502,1202,551
광진구,575. 대원중고교 입구(대하빌딩),202502,191,171
광진구,576. 광나루역 3번 출구,202502,920,949
광진구,577. 광진청소년수련관,202502,786,811
동대문구,621. 전농초등학교 건너편,202502,246,193
서대문구,137. 신촌기차역입구 교차로,202502,272,167
동대문구,622. 전농사거리 교통섬,202502,512,620
동대문구,623. 서울시립대 정문 앞 B,202502,808,501
동대문구,624. 전농동 동아아파트 앞,202502,768,818
동대문구,626. 군자교 서측 녹지대,202502,868,828
동대문구,627. 장안동삼거리 교통섬,202502,624,653
동대문구,628. 휘봉고등학교 앞,202502,295,315
동대문구,630. 동대문구 보건소,202502,1201,1216
동대문구,631. 답십리역 1번출구,202502,1502,1664
마포구,102. 망원역 1번출구 앞,202502,1390,1575
서대문구,138. 신촌동 제1공영주차장 앞,202502,283,268
동대문구,633. 청량리 기업은행 앞,202502,1249,1412
동대문구,634. 외국어대 정문 앞,202502,762,859
동대문구,635. 시조사 앞,202502,602,597
동대문구,636. 세종대왕기념관 교차로,202502,238,274
동대문구,637. KAIST 경영대학 앞,202502,461,326
동대문구,638. 서울시립대 정보기술관,202502,203,198
동대문구,639. 서울시립대 후문,202502,272,225
동대문구,640. 동대문경찰서 교차로,202502,543,629
동대문구,641. 용두역 4번출구,202502,1001,1193
동대문구,642. 신답역 사거리,202502,953,936
서대문구,140. 이화여대 후문,202502,322,411
동대문구,643. 동대문구민체육센터 (육교아래),202502,1002,1065
영등포구,230. 영등포구청역 1번출구,202502,4281,4269
영등포구,260. 여의도 마리나선착장 앞,202502,165,160
영등포구,263. 근로자회관 사거리,202502,2026,2093
영등포구,264. 교보생명보험 앞,202502,964,826
영등포구,265. 영등포유통상가 사거리,202502,1044,1034
서대문구,141. 연대 대운동장 옆,202502,282,127
영등포구,266. 영등포청과시장 사거리,202502,903,879
영등포구,267. 삼성화재 사옥 옆,202502,999,945
영등포구,268. 그랜드컨벤션센터 앞,202502,1272,1280
영등포구,270. 증권거래소후문교차로,202502,715,694
영등포구,271. 샛강생태공원방문자센터 앞,202502,345,239
영등포구,272. 당산육갑문,202502,1569,1753
양천구,716.신정6동 주민센터 인근,202502,951,935
서대문구,139. 연세대 정문 건너편,202502,197,143
양천구,719. 홍익병원앞 교차로,202502,715,743
양천구,720. 서울강월초등학교 앞,202502,399,206
용산구,816. 신용산역 6번출구 앞,202502,727,748
용산구,817. 삼각지역 4번출구 앞,202502,464,436
용산구,818. 숙명여대 입구 교차로,202502,574,619
용산구,819. 선린인터넷 고등학교,202502,746,788
용산구,820. 청파동입구 교차로,202502,367,403
용산구,822. 이촌1동 마을공원,202502,255,217
용산구,823. 효창동주민센터 앞,202502,145,114
용산구,825. 서빙고동 주민센터 앞,202502,632,715
마포구,199. 서울 월드컵 경기장,202502,364,232
종로구,388. 동성중학교 앞,202502,188,181
광진구,584. 광진광장 교통섬,202502,1517,1231
성동구,585. 성수2가1동 공영주차장 인근,202502,2079,2136
성동구,586. 마장동 주민센터,202502,394,402
은평구,900. 은평예술회관,202502,264,246
영등포구,200. 국회의원회관,202502,95,91
은평구,902. 진관동 은빛초등학교,202502,145,143
은평구,903. 은평뉴타운 아이파크,202502,296,319
은평구,904. 은평뉴타운 푸르지오,202502,205,240
은평구,905. 구파발역 2번출구,202502,732,862
은평구,906. 연신내역 5번출구,202502,1109,1286
은평구,907. CJ 드림시티,202502,1155,1475
은평구,908. 구산역 4번출구,202502,529,522
은평구,909. 백련산 힐스테이트 3차,202502,263,96
은평구,911. 은평평화공원(역촌역4번출구),202502,855,861
영등포구,201. 진미파라곤 앞,202502,788,768
은평구,912. 응암오거리,202502,1117,1197
은평구,913. 이마트 버스정류장(서부경찰서 방면),202502,801,801
은평구,914. 새절역 2번출구,202502,1001,1203
은평구,915. 증산역 4번출구,202502,603,678
은평구,916. 평생학습관 앞,202502,536,553
은평구,917. 녹번역 3번출구,202502,638,606
은평구,919. 서울혁신파크,202502,251,254
은평구,921. 신도고등학교,202502,51,41
영등포구,202. 국민일보 앞,202502,2006,1950
은평구,922. 연신내역 4번출구,202502,212,213
은평구,923. 국민은행 연서지점,202502,169,168
은평구,925. 불광역 2번출구,202502,290,300
은평구,927. 연신내역 3번출구 인근,202502,164,165
은평구,928. 은평역사한옥박물관,202502,104,65
은평구,930. 구 서부경찰서 건너편,202502,460,461
은평구,931. 역촌파출소,202502,1646,1692
은평구,932. 예일여중,202502,529,549
은평구,933. 역촌종합시장 버스정류장(예일여고 방면),202502,850,902
성동구,587. 유니베라 앞,202502,819,912
광진구,588. 뚝섬 유원지역,202502,809,837
강동구,1001. 광진교 남단 사거리(천호공원 방면),202502,632,632
강동구,1002. 해공공원(천호동),202502,940,947
강동구,1003. 해공도서관앞,202502,536,523
강동구,1004. 삼성광나루아파트 버스정류장,202502,440,671
강동구,1006. 롯데캐슬 115동앞,202502,113,110
강동구,1007.암사동 선사유적지,202502,30,34
강동구,1008. 암사역 3번출구(국민은행앞),202502,1322,1537
강동구,1009. 천호역4번출구(현대백화점),202502,2291,2301
강동구,1010. 강동세무서,202502,1472,1525
강동구,1011. LIGA 아파트 앞,202502,1493,1473
강동구,1012. 천호역효성해링턴타워 앞,202502,1303,1298
강동구,1013. 강동구청역 1번 출입구,202502,1359,1350
강동구,1015. 샛마을 근린공원,202502,350,360
마포구,103. 망원역 2번출구 앞,202502,1083,1210
영등포구,204. 국회의사당역 5번출구 옆,202502,758,749
강동구,1016. 해뜨는 주유소옆 리엔파크 109동앞,202502,295,280
강동구,1017. 둔촌고교입구 교차로(길동주민센터 방면),202502,803,809
강동구,1019. 다성이즈빌아파트(호원대 대각선 맞은편),202502,2367,2442
강동구,1020. 강동경찰서,202502,2107,2153
강동구,1021. 강일동 리슈빌 빌딩앞,202502,595,734
강동구,1022. 길동 사거리(초소앞),202502,824,849
성동구,589. 성수역3번출구,202502,1538,1559
강서구,1101. 상사마을 버스정류장(아라대교방면),202502,67,99
강서구,1102. 방화사거리 마을버스 버스정류장,202502,1297,1383
강서구,1105. 방화근린공원,202502,145,85
영등포구,203. 국회의사당역 3번출구 옆,202502,1151,1144
강서구,1108. 공항시장역 2번출구 뒤,202502,653,639
강서구,1109. 공항시장역 4번출구,202502,334,343
강서구,1111. 마곡엠밸리6_7단지 마곡중학교,202502,1408,1314
강서구,1112. 마곡엠밸리4단지 정문,202502,2668,2670
강서구,1113. 서남환경공원 버스정류장,202502,1883,1500
강서구,1118. 증미역 3번출구뒤(등촌두산위브센티움오피스텔),202502,1353,1438
강서구,1119. 염창동 한마음아파트 앞,202502,549,548
강서구,1120. 대림경동아파트앞,202502,1130,1026
강서구,1121. 가양레포츠센터 앞,202502,714,717
영등포구,205. 산업은행 앞,202502,1138,1120
강서구,1122. 황금내근린공원,202502,582,626
강서구,1124. 발산역 6번 출구 뒤,202502,3256,3417
강서구,1126. 우장산역 1번출구옆(우장산아이파크105동앞),202502,969,699
강서구,1127. 화곡역 버스정류장,202502,588,592
강서구,1129. 화곡역 1번 출구 앞,202502,742,742
강서구,1130. 화곡본동시장 버스정류장,202502,251,240
강서구,1132. 등촌역 7번출구,202502,901,1122
영등포구,206. KBS 앞,202502,1268,1235
강서구,1135. 강서구의회,202502,1280,1030
강서구,1136. 등촌2파출소,202502,410,148
강서구,1137. 등촌2동주민센터,202502,193,123
강서구,1139. 용문사 버스정류장,202502,319,200
강서구,1140. 목동사거리 버스정류장,202502,1345,1347
강서구,1141. 곰달래 문화복지센터 A,202502,848,879
강서구,1145. 곰달래 문화복지센터 B,202502,429,507
강서구,1148. 볏골공원,202502,604,539
송파구,1205. 종합운동장역 4번출구,202502,532,428
송파구,1206. 9호선종합운동장역 9번출구,202502,554,567
송파구,1208. 풍납현대아파트쉼터,202502,1333,1348
송파구,1209. 잠실나루역 (2번 출구 쪽),202502,1745,1662
송파구,1213. 백토공원 앞,202502,146,147
송파구,1215. 올림픽공원역 1번출구 앞,202502,927,938
송파구,1217. 송파파인타운 7단지,202502,313,316
송파구,1220. 잠실근린공원,202502,1448,1530
송파구,1222. 잠실새내역 5번 출구 뒤,202502,1595,1793
송파구,1224. 아시아지하보도 2번 출구,202502,712,708
송파구,1229. 송파체육문화회관 앞,202502,549,550
영등포구,209. 유진투자증권빌딩 앞,202502,1819,2020
송파구,1232. 잠실주공 521동 건너편,202502,1378,1387
송파구,1233. 잠실3거리(갤러리아팰리스),202502,605,534
송파구,1235. 잠실트리지움310동 옆,202502,1010,1188
서대문구,176. 명지대학교 도서관,202502,642,667
중랑구,1401. 극동늘푸른아파트,202502,640,708
성북구,1314. 정릉꿈에그린1단지 201동 앞,202502,82,81
성북구,1315. 고려사대부속중고 정문,202502,60,60
중랑구,1402. 금란주차장 앞,202502,376,333
성북구,1316. 고려사대부속중고 건너편 ,202502,149,141
성북구,1318. 길음역 3번출구 뒤,202502,547,578
성북구,1319. 종암박스파크,202502,363,357
성북구,1322. 래미안라센트아파트 103동 앞,202502,537,552
중랑구,1403. 중화빌딩 앞 (동부시장),202502,465,516
중랑구,1405. 망우역 1번출구,202502,334,325
중랑구,1408. 먹골역 6번출구 앞,202502,432,503
성북구,1325. 상월곡역 4번출구,202502,258,196
성북구,1326. 상월곡역 1번출구,202502,342,325
중랑구,1410. 면목 대원칸타빌아파트,202502,104,37
성북구,1327. 상월곡역 3번출구,202502,452,446
성북구,1332. 석계역 5번출구 건너편,202502,563,609
성북구,1333. 석관초등학교 앞,202502,559,594
성북구,1334. 석관동주민센터 앞,202502,556,602
중랑구,1418. 새솔초등학교,202502,90,18
중랑구,1441. 신내능말공원,202502,175,93
중랑구,1420. 신내어울공원 앞,202502,315,328
중랑구,1421. 신내역 4번출구,202502,234,204
중랑구,1422. 신내우디안아파트 1단지,202502,82,17
중랑구,1424. 양원역 2번출구,202502,107,84
중랑구,1425. 신성미소지움아파트,202502,333,198
영등포구,213. KT앞,202502,1513,1363
중랑구,1426. 면목도시개발아파트 1동 앞,202502,212,40
중랑구,1435. 능산삼거리,202502,120,86
중랑구,1436. 동원베네스트 건물 앞,202502,174,84
중랑구,1437. 늘푸른공원 앞,202502,354,404
중랑구,1438. 홈플러스 신내점 앞,202502,787,916
중랑구,1404. 동일로 지하차도,202502,782,791
마포구,104. 합정역 1번출구 앞,202502,753,602
영등포구,214. 금융감독원 앞,202502,920,934
노원구,1601. 석계역 문화광장 내 자전거 보관소,202502,1791,2041
노원구,1606. 태릉입구역 3번출구 ,202502,681,717
노원구,1610. 화랑대역 2번출구 앞,202502,933,957
노원구,1611. 과기대 입구(우),202502,818,909
노원구,1616. 하계2동 공항버스정류장 옆,202502,413,403
노원구,1617. 하계동 중평어린이공원 앞,202502,905,961
노원구,1634. 당고개공원 대여소,202502,286,249
노원구,"1635. 상계3,4동 주민센터 대여소",202502,150,122
노원구,1636. 상계주공2단지 버스정류장 옆,202502,1118,1106
노원구,1637. KT 전화국 버스정류장 옆,202502,1833,1977
노원구,1639. 희성오피앙,202502,344,294
도봉구,1702. 녹천역 1번출구 앞,202502,246,286
도봉구,1705. 도봉구청 정문앞,202502,669,691
도봉구,1707. 도봉구민회관,202502,612,510
도봉구,1709. 쌍문역4번출구 주변,202502,592,581
금천구,1804. 독산역 2번출구 자전거주차장,202502,928,899
영등포구,219. 롯데캐슬엠파이어 옆,202502,1421,1401
금천구,1805. 서울디지털운동장 앞,202502,619,615
금천구,1806. 에이스하이엔드타워9차 앞,202502,503,551
금천구,1808. 에이스하이엔드타워8차 앞,202502,626,630
금천구,1809. LG전자 별관동(호서대 벤처타워 맞은편),202502,661,921
금천구,1812. 갑을그레이트밸리 앞,202502,361,396
금천구,1814. 두산위브아파트 옆 상가건물 앞,202502,476,444
금천구,1820. 신한은행 시흥대로금융센터지점,202502,81,111
금천구,1821. 홈플러스 시흥점 맞은편 다비치안경 앞,202502,365,391
영등포구,220. 미성아파트 A동 앞,202502,733,718
금천구,1822. 서울 시흥동우체국 앞,202502,248,285
금천구,1823. 상신정비공업 앞,202502,164,50
금천구,1824. 독산근린공원 입구,202502,689,711
금천구,1825. 한신아파트 앞 육교 아래,202502,207,221
금천구,1826. 한신코아 앞,202502,161,161
금천구,1828. 한양수자인아파트 앞,202502,508,294
금천구,1829. 홈플러스 금천점 앞,202502,409,416
금천구,1830. 빅마켓 금천점 앞,202502,929,906
금천구,1831. 한국전력 구로금천지사 앞,202502,344,340
금천구,1833. 독산역 1번출구 A,202502,471,576
영등포구,215. 여의도고교 앞,202502,466,479
금천구,1834. 월드메르디앙 벤처센터 2차,202502,561,647
금천구,1835. STX V타워,202502,249,237
금천구,1819. 금천구청 앞 자전거거치대,202502,157,154
강북구,1503. 강북구청사거리(수유역 8번출구),202502,934,1119
강북구,1504. 삼양시장오거리,202502,178,171
강북구,1506. 강북문화예술회관,202502,623,560
강북구,1514. 강북구청 사거리 버스정류소 앞,202502,434,445
강북구,1525. 미아동 복합청사,202502,149,131
강북구,1515. 송천동 주민센터,202502,223,226
강북구,1520. 수유중앙시장,202502,590,649
강북구,1519. 장미원시장 건너편,202502,314,276
강북구,1516. 우이동길마을마당,202502,253,235
강북구,1518. 수유2동은행빌딩 앞,202502,426,416
성북구,1321. 국민은행 종암동지점 앞,202502,713,810
도봉구,1703. 도봉산광역환승센터앞 ,202502,124,85
도봉구,1708. 도봉보건소사거리,202502,695,719
영등포구,217. NH농협은행 앞,202502,1975,2154
금천구,1827. 독산보도육교 앞 자전거 보관소,202502,747,785
금천구,1836. 금천구립 독산도서관,202502,88,29
구로구,1901. 신도림동주민센터 앞,202502,998,970
구로구,1904. 도림천역 1번 출구 앞,202502,1025,1011
구로구,1906. 신도림역 1번 출구 앞,202502,2578,2597
구로구,1907. 구일우성(아) 육교 밑,202502,875,867
구로구,1908. 해원리바파크 육교 밑,202502,1576,1545
구로구,1910. 낙원교회 맞은편,202502,200,158
구로구,1911. 구로디지털단지역 앞,202502,2777,2801
구로구,1912. 한신휴아파트 앞,202502,1256,1263
영등포구,221. 여의도초교 앞,202502,783,778
구로구,1916. 구로중학교앞,202502,510,534
구로구,1920. 서울미래초등학교 사거리,202502,666,602
구로구,1924. 삼부르네상스파크빌,202502,629,241
구로구,1928. 고척스카이돔구장 광장,202502,672,664
구로구,1929. 고척근린공원 고척도서관 앞,202502,515,473
구로구,1930. 개봉지구대 개봉치안센터,202502,383,373
구로구,1933. 개봉푸르지오아파트 상가,202502,827,881
구로구,1937. 한진아파트 입구,202502,454,451
영등포구,222. 시범아파트버스정류장 옆,202502,1042,1127
동작구,2002. 노들역 1번출구,202502,851,969
동작구,2007. 유한양행앞,202502,436,479
동작구,2008. 노량진근린공원 대방공원,202502,147,103
동작구,2013. 장승배기역 5번출구,202502,411,367
동작구,2016. 신대방삼거리역 3번출구쪽,202502,420,420
영등포구,223. 진주아파트상가 앞,202502,562,492
동작구,2020. 장승배기역2번출구뒷편쪽,202502,227,231
동작구,2024. 상도역 1번출구,202502,198,166
동작구,2025. 흑석역 1번출구,202502,530,647
동작구,2027. 중앙대학교 정문 1,202502,129,163
동작구,2036. 정금마을 마을버스정류장,202502,316,318
동작구,2037. 동작역 5번출구 동작주차공원,202502,149,202
동작구,2038. 동작역 7번출구,202502,96,105
동작구,2040. 비계 버스정류소,202502,65,39
동작구,2050. 노량진역 5번출구,202502,919,1151
마포구,105. 합정역 5번출구 앞,202502,390,274
영등포구,224. 롯데캐슬 앞,202502,1130,1216
동작구,2054. 삼익아파트,202502,459,456
동작구,2057. 상도 아이파크 아파트,202502,205,89
관악구,2102. 봉림교 교통섬,202502,2051,2080
관악구,2103. 신림동 우방아파트,202502,617,575
관악구,2105. 미성동 신림체육센터,202502,523,528
관악구,2106. 세이브마트,202502,604,784
관악구,2127. 난곡종점,202502,282,139
관악구,2144. 난우길입구,202502,204,204
영등포구,225. 앙카라공원 앞,202502,978,857
관악구,2104. 사당역 5번출구,202502,560,730
관악구,2108. 은천치안센터,202502,586,609
관악구,2112. 서울대입구역 마에스트로,202502,187,238
관악구,2116. 에이스에이존빌딩,202502,230,239
관악구,2122. 낙성대로 입구,202502,228,215
영등포구,226. 샛강역 1번출구 앞,202502,1284,1036
관악구,2128. 관악구청교차로,202502,232,227
관악구,2129. 낙성대 과학전시관,202502,116,46
관악구,2130. 영어마을 관악캠프,202502,57,24
관악구,2137. KT&G 관악지점,202502,279,282
관악구,2140. 신림1교 교차로,202502,846,858
관악구,2145. 은천초등학교 육교,202502,228,217
동작구,2009. 보라매역 8번출구,202502,321,404
동작구,2012. 대림사거리(동작상떼빌아파트),202502,352,372
동작구,2015. 신대방삼거리역 6번출구쪽,202502,734,736
동작구,2033. 사당동 아르테스 웨딩앞,202502,495,499
영등포구,207. 여의나루역 1번출구 앞,202502,1654,1659
동작구,2041. 사당중학교 버스정류소,202502,50,49
동작구,2048. 삼일초등학교 인근,202502,210,118
동작구,2056. 동작구민 체육센터,202502,513,517
노원구,1608. 공릉역 1번 출구 앞,202502,1517,1730
노원구,1619. 중계동 하나프라자빌딩 앞(중1-1),202502,924,943
송파구,1203. 밀리아나2빌딩 앞,202502,600,606
송파구,1207. 마천중앙시장,202502,280,292
송파구,1214. 오금역 7번 출구 인근,202502,448,442
서초구,2202.청계산입구역 1번출구,202502,672,652
서초구,2205. 내곡3단지 어린이공원 앞,202502,319,327
서초구,2206. 언남초등학교 앞,202502,456,466
서초구,2210. 반포1동 주민센터 앞,202502,127,96
서초구,2212.서초현대4차아파트 201동 맞은편,202502,417,419
서초구,2213. 고속터미널역 5번출구 앞,202502,483,377
서초구,2214. 신반포역 2번출구 앞,202502,332,335
서초구,2217.아크로리버뷰 부지 앞,202502,818,876
서초구,"2219. 고속터미널역 8-1번, 8-2번 출구 사이",202502,1248,1295
서초구,2221. 방일초교 마을버스 정류장,202502,480,501
서초구,2222.사당역 12번출구 뒤,202502,666,918
서초구,2223. 방배래미안 정문 앞,202502,145,166
서초구,2225.백석예술대학교 제3캠퍼스 앞,202502,52,41
서초구,2226. 신동아럭스빌아파트 앞,202502,110,11
서초구,2227.방배열린문화센터 앞,202502,358,366
서초구,2228.뒷벌공원 옆,202502,787,936
서초구,2229.로고스교회 맞은 편,202502,230,230
마포구,401. 상암월드컵파크 10단지 앞,202502,371,386
서초구,2230.이수역 4번 출구,202502,624,622
서초구,2231. 삼성타운(삼성생명) A동 맞은편,202502,783,857
서초구,2233. 서초신동아1차아파트 옆,202502,228,228
서초구,2235.KT 서초지사 앞,202502,115,58
서초구,2237.서울남부터미널 대합실 입구,202502,365,320
서초구,2239.교대역 6번출구,202502,333,324
서초구,2241.양재전화국 사거리,202502,273,239
서초구,2242.양재역 10번 출구 앞,202502,350,353
서초구,2243.서울가정법원,202502,225,191
서초구,2244. 말죽거리공원 사거리,202502,565,571
마포구,402. 상암월드컵파크 9단지 앞,202502,308,282
서초구,2245.양재초등학교 맞은편,202502,370,367
서초구,2247.섬들근린공원,202502,452,461
서초구,2255. 양재시민의숲역 1번출구,202502,967,983
서초구,2256.양재동 꽃시장 입구,202502,158,158
서초구,2257. 청계산 입구 삼거리,202502,68,96
서초구,2258.구룡사 삼거리,202502,115,63
강남구,2301. 현대고등학교 건너편,202502,344,373
강남구,2344. 리엔파크 2단지 앞,202502,133,144
마포구,403. 부엉이공원 앞,202502,493,183
서초구,2259. 잠원역 3번-4번 출구사이 ,202502,611,703
서초구,2251. 더케이호텔 입구(양재2) ,202502,360,353
강남구,2337. 대모산입구역 2번출구 앞,202502,285,213
강남구,2309. 청담역(우리들병원 앞),202502,225,97
강남구,2317. 삼성도로공원,202502,263,267
강남구,2311. 학동로 래미안 아파트 앞,202502,182,80
강남구,2302. 교보타워 버스정류장(신논현역 3번출구 후면),202502,473,491
강남구,2303. 논현역 10번출구,202502,422,332
강남구,2304. 대현그린타워,202502,229,51
강남구,2305. MCM 본사 직영점 앞,202502,138,158
강남구,2306. 압구정역 2번 출구 옆,202502,918,895
강남구,2307. 압구정 한양 3차 아파트,202502,155,123
강남구,2308. 압구정파출소 앞,202502,459,500
강남구,2310. 청담동 맥도날드 옆(위치),202502,124,167
강남구,2312. 청담역 13번 출구 앞,202502,154,151
강남구,2313. 금원빌딩 앞,202502,193,186
강남구,2348. 포스코사거리(기업은행),202502,907,1070
강남구,2314. 청담나들목입구,202502,119,118
강남구,2315. 봉은사역 5번출구 옆,202502,302,291
마포구,106. 합정역 7번출구 앞,202502,729,714
마포구,405. DMC빌 앞,202502,252,267
강남구,2318. 삼성중앙역4번출구(문화센터더 리빌),202502,114,82
강남구,2319. 포스코사거리 서측(수협 삼성동 지점),202502,254,298
강남구,2320. 도곡역 대치지구대 방향,202502,308,369
강남구,2321. 학여울역 사거리,202502,148,121
강남구,2323. 주식회사 오뚜기 정문 앞,202502,229,206
강남구,2324. 천주교 대치 2동 교회 옆,202502,435,427
강남구,2325. 대치삼성아파트 앞 교차로,202502,461,435
강남구,2326. 대치동 삼성로,202502,246,193
마포구,406. 상암월드컵파크 7단지 앞,202502,366,380
강남구,2327. 뱅뱅사거리 랜드마크타워 앞,202502,501,581
강남구,2328. 르네상스 호텔 사거리 역삼지하보도 7번출구 앞,202502,306,216
강남구,2329. 르네상스호텔사거리 역삼지하보도 2번출구,202502,161,159
강남구,2330. 역삼월드메르디앙아파트 앞,202502,286,283
강남구,2331. 동영문화센터앞,202502,244,179
강남구,2332. 선릉역3번출구,202502,727,712
강남구,2333. 양재역 3번출구 주변,202502,495,269
강남구,2334. 삼호아파트 2동 ( 간선도로),202502,154,124
강남구,2335. 3호선 매봉역 3번출구앞,202502,993,1159
강남구,2336. 강남세브란스교차로  래미안그레이튼 104동 앞,202502,226,194
마포구,421. 마포구청 앞,202502,1017,1017
강남구,2339. 현대아파트 정문 앞,202502,308,304
강남구,2340. 삼호물산버스정류장(23370) 옆,202502,1047,1090
강남구,2341. 일원역 4~5번 출구 사이,202502,237,133
강남구,2342. 대청역 1번출구  뒤,202502,657,637
강서구,1106. 신방화사거리,202502,1667,1686
성북구,1302. 한성대입구역6번출구 뒤,202502,404,399
성북구,1304. 만해공원,202502,144,26
성북구,1308. 안암로터리 버스정류장 앞,202502,1701,1945
강서구,1110. 공항중학교앞,202502,624,627
강서구,1128. 화곡역 6번출구,202502,736,731
마포구,407. 마포구 육아종합지원센터,202502,399,442
강동구,1018. 둔촌 주공 GS 맞은편,202502,875,948
강서구,1103. 방화역 4번출구앞,202502,1503,1289
강서구,1117. 등촌5단지아파트 버스정류장,202502,2013,2029
송파구,1201. 가락시장역 3번 출구,202502,868,885
송파구,1212. 송파역 2번 출구앞,202502,615,635
마포구,408. LG CNS앞,202502,412,410
송파구,1231. 잠실역 6번출구,202502,1394,1393
성북구,1306. 한성대입구역2번출구,202502,534,531
중랑구,1407. 먹골역 1번출구 뒤,202502,647,743
중랑구,1414. 사가정역 2번출구,202502,630,695
마포구,420. 서울시 공공자전거 상암센터,202502,293,252
중랑구,1416. 상봉역 3번출구,202502,886,927
중랑구,1427. 용마산역 1번출구,202502,173,134
중랑구,1428. 원묵고등학교,202502,636,317
중랑구,1429. 장안중학교,202502,352,418
중랑구,1430. 중랑구청,202502,516,290
중랑구,1431. 중랑구청 사거리,202502,480,380
중랑구,1433. 중화역 2번출구,202502,688,827
강북구,1509. 서울북부수도사업소,202502,284,273
마포구,409. 누리꿈스퀘어 옆,202502,1075,1042
강북구,1510. 번동주공5단지 관리사무소 앞,202502,187,181
강북구,1512. 강북중학교 앞,202502,648,660
강북구,1513. 강북구청 뒷편,202502,155,176
노원구,1605. 헬스케어,202502,541,550
노원구,1620. 중계구민체육센터,202502,508,508
노원구,1628. 노일초등학교 앞,202502,213,215
노원구,1630. 수연빌딩 앞,202502,439,440
마포구,419. 홈플러스 마포점 앞,202502,1287,1129
구로구,1936. 개봉역 1번 출구 자전거보관서쪽,202502,479,503
구로구,1941. 오류동역 2번출구,202502,570,684
구로구,1943. 온수역 북측,202502,106,99
구로구,1946. 구로역 광장,202502,1472,1632
구로구,1951. 천왕이펜하우스 4단지 후문,202502,98,44
구로구,1952. 천왕연지타운2단지 앞,202502,617,989
구로구,1953. 천왕역 4번출구 뒤,202502,712,421
동작구,2003. 사육신공원앞,202502,372,398
서초구,2263. 바우뫼문화복지회관,202502,294,265
마포구,410. 상암중학교 옆,202502,81,58
서초구,2249. 우솔초등학교 맞은편,202502,92,86
서초구,2250. 서초유치원 맞은편,202502,233,216
관악구,2109. 은천로입구 가로공원,202502,1173,1154
관악구,2115. 관악구시설관리공단,202502,697,547
관악구,2119. 중앙동 동진빌딩,202502,262,259
관악구,2143. 서울산업정보학교,202502,94,96
관악구,2148. 낙성대역 3번출구 뒤,202502,259,261
서초구,2246. 서울시 품질시험소 앞,202502,292,291
마포구,418. 월드컵경기장역 3번출구 옆,202502,728,731
서초구,2252. 잔디마을 마을버스 정류장,202502,652,655
송파구,1210. 롯데월드타워(잠실역2번출구 쪽),202502,4413,4389
송파구,1218. 방이역 4번출구,202502,1037,1041
송파구,1226. 잠실4동 주민센터 옆,202502,1202,1322
송파구,1227. 거여역 8번출구 뒤,202502,582,594
송파구,1228. 마천사거리 ,202502,387,405
송파구,1230. 송파중학교 정문,202502,240,226
송파구,1239. 문정 법조단지3,202502,291,285
마포구,107. 수협 연남동지점,202502,881,1002
마포구,411. DMC홍보관,202502,537,637
송파구,1240. 문정 법조단지4,202502,372,333
송파구,1241. 문정 법조단지5,202502,262,254
송파구,1242. 문정 법조단지6,202502,79,73
송파구,1243. 문정 법조단지7,202502,1037,1027
송파구,1244. 문정 법조단지8,202502,1009,986
송파구,1245. 문정 법조단지9,202502,688,658
송파구,1246. 문정 법조단지10,202502,930,859
송파구,1247. 문정 법조단지11,202502,404,380
송파구,1248. 방이초등학교,202502,1049,848
마포구,412. DMC산학협력연구센터 앞,202502,711,686
성북구,1328. 월곡역 3번출구,202502,1081,1257
중랑구,1411. 상봉시장앞 교차로 한성빌딩 앞,202502,461,466
노원구,1602. 광운대역 앞,202502,738,813
노원구,1625. 상계역 3번출구,202502,2263,2299
노원구,1627. 수락산역 4번출구,202502,503,501
도봉구,1706. 방학동우체국 건너편,202502,501,519
구로구,1914. 대림역4번출구,202502,1431,1442
구로구,1925. 동양미래대학교 정문 옆,202502,1405,1412
마포구,413. 상암월드컵파크 3단지 후문,202502,326,299
구로구,1931. 개봉역2번출구 A,202502,644,776
동작구,2032. 이수역 11번출구쪽,202502,792,1035
동작구,2034. 사당역 7번출구쪽,202502,254,272
서초구,2203. 청계산입구역 2번출구,202502,108,56
서초구,2207. 내곡파출소 뒤 정자,202502,81,58
서초구,2211. 서초구립반포도서관 앞,202502,741,737
서초구,2215. 반포종합운동장 입구,202502,228,288
서초구,2248. 서초리슈빌S 글로벌 앞,202502,75,79
마포구,417. DMC역 2번출구 옆,202502,803,735
송파구,1204. 거여역 3번출구,202502,698,782
성북구,1303. 돈암초교 입구,202502,401,406
동작구,2026. 흑석역 4번출구,202502,204,284
송파구,1221. 삼전역 4번출구,202502,681,679
서초구,2264. 이수역 1번출구,202502,1148,1216
구로구,1955. 디지털입구 교차로,202502,1229,1228
강남구,2351. 청소년수련관(수영장)앞,202502,184,137
종로구,446. 상명대입구,202502,215,174
종로구,447. 신영동삼거리,202502,53,42
마포구,414. 상암동주민센터 옆,202502,875,1151
종로구,449. 일성아파트,202502,113,48
중랑구,1440. 면목2동 사거리,202502,710,837
중구,389. 을지로4가역 1번출구,202502,504,541
중구,390. 충무로역 1번출구,202502,425,411
중구,826. 서울역 서부교차로2,202502,488,599
성북구,1305. 성북구청,202502,558,651
강북구,"1501. 미아역 3번,4번 출구 사이",202502,528,536
서초구,2265. 이수고가차도 남단,202502,560,558
마포구,415. DMC역 9번출구 앞,202502,1491,1543
관악구,2110. 조원동 미성아파트,202502,774,915
관악구,2139. 서울신성초등학교,202502,108,108
관악구,2156. 신림푸르지오아파트,202502,445,385
강남구,2354. 청담역 2번출구,202502,82,77
강남구,2356. 강남구청,202502,139,100
강남구,2360. 도곡1동 주민센터 교차로,202502,356,338
강남구,2358. 구룡초사거리 (현대아파트10동 앞 ),202502,283,261
강남구,"2359. 국립국악중,고교 정문 맞은편",202502,492,502
강남구,2349. 역삼빌딩 앞(하나은행 옆),202502,137,122
마포구,416. 상암월드컵파크 1단지 교차로,202502,324,173
강남구,2350. 래미안그레이튼102동앞,202502,74,65
강남구,2347. 두산건설 본사,202502,136,64
강남구,2352. 서울본부세관(건설회관 앞),202502,200,68
강남구,2353. 강남구청역 2번출구 뒤,202502,262,188
노원구,1642. 서울여대 남문,202502,261,229
관악구,2111. 서울대입구역 1번출구,202502,436,441
강남구,2357. 르네상스호텔사거리 역삼지하보도 3번출구 앞 (더 오번 빌딩 명동칼국수 앞),202502,246,246
성동구,594. 중랑물재생센터(서울새활용플라자),202502,602,666
마포구,422. 문화비축기지,202502,95,117
광진구,500. 어린이대공원역 3번출구 앞,202502,904,871
노원구,1641. 한내근린공원 남측,202502,331,355
노원구,1640. 한내근린공원 북측,202502,534,578
광진구,590. 건국대학교 (입학정보관),202502,491,504
광진구,591. 건국대학교 (행정관),202502,254,258
광진구,592. 건국대학교 학생회관,202502,794,880
강서구,1149. 신방화역환승주차장,202502,2046,2053
관악구,2136. 신림역 8번출구,202502,1520,1578
중구,391. 시립미술관,202502,370,371
종로구,450. 효자동 삼거리,202502,387,292
종로구,451. 청와대앞길,202502,156,43
광진구,501. 광진구의회 앞,202502,1092,940
광진구,593.자양중앙나들목,202502,757,775
송파구,1250.문정2동 주민센터,202502,87,67
광진구,3500. 군자역2번출구,202502,1105,1182
광진구,3501. 광진구청 앞,202502,1008,957
광진구,3502. 중곡역 1번출구,202502,625,550
광진구,3503. 광진유진스웰,202502,56,39
광진구,3504. 원일교회,202502,1426,1293
광진구,3505. 신양초교앞 교차로,202502,361,391
광진구,502. 자양(뚝섬한강공원)역 1번출구 앞,202502,3460,3838
마포구,424. 롯데하이마트 (상암월드컵점) ,202502,127,142
마포구,425. DMC첨단산업센터,202502,166,154
마포구,426. 서울신용보증재단,202502,588,781
양천구,722. 경서농협 버스정류장(우리은행신정동지점방향),202502,565,616
양천구,723. SBS방송국,202502,1071,1189
양천구,724. 계남공원 입구 주출입구 좌측,202502,96,73
양천구,725. 양강중학교앞 교차로,202502,103,101
양천구,726. 목동3단지 시내버스정류장,202502,1932,1998
마포구,108. 서교동 사거리,202503,1239,1266
양천구,729. 서부식자재마트 건너편,202503,1417,1514
양천구,731. 서울시 도로환경관리센터,202503,2715,2780
양천구,733. 신정이펜하우스314동,202503,555,316
양천구,734. 신트리공원 입구,202503,2608,2549
양천구,735. 영도초등학교,202503,2182,2303
양천구,736. 오솔길공원,202503,830,958
양천구,737. 장수공원,202503,415,386
양천구,739. 신월사거리,202503,1021,1011
양천구,740. 으뜸공원,202503,800,952
양천구,741. 화곡로 입구 교차로,202503,413,408
양천구,742. 등촌역 5번 출구 뒤,202503,756,759
양천구,743. 현대6차아파트 101동 옆,202503,936,1018
양천구,744. 신목동역 2번 출구,202503,2922,2868
양천구,745. 강서초등학교,202503,605,691
양천구,746. 목동2단지 상가,202503,3198,3385
양천구,747. 목동3단지 상가,202503,2232,2251
양천구,748. 목동운동장,202503,586,588
광진구,505. 자양사거리 광진아크로텔 앞,202503,1854,1660
은평구,937. 상림마을 롯데캐슬2단지 옆,202503,70,84
은평구,938. 금암 문화공원,202503,193,179
은평구,939. 은평구청 교차로,202503,429,424
은평구,941. 은평뉴타운 도서관,202503,311,160
은평구,942. 상림마을 생태공원,202503,216,200
은평구,943. 은평구청 보건소,202503,1460,1555
성동구,506. 금호 어울림 아파트 앞,202503,745,741
은평구,945. 기자촌 사거리 A,202503,104,54
은평구,946. 독바위역 ,202503,416,411
은평구,947. 연신내 선일하이츠빌 정류소,202503,204,203
은평구,948. 디지털미디어 시티역 4번출구(DMC역),202503,698,691
은평구,949. 연신내역 1번 출구 ,202503,1013,1094
은평구,950. 구산역 2번 출구 예일여고 버스정류장,202503,787,1014
은평구,952. 서울연신중학교,202503,409,350
은평구,953. 서울연신초등학교,202503,237,189
강동구,1023. 한국종합기술사옥 앞,202503,1737,1722
강동구,1024.  강동구청 앞,202503,3034,3074
강동구,1025. 상일초등학교,202503,524,517
강동구,1027. 프라자 아파트 앞,202503,757,724
강동구,1028. 포레스 주상복합 빌딩,202503,1412,1408
강동구,1029. 성내어울터,202503,2697,2672
강동구,1030. 미호 플랜트 앞,202503,1381,1398
강동구,1031. 올림픽로 836(아리수로),202503,440,519
강동구,1032. 선사고등학교,202503,459,545
성동구,508. 성수아카데미타워 앞,202503,4559,4245
강동구,1033. 고덕동 아남아파트,202503,931,743
강동구,1034. 고덕동 래미안 힐스테이트,202503,351,301
강동구,1036. 고덕동 주양쇼핑,202503,848,824
강동구,1037. 강일리버파크 6단지,202503,202,211
강동구,1038. 강일 다솜 어린이 공원,202503,201,215
강동구,1039. 고덕초등학교,202503,156,183
강동구,1041. 묘곡초등학교,202503,460,460
강동구,1042. 강일리버파크 2~5단지,202503,450,501
강동구,1044. 굽은다리역,202503,3321,3391
강서구,1150. 송정역 1번출구,202503,2327,2407
강서구,1151. 마곡역1번출구,202503,4977,5114
강서구,1152. 마곡역교차로,202503,3974,4223
강서구,"1153. 발산역 1번, 9번 인근 대여소",202503,6795,6778
강서구,1155. 기쁜우리복지관,202503,1908,1805
강서구,1157. 강서구청,202503,2980,3273
성동구,510. 뚝도아리수정수센터 버스정류소 옆,202503,882,985
송파구,1251. 석촌역 2번출구,202503,2319,2326
송파구,1253. 오금역 3번 출구 뒤,202503,555,541
송파구,1256. 문정현대아파트 교차로,202503,723,706
송파구,1257. 가락시장역 사거리,202503,1020,1050
송파구,1258. 가락미륭아파트 앞,202503,328,251
송파구,1259. 방이역 1번출구,202503,1394,1409
송파구,1260. 방이동 한양3차아파트 옆,202503,1331,1332
성동구,511. 서울숲역 5번 출구 옆,202503,1192,1202
송파구,1262. 송파여성문화회관 앞,202503,1861,1895
송파구,1263. 장지공영차고지,202503,314,334
송파구,1264. 천호역 10번 출구 앞,202503,2921,2921
송파구,1265. 문정동 근린공원,202503,1010,1028
송파구,1266. 문정동 글샘 공원,202503,505,481
송파구,1267. 올림픽공원 남2문 앞,202503,954,946
송파구,1268. 몽촌토성역 1번출구 옆,202503,1616,1632
송파구,1269. 리센츠아파트 ,202503,1456,1376
송파구,1271. 송파도서관,202503,948,953
성동구,512. 뚝섬역 1번 출구 옆,202503,2224,2263
송파구,1274. 영파여고 앞,202503,1282,1269
중랑구,1442. 중랑구청 중화동 별관 앞,202503,1756,1753
중랑구,1444. 면목4치안센터,202503,965,1300
중랑구,1445. 용마지구대 A,202503,190,196
중랑구,1446. 중랑전화국 교차로,202503,1552,1667
중랑구,1447. 면목역 3번출구,202503,2060,2506
중랑구,1448. 코스트코 상봉점,202503,1701,1790
마포구,400. 상암한화오벨리스크 1차 앞,202503,921,910
강북구,1526. 강북종합시장 앞,202503,721,721
강북구,1527. 미아역 1번 출구 뒤,202503,581,574
강북구,1528. 삼각산동 주민센터,202503,455,182
강북구,1529. 미아동 한국전력공사,202503,1192,1185
강북구,1530. 광산사거리,202503,1350,1363
강북구,1531. 미아사거리 1번 출구,202503,1681,1796
강북구,1532. 번3동 주민센터 교차로,202503,807,838
강북구,"1533. 번동 주공3, 4단지 교차로",202503,836,855
강북구,1535. 효성인텔리안 앞,202503,1666,1714
성동구,513. 뚝섬역 5번 출구 정류소 옆,202503,1109,1105
강북구,1536. 번동 두산위브 101동 옆,202503,606,590
노원구,1643. 태릉입구역 8번출구,202503,1811,1848
노원구,1646. 삼육대 입구,202503,324,316
노원구,1650. 중계근린공원내,202503,2890,2894
노원구,1651. 상계동 우방유쉘아파트 앞,202503,818,809
성동구,514. 성수사거리 버스정류장 앞,202503,2376,2382
노원구,1652. 파르코 앞,202503,344,339
노원구,1653. 노원역1번출구,202503,2771,2761
노원구,1654. 당고개입구 오거리,202503,516,515
노원구,1655. 공릉1단지아파트,202503,2287,2298
노원구,1656. 중앙하이츠 아파트 입구,202503,1827,1811
노원구,1657. 노원구청 ,202503,1886,1916
노원구,1659. 중계동 을지중학교,202503,860,724
노원구,1660. 서울시립과학관,202503,366,296
도봉구,1713. 쌍문동 이안아파트 앞,202503,648,220
도봉구,1714. 도봉문화정보도서관 삼거리,202503,443,80
도봉구,1715. 서울특별시교육청도봉도서관,202503,516,522
도봉구,1716. 창동역 1번출구 건너편,202503,970,1015
도봉구,1719. 신도봉사거리 버스정류장,202503,692,717
도봉구,1720. 도봉구청 옆(중랑천변),202503,1240,1228
광진구,516. 광진메디칼 앞,202503,1487,1497
금천구,1839. 수출의 다리 아래,202503,638,641
금천구,1840. 솔브레인이엔지 뒤편,202503,593,617
금천구,1841. 가산동 주민센터,202503,1292,1317
금천구,1842. 한울중학교,202503,163,46
금천구,1843. 독산고등학교,202503,467,338
금천구,1845. 롯데캐슬골드파크1차 서문,202503,25,19
금천구,1846. 롯데캐슬골드파크1차 동문,202503,811,835
금천구,1847. 독산주공 14단지 버스정류소,202503,216,232
금천구,1848. 벽산 디지털밸리 5차,202503,880,1164
동작구,2058. 동작경찰서,202503,1212,1489
동작구,2059. 보라매공원 정문,202503,1150,1202
동작구,2060. 남성역3번출구 뒤,202503,1095,1215
동작구,2062. 사당새마을금고,202503,338,321
관악구,2159. 인헌초교,202503,204,190
서초구,2266. 서초역 3번출구,202503,649,644
중구,300. 정동사거리,202503,904,867
서초구,2269. 주홍교 하부,202503,192,81
서초구,2270. 서초포레스타 7단지,202503,274,263
서초구,2271. 내방역 8번출구 앞,202503,623,662
서초구,2272. 교대입구 교차로,202503,447,428
서초구,2273. 일동제약 사거리,202503,492,484
서초구,2274. 양재시민의숲역 3번출구,202503,1240,1232
서초구,2276. 영동1교 (양재천근린공원),202503,708,740
서초구,2277. 길마중4교 하부,202503,858,886
종로구,301. 경복궁역 7번출구 앞,202503,436,375
강남구,2362. 신사동 가로수길 입구,202503,611,548
강남구,2363. 강남 을지병원 교차로,202503,308,292
강남구,2364. 도산공원교차로,202503,464,463
강남구,2365. K+ 타워 앞,202503,536,567
강남구,2368. 도곡동 경남아파트 건너편,202503,373,263
강남구,2369. KT선릉타워,202503,1169,1126
강남구,2370. 한티역 3번출구,202503,302,302
종로구,302. 경복궁역 6번출구 뒤,202503,1220,1178
강남구,2371. 한국우편사업진흥원,202503,226,113
강남구,2372. 대치역 사거리,202503,861,982
강남구,2373. 개포동역 사거리,202503,376,313
강남구,2375. 수서역 1번출구 앞,202503,1073,1279
강남구,2376. 수서역 6번출구 앞,202503,707,786
강남구,2377. 수서역 5번출구,202503,2310,2384
서대문구,3100. 북성초교,202503,308,290
서대문구,3101. 서대문구청,202503,271,272
종로구,303. 광화문역 1번출구 앞,202503,1285,1302
서대문구,3102. 연희삼거리,202503,891,882
광진구,3506. 영동대교 북단,202503,1273,1264
광진구,3507. 어린이회관,202503,978,754
광진구,3508. 화양사거리,202503,813,714
광진구,3509. 세종사이버대학교,202503,2731,2773
성동구,3511. 응봉역 1번출구,202503,2649,3131
성동구,3513. 상왕십리역 1번출구,202503,2077,1140
성동구,3514. 왕십리교회옆,202503,2137,2110
성동구,3515. 서울숲 관리사무소,202503,1786,1808
서대문구,115. 마스타 빌딩 앞,202503,783,581
성북구,1336. 성북3교 위,202503,696,685
성북구,1337. 돈암성당 옆,202503,1727,2028
성북구,1338. 용문2교 옆,202503,1356,1337
성북구,1339. 삼성전자서비스 성북센터,202503,745,753
성북구,1340. 광운초등학교 앞,202503,813,773
성북구,1342. 성북쉼터 앞,202503,210,67
성북구,1343. 한성대7번출구 앞,202503,362,358
성북구,1344. 아리랑시네센터 앞,202503,227,173
종로구,305. 종로구청 옆,202503,2559,2664
성북구,1346. 길음8골어린이공원 옆,202503,576,585
성북구,1347. 길음래미안아파트817동 상가 앞,202503,174,167
성북구,1348. 성북제일새마을금고 본점 앞,202503,368,372
성북구,1349. 월계2교 버스정류장 앞,202503,393,396
성북구,1351. 안암2교 옆,202503,1701,1721
성북구,1352. e 편한세상 보문아파트 내,202503,137,97
성북구,1353. 금호어울림센터힐 내,202503,269,268
구로구,1956. 동아1차APT105동 버스정류장(신도림중학교 방면),202503,1494,1490
구로구,1957. 구일고등학교 정문 ,202503,1891,1802
구로구,1958. 강서수도사업소민원센터,202503,2190,2395
구로구,1960. 구로거리공원 동측(신도림역 방면),202503,936,883
구로구,1961. 신도림테크노근린공원,202503,2112,2229
구로구,1962. 가리봉동주민센터,202503,1221,1221
구로구,1964. 원메디타운 앞,202503,1823,1842
구로구,1965. 삼환로즈빌아파트 105동 옆,202503,854,813
구로구,1966. 한마을아파트 정문상가,202503,1181,1182
구로구,1967. 참새공원(백곡경노당),202503,442,457
종로구,307. 서울역사박물관 앞,202503,480,462
구로구,1969. 궁동생태공원,202503,101,80
구로구,1971. 오정초교 앞 보도육교,202503,163,121
구로구,1973. 오리로와 서해안도로 교차로 앞,202503,309,240
구로구,1974. 신도림2차e편한세상아파트 203동 앞,202503,968,845
구로구,1975. 대림역 1번 출입구 밑,202503,1420,1408
구로구,1976. 남구로역 5번 출입구 앞,202503,521,342
구로구,1977. 천왕역 1번 출입구 앞,202503,1448,1133
종로구,308. 광화문 S타워 앞,202503,1494,1499
구로구,1979. 구로1동우체국 앞,202503,196,175
구로구,1981. 천왕지구삼거리 앞,202503,575,716
강남구,2380. 봉은사로68길 북측,202503,305,276
강남구,2381. 언주역 3번출구앞,202503,416,407
강남구,2382. 역삼동 sk뷰 501동앞,202503,408,396
강남구,2383. 보금자리정원,202503,234,285
강서구,1158. 가양역 8번출구,202503,3351,3484
종로구,309. 광화문역 6번출구 옆 B,202503,133,119
강서구,1159. 서서울모터리움 앞,202503,674,573
강서구,1160. 양천향교역 7번출구앞,202503,4297,4300
강서구,1161. 강서면허시험장 앞,202503,333,223
강서구,1162. 공항초등학교건너편,202503,2509,2472
강서구,1163. 방화동강서기동대앞,202503,2154,2172
관악구,2164. 관악우체국,202503,642,629
중구,310. 청계광장 옆,202503,1717,1734
관악구,2165. JK장평타워,202503,186,151
관악구,2167. 낙성대역 1번출구,202503,330,340
광진구,3518. 군자역 7번출구뒤,202503,4120,4172
관악구,2169. 봉천역 2번출구,202503,1057,1054
관악구,2170. 조원동 강남힐병원,202503,697,672
광진구,3517. 용마사거리,202503,1332,1454
관악구,2172. 나들목공원,202503,393,345
관악구,2173. 당곡사거리,202503,2884,3068
관악구,2174. 삼성디지털프라자관악점,202503,481,463
관악구,2175. 신림동걷고싶은문화의거리입구,202503,861,895
광진구,3516. 구의아리수정수센터앞,202503,936,748
구로구,1983. 구로동롯데아파트,202503,706,709
구로구,1985. 구로도서관,202503,3195,2965
금천구,1849. 대륭포스트타워5차,202503,414,415
금천구,1850. 코오롱테크노밸리,202503,325,320
노원구,1661. 당현천근린공원,202503,1547,1388
노원구,1662. 노원역7번출구,202503,2137,2402
노원구,1663. 동해문화예술관앞,202503,2454,2594
노원구,1664. 노해근린공원내,202503,433,414
노원구,1665. 양지근린공원앞,202503,1186,876
노원구,1666. 노원소방서인근,202503,746,553
노원구,1667. 중계중학교,202503,1402,1290
노원구,1668. 중계역 6번출구,202503,2330,2635
노원구,1669. 중계역 3번출구,202503,1836,1833
노원구,1670. 노원경찰서교차로,202503,1167,1132
노원구,1671. 인덕대학교,202503,655,662
노원구,1672. 상계동수락리버시티,202503,406,423
노원구,1674. 서울북부고용센터앞,202503,2512,2627
도봉구,1722. 창동청소년수련관,202503,835,826
도봉구,1723. 방학동학마을도서관,202503,339,307
도봉구,1725. 창1동주민센터,202503,378,443
도봉구,1726. 삼익세라믹아파트교차로,202503,815,830
도봉구,1727. 서울도봉초등학교인근,202503,469,437
종로구,314. 국립현대미술관,202503,1148,1134
동대문구,648. 장안동위더스빌옆,202503,2422,2442
동대문구,650. 중랑교사거리,202503,1232,1071
서초구,2279. 교대역 5번출구뒤,202503,1126,1244
서초구,2280. 서울서초고용센터앞,202503,501,402
서초구,2281. 연세사랑병원신관앞,202503,198,195
서초구,2283. 그룹한빌딩옆,202503,386,125
서초구,2284. CJ오쇼핑앞,202503,228,100
서초구,2285. LH서초3단지 301동 맞은편,202503,260,258
서초구,2286. 탑성마을입구,202503,40,9
서초구,2287. 능안마을입구,202503,42,15
서초구,2288. 안골마을입구,202503,52,23
서초구,2289. 남태령역 2번출구,202503,97,38
성북구,1354. 고려대학교 2번출구,202503,1488,1504
종로구,316. 종각역 1번출구 앞,202503,1660,1652
영등포구,275. 신동아아파트,202503,2662,2537
영등포구,276. 영등포로터리2,202503,1144,1135
영등포구,278. 쌍용플레티넘오피스텔,202503,2063,1773
용산구,827. 국군복지단,202503,208,152
용산구,828. 숙대입구역 8번,202503,767,865
용산구,829. 한강대교 북단 교차로,202503,2177,1881
용산구,830. 강변삼성스위트아파트 앞,202503,223,227
은평구,954. 은평뉴타운구파발9단지,202503,482,538
은평구,956. 응암시장교차로,202503,1721,2059
중랑구,1449. 상봉역 1번출구,202503,1937,1912
중랑구,1450. 화랑대역 7번출구,202503,1473,1530
중랑구,1451. 중랑세무서,202503,2047,2358
중랑구,1452. 겸재교 진입부,202503,1887,2075
관악구,2171. 서울대입구역 5번출구,202503,925,888
강서구,1165. 마곡중학교 후문,202503,1443,1003
용산구,832. 이촌1동 주민센터 뒤,202503,864,919
중구,318. 광교사거리 남측,202503,930,931
용산구,834. 효창공원앞역 3번출구 뒤,202503,1202,1250
용산구,836. 현대자동차서비스 앞,202503,647,646
용산구,837. 한남나들목 입구,202503,934,1008
중랑구,1453. 중랑캠핑숲,202503,165,147
중랑구,1454. 한국전력공사(동대문 중랑지사),202503,694,772
노원구,1675. 월계문화체육센터,202503,241,190
노원구,1677. 육군사관학교  앞,202503,1157,1214
양천구,749. 이대목동병원보도육교,202503,1264,1354
강서구,1166. 강서구립등빛도서관,202503,4236,4268
강서구,1167. 마곡수명산파크3단지 교차로,202503,3554,3406
영등포구,279. 영등포 푸르지오 아파트 B,202503,1888,1609
동작구,2064. 흑석한강푸르지오 106동앞,202503,38,23
동작구,2065. 서울시여성가족재단,202503,237,270
관악구,2176. 보라매공원 보도육교,202503,1470,1468
중구,320. 을지로입구역 4번출구 앞,202503,1299,1253
서초구,2293. SPC 앞,202503,538,489
서초구,2294. 두상빌딩 앞,202503,1159,1257
강남구,2384. 자곡사거리,202503,1601,1700
강남구,2385. 학동역,202503,535,487
강남구,2386. 크린랩 본사,202503,167,104
송파구,1275. 거여초등학교 옆,202503,516,552
중구,321. KEB 하나금융그룹 명동사옥 옆,202503,797,776
강동구,1048. 둔촌어린이공원,202503,1771,1805
강동구,1049. 강일리버파크 10단지,202503,573,578
종로구,393. 동대문역 8번 출구,202503,2045,2077
종로구,394. 경희궁 자이 3단지,202503,743,809
종로구,395. 경희궁 자이 2단지,202503,798,768
중랑구,1455. 상봉역 2번 출구,202503,1912,2056
용산구,838. 숙대입구역 4번출구,202503,1049,1325
광진구,3520. 광진경찰서,202503,2602,2546
광진구,3521. 현대홈타운 뒷길,202503,194,111
중구,322. 명동성당 앞,202503,577,486
중랑구,1456. 상아빌딩(우림시장 교차로),202503,1009,1068
중랑구,1457. 동원사거리,202503,432,407
성북구,1357. 북한산보국문역,202503,216,197
성북구,1358. 정릉도서관 앞,202503,280,270
성북구,1360. 정릉역,202503,399,401
강북구,1537. 북한산 우이역,202503,410,332
강북구,1538. 솔밭공원역,202503,143,127
강북구,1539. 4.19민주묘지역,202503,437,450
강북구,1540. 가오리역,202503,728,711
강북구,1541. 삼양역,202503,156,134
강북구,1542. 삼양사거리역,202503,291,288
노원구,1678. 성서대학교 밀알관,202503,312,293
노원구,1679. 삼육대 도서관,202503,347,262
노원구,1680. 삼육대 제3과학관,202503,40,27
마포구,427. 성산시영아파트,202503,1082,1226
양천구,750. 연의근린공원 건너편,202503,677,711
중구,324. 신세계백화점 본점 앞,202503,642,692
양천구,752. 성원2차 아파트,202503,865,676
강서구,1168. 마곡엠밸리10단지 앞,202503,1713,1561
금천구,1851. 가산디지털단지 9번출구 인근,202503,2579,2578
서초구,2297. 남부터미널역 1번출구,202503,563,487
서초구,2299. 한전아트센터 앞,202503,564,590
강남구,2387. 래미안강남힐즈 사거리,202503,803,799
송파구,1277. 성내7교,202503,823,879
송파구,1278. 송파구청 교차로,202503,1901,1890
송파구,1279. 마천금호어울림 1차아파트 건너편,202503,256,262
송파구,1280. 송파파크데일 2단지입구 앞 주차장,202503,353,325
송파구,1282. 송파소방서 맞은편(성내4교),202503,1376,1499
송파구,1283. 오금공원 사거리,202503,209,107
송파구,1285. 위례별 유치원 뒤,202503,361,354
송파구,1286. 위례중앙푸르지오 1단지 앞,202503,1021,1006
송파구,1287. 위례아이파크 101동 맞은편,202503,394,412
송파구,1288. 문정중교 사거리,202503,1131,981
종로구,326. 안국역 5번출구 앞,202503,281,268
강동구,1050.  둔촌역 3번 출입구,202503,4231,4453
강동구,"1051. 강일중,선사고 버스정류장(신암중학교 방면)",202503,765,835
송파구,1289. 풍납토성 서성벽터B,202503,598,615
강북구,1543. 수유1동 주민센터,202503,536,524
성북구,1361. 홍익중고 입구,202503,906,604
노원구,1681. 현대6차 아파트,202503,1430,898
노원구,1682. 중계종합사회복지관 교차로,202503,462,447
광진구,3510. 중곡SK아파트앞,202503,627,427
광진구,3523. 건국대학교 과학관(이과대) 앞,202503,798,863
종로구,327. 낙원상가 옆,202503,1334,1358
종로구,397. 종묘공영주차장 건너편,202503,323,312
강남구,2388. 강남구 도시관리공단,202503,410,203
도봉구,1728. 서울북부지방법원,202503,314,289
중구,398. 을지로3가역 3번출구,202503,1557,1509
중구,399. 서울역 센트럴 자이아파트,202503,714,495
중구,428. 명보사거리,202503,562,475
중구,429. 송도병원,202503,49,26
중구,430. 장충동먹자골목 앞,202503,729,741
종로구,328. 탑골공원 앞,202503,585,575
중구,431. 청계천 영도교,202503,3133,3094
용산구,839. 보광동 삼성리버빌아파트 앞,202503,537,507
용산구,840. 용산 파크타워 앞,202503,411,404
용산구,841. 신용산역 1번 출구,202503,1390,1574
용산구,843. 이태원관광특구B(용산구청쪽),202503,588,257
용산구,844. 이촌2동 동원베네스트 아파트 앞,202503,868,912
동대문구,652. 답십리 래미안엘파인아파트 입구,202503,652,705
동대문구,654. 전농동 텃골공원,202503,673,456
종로구,329. 청계2가 사거리 옆,202503,1235,1209
중랑구,1458. 상봉터미널2,202503,1515,1517
중랑구,1459. 용마한신아파트사거리,202503,511,537
성북구,1362. 보문역6번출구 앞,202503,1260,1344
성북구,1363. 보문4교 인근,202503,1720,1699
성북구,1364. 성북동 치안센터 앞,202503,565,525
성북구,1365. 선잠단지 앞,202503,222,154
성북구,1366. 일신초등학교 옆,202503,305,340
성북구,1367. 길음문화복합미디어센터,202503,484,477
성북구,1368. 성신여대입구 교차로,202503,765,746
도봉구,1729. 도봉한신아파트 버스정류장,202503,904,898
도봉구,1730. 도봉산역 교차로 앞,202503,183,178
도봉구,1731. 도봉고등학교 맞은편,202503,182,107
도봉구,1732. 방학역사거리,202503,542,568
도봉구,1733. 방학사거리 (봄마당 앞),202503,471,459
도봉구,1734. 쌍문현대1차아파트 108동 앞,202503,626,535
도봉구,"1735. 도봉역 1,2번 출구사이 건너편",202503,691,689
도봉구,1736. 버스정류장 앞,202503,383,273
도봉구,1737. 신창시장,202503,1329,1512
중구,331. 을지로2가 사거리 북측,202503,934,929
도봉구,1738. 창동주공17단지 상가앞,202503,1251,1259
노원구,1683. 노원문화예술회관,202503,1586,1583
노원구,1684. 태릉입구역 5번출구,202503,2912,2934
노원구,1685. 불암고등학교 앞 횡단보도,202503,1105,1091
노원구,1686. 상계주공10단지 종합상가 앞,202503,1596,1576
은평구,958. 본 서부병원 버스정류장(은평 세무서 방면),202503,951,977
중구,332. 을지로2가 사거리 남측,202503,740,727
은평구,959. 구파발10단지 인근,202503,315,338
은평구,960. 구파발역 환승센터,202503,546,633
은평구,961. 불광역 9번 출구,202503,794,799
은평구,962. 은평뉴타운 힐데스하임,202503,715,677
은평구,963. 불광롯데캐슬아파트 앞,202503,414,429
은평구,964. 북한산힐스테이트 7차아파트,202503,319,241
은평구,965. 서울특별시 은평병원,202503,419,132
은평구,966. 서울혁신파크1,202503,89,90
은평구,967. 서울혁신파크2,202503,223,227
은평구,968. 은평뉴타운 상림마을 13단지,202503,82,75
은평구,969. 은평 지웰테라스,202503,123,116
서대문구,3103. 홍제삼거리 북측,202503,610,600
서대문구,3104. e편한세상 신촌4단지 앞,202503,665,701
서대문구,3105. 홍은센트레빌 아파트 앞,202503,225,104
마포구,432. 마포중앙도서관,202503,285,60
양천구,754. 목동1단지아파트 118동 앞,202503,1751,1734
양천구,755. 목동1단지아파트 상가 앞,202503,2358,2378
양천구,756. 목동주차장,202503,1282,1307
양천구,757. 신정이펜하우스 1단지아파트 입구 사거리,202503,445,231
양천구,758. 한사랑교회 앞,202503,1083,1037
마포구,111. 상수역 2번출구 앞,202503,1470,1422
종로구,334. 종로3가역 2번출구 뒤,202503,1128,1117
양천구,759. 보아스아파트 앞,202503,263,266
양천구,760. 잣절보도육교 아래,202503,469,441
양천구,762. 오목로 무중력지대 앞,202503,761,748
양천구,763. 목동11단지 아파트,202503,1006,838
강서구,1169. 염창역 1번 출구,202503,1689,1875
강서구,1170. 강서구보건소,202503,803,444
강서구,1171. 염창동 새마을금고 건너편,202503,787,847
강서구,1172. 가양3동 주민센터,202503,1562,1668
종로구,335. 종로3가역 15번출구 앞,202503,1005,1002
강서구,1173. 강서구청사거리(SH타워),202503,2757,2625
강서구,1174. 강서구청사거리(부민병원),202503,1361,1387
강서구,1175. 대한항공 인력개발센터,202503,1068,737
강서구,1177. 수명중?고교,202503,1740,1809
강서구,1178. 개화산역 2번 출구,202503,740,736
강서구,1180. 마곡엠밸리 15단지(1502동) 건너편,202503,2353,2360
강서구,1181. 농수산식품공사 (강서지사),202503,305,313
강서구,1182. KBS 스포츠월드,202503,3195,3197
중구,336. 충무로역 6번출구 앞,202503,941,923
강서구,1183. 강서대학교,202503,520,311
구로구,1986. 태평양물산,202503,2187,2578
구로구,1987. 개봉아이파크아파트 앞,202503,949,1069
구로구,1988. 고척LIGA아파트 앞,202503,1678,1666
구로구,1991. 오류동역 맞은편,202503,1194,1485
구로구,1992. 구로구배드민턴실내체육관 앞,202503,324,328
구로구,1993. 금강수목원아파트 앞,202503,711,683
구로구,1994. 삼성전자 물류센터 앞,202503,1382,1374
종로구,337. 창경궁 입구,202503,610,609
구로구,1996. 구일역 1번 출입구 앞,202503,1750,1747
금천구,1853. 서울디자인직업전문학교 앞,202503,318,267
금천구,1854. 가산아네스트 오피스텔 앞,202503,687,265
금천구,1855. 성지아파트 옆 도로변,202503,122,121
금천구,1856. 모두의학교,202503,491,455
금천구,1857. 주공14단지,202503,313,319
영등포구,280. 양평동6차현대아파트 앞,202503,2984,2926
종로구,338. 세운스퀘어 앞,202503,535,538
영등포구,281. 대림신동아아파트 앞,202503,979,961
영등포구,282. 신한은행 대림동지점,202503,664,750
동작구,2066. 양문교회 앞,202503,1069,1229
동작구,2067. 보라매역?동작세무서 버스정류장(강남중학교방면),202503,1249,1305
동작구,2068. 총신대 앞(육교),202503,147,40
동작구,2070. 노량진역 2번 출구 앞,202503,1029,1302
관악구,2177. 신대방역 2번 출구,202503,4081,4262
관악구,2178. 서울대학교 정문,202503,558,334
관악구,2179. 양녕로 입구,202503,673,660
종로구,339. 종로4가 사거리,202503,968,921
서초구,2501. 서초 포레스타5단지,202503,427,386
서초구,2502. 서초역1번출구 앞,202503,415,351
서초구,2503. 반포1동 서초빌딩 앞,202503,1062,1136
서초구,2504. 신사역 4번출구 뒤,202503,930,736
서초구,2505. 우성아파트사거리 (기업은행앞),202503,1325,1335
서초구,2506. LG유플러스 (방배사옥),202503,96,59
강남구,2389. 경기여자고등학교 후문 (삼성로3길 입구),202503,728,721
종로구,340. 혜화동 로터리,202503,1160,1169
강남구,2390. 구룡마을 입구 (래미안블레스티지 아파트),202503,567,547
강남구,2391. 구룡터널 입구(개포1단지아파트),202503,5,6
강남구,2392. 구룡산 입구 (구룡산 서울둘레길 입구),202503,174,70
강남구,2394. 개포래미안포레스트아파트 107동 앞,202503,664,576
강남구,2396. 영동3교 북단(우성캐릭터 앞 보도),202503,442,409
강남구,2398. 더라움,202503,217,199
종로구,341. 혜화역 3번출구 뒤,202503,937,940
강남구,2401. 밀알학교 입구 (삼성서울병원 입구),202503,274,156
강남구,2403. 공무원연금매점 교차로 (개포주공9단지 입구),202503,773,655
강남구,2404. 대모산입구역 4번 출구 앞,202503,1352,1411
강남구,2405. 청담공원앞 교차로,202503,636,187
강남구,2406. 논현동 광명빌딩 앞,202503,284,224
강남구,2407. 역삼서초삼성 세무서 앞 (역삼빌딩 앞),202503,1029,1020
강남구,2408. 강남한양수자인아파트,202503,1019,991
송파구,1290. 위례송파꿈에그린아파트24단지 앞 성벽 다리 밑,202503,699,750
종로구,342. 대학로 마로니에공원,202503,1786,1723
송파구,1291. 서울체육고등학교 앞,202503,1786,1878
송파구,1293. 석촌호수 서호 사거리,202503,2487,2578
송파구,1295. 잠실역 8번출구,202503,3308,3304
송파구,1296. 석촌호수교차로 (송파나루근린공원 앞),202503,550,555
송파구,1297. 석촌호수교차로(동호 팔각정 앞),202503,2665,2680
송파구,1299. 송파소방서 (방이119안전센터),202503,589,487
송파구,1300. 오륜사거리,202503,681,696
종로구,343. 힐스테이트창경궁 아파트 앞,202503,838,792
송파구,2601. 석촌호수 아뜰리에,202503,1929,1913
송파구,2603. 송파 글마루 도서관,202503,764,695
강동구,1053. 동명근린공원 진입로 (아리수로),202503,320,297
강동구,1056. 강일리버파크 7~11단지,202503,345,347
강동구,1057. 능골근린공원,202503,524,554
성동구,3525. 금호스포츠센터앞,202503,497,685
종로구,344. 성균관대 E하우스 앞,202503,855,788
성동구,3527. 왕십리 자이아파트(101동 앞),202503,20,5
광진구,3528. 광진정보도서관,202503,1084,1381
광진구,3529. 어린이대공원정문,202503,741,599
종로구,452. 동대문 종합시장 버스정류장,202503,699,707
종로구,453. 종로오가 지하쇼핑센터 14번출구,202503,1038,1048
종로구,454. 종로2가 버스정류장 (종각방향),202503,932,905
종로구,455. 종로6가역 버스정류장(동대문 방향),202503,1243,1254
종로구,456. 숭인2동 주민센터 입구,202503,1275,1338
종로구,345. 서울보증보험본사 앞,202503,1129,1192
종로구,457. 종로꽃시장 입구 옆,202503,901,909
종로구,458. 광화문역 5번출구,202503,789,777
용산구,845. 용산 선인상가,202503,478,528
성동구,3530. 왕십리자이아파트 후문(삼거리),202503,328,188
성동구,3531. 논골사거리(금호도서관 입구),202503,281,36
성동구,3532. 왕십리KCC스위첸아파트,202503,181,128
종로구,461. 서울지방경찰청,202503,475,447
중구,346. 맥스타일 앞,202503,782,759
강동구,1060. 천일초교 사거리,202503,680,674
강동구,1061. 천호초교 입구 사거리(일주빌딩),202503,824,809
강동구,1058. 고덕숲 아이파크 1,202503,206,178
동대문구,661. 경희대학교 청운관,202503,824,820
강동구,1059. 래미안 강동팰리스(102동),202503,1419,955
송파구,2604. 풍납토성 서성벽터A,202503,1185,1283
동대문구,656. 영휘원 교차로,202503,775,875
동대문구,657. 동대문롯데캐슬아파트 앞,202503,1309,1471
중구,347. 동대문역사문화공원역 9번출구 앞,202503,643,628
동대문구,659. 제기동역 1번출구,202503,2195,2101
동대문구,660. 동의보감타워,202503,1863,1984
성북구,1370. 복자사랑 피정의 집,202503,323,110
성북구,1372. KEB은행 고대점,202503,978,852
성북구,1373. 성북구보건소 건너편,202503,639,622
도봉구,1741. 제일강산수산입구,202503,1006,785
노원구,1688. 마들역 7번출구,202503,1989,2004
노원구,1689. 마들역 3번출구,202503,1269,1264
노원구,1690. 도봉운전면허시험장 버스정류장 옆,202503,1159,1161
노원구,1691. 노원정보도서관,202503,1275,1270
강서구,1184. 마곡13단지,202503,3113,3158
강서구,1185. 등촌9단지,202503,1414,1343
강서구,1186. 송정중학교,202503,1028,1060
금천구,"1858. 500번,507번 버스 종점 앞",202503,220,246
영등포구,283. 아크로타워 스퀘어(영등포시장),202503,2489,2315
종로구,349. 어린이도서관,202503,789,768
영등포구,284. 센트럴 푸르지오 시티 앞,202503,1995,1818
영등포구,285. 콤텍시스템 앞,202503,670,739
영등포구,286. 우성아파트 교차로,202503,885,917
영등포구,287. 영등포전화국사거리 (서강어린이공원),202503,2076,2142
서초구,2508. 양재이스타빌 앞,202503,834,1017
서초구,2509. 심산기념문화센터,202503,697,609
송파구,2605. 복정역 1번 출구 앞,202503,1418,1398
송파구,2606. 위례동주민센터,202503,1592,1625
광진구,3533. 건대입구역 사거리(롯데백화점),202503,5326,5673
광진구,3534. 건대입구역 5번출구 뒤,202503,4185,4314
광진구,3536. 중앙농협(자양동),202503,2215,2213
광진구,3537. 아차산 휴먼시아 아파트 옆,202503,445,202
강북구,1546. 송천동우체국,202503,289,409
동작구,2069. 숭실대 입구역3번 출구 앞,202503,505,382
중구,433. 을지로입구역 2번출구,202503,1296,1243
중구,434. 신당 래미안 버스정류장,202503,397,34
종로구,351. 청운초교 앞 삼거리,202503,785,781
중구,435. SK 남산빌딩,202503,256,236
동대문구,663. 외대앞역 3번출구,202503,1373,1407
노원구,1692. 온곡초교 교차로,202503,1469,1012
은평구,971. 역촌 센트레빌 아파트,202503,499,94
마포구,436. 이대역 5번출구,202503,600,223
강서구,1187. 강서수산물도매시장,202503,958,1060
영등포구,288. 쌍용예가(구청별관),202503,1205,1217
관악구,2183. 동방1교,202503,1177,1161
강남구,2409. 역삼동 디오슈페리움 (우성아파트 사거리),202503,778,793
종로구,352. 중앙고입구 삼거리,202503,284,186
강남구,2410. 포스코피앤에스타워 (역삼역 3번출구 부근),202503,693,523
송파구,2608. 송파구청,202503,5313,5303
송파구,2609. 보성중고등학교 후문 앞,202503,228,215
송파구,2611. 송파지역자활센터 뒤,202503,2367,2569
송파구,2612. 광평교사거리 인근,202503,40,45
강동구,3539. 서원마을,202503,96,105
강동구,1084. 윤선생빌딩(JYP사옥),202503,2934,3471
강서구,1193. 마곡센트럴타워 1차,202503,2321,2375
강서구,"1191. 마곡역 버스정류장(마곡나루역1번출구, 웰튼병원 방면)",202503,3140,3143
종로구,353. 재동초교 앞 삼거리,202503,307,326
마포구,437. 대흥역 1번출구,202503,803,890
마포구,438. 성산2-1 공영주차장,202503,1191,954
강서구,1199. 우장산역 3번출구,202503,1082,864
강서구,1200. 개화광역환승센터,202503,269,226
구로구,1998. 고척교 교차로,202503,424,343
영등포구,289. 대림3동사거리,202503,1120,1177
영등포구,290. 새말소공원,202503,2486,2291
영등포구,291. 문래동 하이테크 시티,202503,2295,2257
서대문구,117. 홍은사거리,202503,2307,2297
종로구,354. 포르투갈 대사관 앞,202503,1630,1412
영등포구,292. 영일 어린이공원,202503,1321,1257
영등포구,293. 충북 미래관,202503,2792,2499
강남구,2411. 세곡동 성당,202503,727,752
송파구,2613. 잠실나들목,202503,1810,1872
송파구,2614. 가락고등학교 앞,202503,448,352
송파구,2615. 테라타워2,202503,2501,2471
강서구,1188. 롯데중앙연구소,202503,425,458
강서구,1190. 마곡역 교차로(2번출구),202503,2011,2010
종로구,355. 서울사대부설초등학교 앞,202503,1103,1063
강서구,1192. 마곡수명산파크 209동 건너편,202503,2299,1861
강서구,1195. 코오롱One&Only타워,202503,1623,1708
강서구,1196. 서울식물원(문화센터) 건너편,202503,305,238
강서구,1197. 엠펠리체 호텔 건너편,202503,1832,1900
강서구,1198. LG 사이언스파크,202503,1745,1674
송파구,2616. 거여동 사거리,202503,355,310
송파구,2617. 가락삼환아파트 앞,202503,359,330
강서구,2701. 마곡나루역 5번출구 뒤편,202503,8595,8974
송파구,2621. 한성백제역 2번 출구,202503,2416,2429
종로구,356. KT혜화지사 앞,202503,1054,1010
송파구,2622. 올림픽공원역 3번출구,202503,5118,5087
용산구,846. 용산중학교,202503,829,751
광진구,3542. 래미안 구의파크 스위트,202503,2182,2166
성북구,1375. 생명의 전화 종합복지관 앞 교차로,202503,1009,1032
강북구,1547. 꿈의숲 롯데캐슬,202503,387,197
강북구,1548. 북서울 꿈의숲 서문,202503,571,334
도봉구,1742. 북한산 코오롱 하늘채,202503,1536,1574
강서구,2702. 마곡 엠밸리2단지,202503,1697,1716
송파구,2618. 삼전역 1번출구,202503,1649,1751
송파구,2619. 석촌고분역 4번출구,202503,1626,1685
종로구,358. 성균관대입구 사거리 A,202503,560,554
송파구,2620. 송파나루역 4번 출구옆,202503,4022,4385
양천구,765. 오목교역 3번출구,202503,4649,4866
구로구,1999. 수궁동 성당 주변,202503,419,368
구로구,2000. 신도림4차 e편한세상 아파트 1109동 앞,202503,1351,1226
금천구,1859. 대륭테크노타운 18차,202503,562,560
서초구,2510. JW타워,202503,316,217
양천구,766. 신목동역 3번출구,202503,1104,1018
서초구,2511. 이수역 6번출구 앞,202503,679,596
종로구,359. 원남동사거리,202503,1249,1242
노원구,1693. 원자력 병원,202503,508,255
동작구,2071. 대림아파트 후문 상가 옆,202503,541,110
성북구,1376. 한국과학기술연구원 중문,202503,182,179
성북구,1377. 한국과학기술연구원 북문,202503,161,147
종로구,361. 동묘앞역 1번출구 뒤,202503,2649,2829
구로구,2801. 대륭포스트타워1차,202503,1621,1668
마포구,440. 하늘공원 입구,202503,624,607
종로구,464. 삼청동 골목,202503,753,715
관악구,2185. 대학동 고시촌,202503,695,699
동대문구,664. 서울시립대 건설공학관,202503,436,406
종로구,465. 삼청공원 앞,202503,129,59
종로구,362. 청계8가사거리 A,202503,2038,2081
광진구,3543. 세종대학교(학술정보원),202503,517,525
중구,441.염천교사거리,202503,825,795
강동구,1063.강동롯데캐슬퍼스트 아파트(관리동),202503,405,381
강동구,1064.중앙보훈병원역 1번출구,202503,510,370
강동구,1065.보훈병원 후문옆(더 원커피),202503,598,521
강동구,1066.생태공원앞 교차로(조명탑),202503,85,81
강동구,1067.한영중고앞사거리,202503,388,370
강동구,1068.명일파출소,202503,703,625
중구,442.서울역 서부,202503,273,304
중구,443.호암아트홀,202503,198,204
종로구,363. 신설동역 11번출구 뒤,202503,1758,1844
중구,445.대한상공회의소,202503,831,801
중구,466.롯데호텔,202503,334,276
중구,467.한국은행,202503,466,454
중구,468.웨스틴 조선호텔,202503,452,453
중구,469.회현역 1번출구,202503,303,256
중구,470.회현역 7번출구,202503,250,216
중구,471.회현사거리 남측,202503,556,535
중구,472.삼일교(시그니쳐 타워),202503,918,854
중구,473.을지로4가역 9번출구,202503,1701,1647
종로구,364. 창신역 1번출구 앞,202503,512,373
중구,474.동대문역사문화공원역 1번출구 뒤편,202503,1760,1456
중구,475.DDP 패션몰,202503,1293,1216
중구,476.광희문,202503,698,698
중구,477.앰배서더 호텔 주변,202503,438,162
중구,479.동대입구역 3번 출구,202503,287,277
중구,480.약수역 6번 출구,202503,306,300
중구,483.남산타운아파트 버스정류장,202503,131,114
중구,485.서울역5번출구,202503,987,983
송파구,2641.송파역 4번출구,202503,2533,2536
송파구,2642.마천동 성내천 쉼터,202503,833,816
송파구,2643.풍납중학교 측면,202503,282,246
송파구,2644. 성내5교,202503,1113,1231
송파구,2645.잠실나들목2(엘스아파트136동),202503,1705,1783
종로구,3401.창신두산아파트,202503,157,155
종로구,3402.이화공영주차장,202503,338,333
마포구,113. 홍대입구역 2번출구 앞,202503,4988,5971
종로구,367. 독립문역 3-1번출구 ,202503,1106,799
종로구,3404.서울특별시 중부교육지원청,202503,150,159
종로구,3405.파크팰리스,202503,449,422
종로구,3407.안국동사거리(신),202503,612,636
종로구,3408.종로타워빌딩,202503,1273,1260
종로구,3410.종로3가역 8번출구,202503,2525,2536
종로구,3411.종묘,202503,967,961
종로구,3412.세운상가,202503,591,590
종로구,368. SK 서린빌딩 앞,202503,1575,1654
종로구,3413.종로플레이스,202503,2206,2267
종로구,3414.종로5가역 4번출구,202503,1102,1157
종로구,3415.동대문역6번출구,202503,1279,1434
종로구,3416.동묘앞역 6번출구,202503,1731,1890
종로구,3417.창신3동주민센터,202503,920,865
종로구,3418.창신역2번 출구,202503,267,92
종로구,3419.국립어린이과학관,202503,408,397
종로구,3420. 성균관대입구 사거리 B,202503,870,851
종로구,3421.혜화역 1번출구,202503,1540,1506
종로구,3422.성균관대 정문,202503,1577,1495
종로구,3425.광화문 풍림스페이스본 1단지앞,202503,1312,1080
종로구,3426.독립문역 2번출구 뒤,202503,254,187
종로구,3427.인왕산 아이파크 정문,202503,214,175
종로구,3428.서울미술관,202503,135,86
종로구,3429.HW컨벤션센터 앞,202503,130,48
종로구,3430.구기치안센터 앞,202503,121,21
종로구,3431.로제우스 레포츠센터,202503,164,106
종로구,3432.종로2가 사거리,202503,928,816
종로구,348. 독립문역 사거리,202503,903,579
강동구,1070.(시립)고덕평생학습관,202503,868,768
강동구,1072.고덕역 5번출구,202503,1246,1210
강동구,1073. SSTS 몰 앞,202503,613,636
강동구,1074.대명초교입구 사거리,202503,1185,1139
강동구,1075.천동초교 삼거리,202503,1678,1732
강동구,1076. 천동초교입구사거리 버스정류장(십자성마을 방면),202503,1505,1523
강동구,1077.강동역 1번출구 앞,202503,2178,1945
강동구,1078.둔촌사거리,202503,3653,3655
강동구,1079.강일동입구교차로,202503,585,556
강동구,1080.천호지하주차장 5번 출입구,202503,37,35
강동구,1081.트레빌빌딩,202503,1641,1600
강동구,1083.광문고교사거리(아이파크),202503,512,503
강동구,1085.래미안 솔베뉴(고덕로),202503,850,489
강동구,1086.래미안 솔베뉴(구천면로),202503,432,428
강동구,1088.풍납사거리(강동),202503,1353,1331
강동구,1089.고덕 래미안힐스테이트(201동),202503,360,184
중구,370. 시청역(2호선) 9번출구 뒤,202503,1580,1484
강동구,1090.상일동역 2번출구 앞,202503,1513,1516
송파구,2623.석촌동 주민센터,202503,2828,2689
송파구,2625.가락종합 사회복지관,202503,209,200
송파구,"2626.경찰병원역 1,2번 출구 사이",202503,491,488
송파구,2627.문정시영아파트 5동 앞 공원,202503,992,569
송파구,2628.문정역 1번출구,202503,2798,3063
송파구,2630.서울방이동 고분군,202503,1690,1670
송파구,2631.배명고등학교,202503,634,669
송파구,2632.석촌고분역 2번 출구,202503,2029,2083
중구,371. 동대입구역 6번출구 뒤,202503,526,513
송파구,2633.송파학사 옆,202503,732,675
송파구,2634.위례포레샤인아파트 2318동,202503,467,564
송파구,2635.잠실새내역 1번출구,202503,2067,1997
송파구,2637. 아시아지하보도 14번 출구,202503,2314,2315
송파구,2639.석촌역 8번출구,202503,3189,3173
송파구,2646.레이크펠리스101동앞,202503,2760,2835
송파구,2647.잠실 자전거 수리센터 앞,202503,1667,1713
송파구,2648.헬리오시티 112동 앞,202503,977,946
중구,372. 약수역 3번출구 뒤,202503,507,511
송파구,2649.오금공원사거리2,202503,239,153
송파구,2650.위례22단지 2208동 다리앞,202503,369,394
송파구,2651.경찰병원역 3번출구 앞,202503,1137,1142
송파구,2652.송파 레미니스1단지 102동 앞,202503,632,557
송파구,2653.올림픽공원사거리(선수촌아파트),202503,1148,1140
송파구,2654.올림픽선수촌아파트 136동 앞,202503,665,524
송파구,2655.송이공원,202503,541,430
송파구,2657.송파 파인타운 11단지 ,202503,640,598
송파구,2656.풍납동 아이파크 107동 앞,202503,1169,1154
강남구,2413.도곡역 1번 출구,202503,1019,1082
강남구,2414. 도곡역 아카데미스위트 앞,202503,1188,1238
강남구,2415.한티역 롯데백화점 앞,202503,831,822
강남구,2416.한티역 6번 출구,202503,512,480
강남구,"2417.선정릉 디캠프(D,CAMP)앞",202503,132,129
강남구,2418.봉은사역 7번 출구 ,202503,541,535
강남구,"2419.봉은사역 1,2번 출구 ",202503,505,478
강남구,2420.학여울역 사거리(LG베스트샵 앞),202503,844,768
강남구,2422.수서동 성당 맞은편,202503,493,530
강남구,2423.영희초교 사거리(래미안개포루체하임),202503,1031,1139
중구,374. 청구역 2번출구 앞,202503,1181,1309
강남구,2425.세곡동 사거리(대왕초등학교 정류장),202503,144,172
강남구,2426.강남한신휴플러스 6단지,202503,523,492
강남구,2427.개포고등학교 정문앞,202503,598,597
강남구,2429.압구정로데오역 6번출구,202503,685,683
강남구,2430.강남파이낸스센터앞(역삼역2번출구),202503,418,352
강남구,2431.대치역 7번출구,202503,1145,1131
서초구,2514.사평역 2번출구,202503,543,493
마포구,118. 광흥창역 2번출구 앞,202503,575,571
서초구,2515.서초초등학교 후문,202503,984,962
서초구,2516.본마을 노인복지센터 앞,202503,220,233
서초구,2517. 서초그랑자이 앞,202503,478,475
서초구,2518. 서초동 현대아파트 앞,202503,344,349
서초구,2519.서초2교(사임당로 방면),202503,191,184
서초구,2520.서초1교 (진흥아파트 방면),202503,354,335
서초구,2521.서초 크로바타워 앞,202503,570,591
서초구,2523.뉴코아 킴스클럽 앞,202503,820,857
서초구,2524.반포쇼핑타운 8동 앞,202503,691,686
서초구,2525.반포쇼핑타운 2동 앞,202503,1893,2345
서초구,2529.우리은행 방배동지점 앞,202503,572,568
서초구,2530.삼호3차아파트 앞,202503,954,991
서초구,2531.멤피스아파트 앞,202503,1133,1126
서초구,2532.국립국악원 앞,202503,196,50
서초구,2533.한가람미술관 앞,202503,330,274
서초구,2535.신반포역 3번출구 뒤,202503,385,409
서초구,2536.서초종합체육관 입구,202503,78,75
서초구,2537.양재역 8번출구 앞,202503,1107,887
서초구,2538.사평리근린공원,202503,1209,1255
서초구,2540.반포천 앞,202503,954,988
서초구,2541.옛골 입구,202503,107,18
서초구,2542.신논현타워 앞,202503,952,927
서초구,2545.국립중앙도서관(국제회의장옆),202503,342,108
금천구,1861.IBK기업은행 석수역 지점 앞,202503,88,91
금천구,1862.스타즈호텔독산 빌딩 앞,202503,616,570
금천구,1863.위너스 스포츠클럽 골프연습장옆,202503,320,320
금천구,1864.산호시티빌 옆,202503,272,149
금천구,1865.금천구청앞(M빌딩),202503,233,264
금천구,1866.서울안천초등학교 옆,202503,131,138
금천구,1867.대륭포스트타워6차 앞,202503,3955,4364
금천구,1868.우리은행 시흥남자동화점 앞,202503,329,328
중구,379. 서울역9번출구,202503,828,821
금천구,1869.롯데캐슬골드파크3차 301동 앞,202503,832,867
금천구,1870.독산3동주민센터 앞,202503,593,282
구로구,2804.항동지구 6단지 602동 앞,202503,184,172
구로구,2805.구로자원순환센터 ,202503,97,67
구로구,2806.항동지구 4단지 입구,202503,126,81
구로구,2807.항동지구 1단지 105동 앞,202503,177,174
구로구,2808.항동지구 2단지 202동 앞,202503,112,130
구로구,2809.항동지구 11단지 1103동 앞,202503,76,100
중구,380. CJ제일제당 앞,202503,1100,1108
구로구,2810.항동지구 3단지 311동 앞,202503,90,97
구로구,2812.항동프라자,202503,381,421
구로구,2813.항동지구 3단지 302동 앞,202503,73,81
구로구,2814.항동지구 10단지 1001동 앞,202503,118,108
구로구,2815.항동지구 7단지 정문,202503,310,281
구로구,2816.항동지구 8단지 803동옆(주차장입구),202503,99,65
구로구,2817.천왕이펜하우스5단지 앞,202503,194,102
구로구,2818.천왕이펜하우스3단지 앞,202503,299,110
구로구,2819.하늘숲초등학교 앞,202503,805,1097
중구,381. 장충체육관,202503,130,61
구로구,2820.신세기아파트 앞,202503,630,657
구로구,2821.청구아파트 앞,202503,945,935
구로구,2822.제니스스포츠 앞,202503,410,357
구로구,2823.중앙유통단지 앞,202503,874,871
구로구,2824.미래사랑어린이공원 앞,202503,3195,3273
구로구,2825.초롱타운 앞,202503,253,253
구로구,2826.가마산지하보도 옆,202503,447,496
영등포구,295.영등포공원 분수대 앞,202503,257,253
영등포구,296.KT플라자 영등포점,202503,2366,2344
영등포구,297.국회3문,202503,200,183
중구,382. 약수역 10번출구 앞,202503,323,346
영등포구,298.KBS 연구동 건너편,202503,564,385
영등포구,299.여의도 순복음교회,202503,404,393
영등포구,3201.당산skv1센터,202503,1584,1609
영등포구,3202.당산롯데캐슬프레스티지,202503,2643,2636
영등포구,3203.도림동배드민턴체육관,202503,1087,1059
영등포구,3204.도림고가도로 밑,202503,1115,992
영등포구,3205.문래현대2차,202503,1835,1800
영등포구,3206.문래동 주민센터,202503,1119,1093
영등포구,3207.양남사거리1,202503,576,555
중구,383. 신당역 12번 출구 뒤,202503,3539,3671
영등포구,3211.신길 래미안 프레비뉴,202503,517,490
영등포구,3212.신풍역 6번출구,202503,1320,1441
영등포구,3214.영등포 푸르지오 아파트 A,202503,1695,1512
영등포구,3215.강변삼성래미안,202503,1380,1186
중구,384. 종로학원본원 ,202503,358,326
영등포구,3219.영등포역 1번출구,202503,3430,3893
영등포구,3220.래미안에스티움 앞 (신풍로),202503,999,1008
영등포구,3221.서울특별시 남부교육지원청,202503,767,770
양천구,767.신정숲속마을아파트,202503,570,274
양천구,768.목동5단지아파트 501동,202503,1804,1819
양천구,769.CBS방송국 앞,202503,4560,4786
양천구,770.목동역5번출구,202503,3127,3289
양천구,771.목동아파트 703동 앞,202503,2210,2328
양천구,"773.염창역 3, 4번 출구 사이",202503,1077,1064
마포구,114. 홍대입구역 8번출구 앞,202503,1484,1542
마포구,142. 아현역 4번출구 앞,202503,667,675
양천구,774.등촌역 4번 출구 ,202503,548,540
양천구,775.세종그랑시아 앞(102동),202503,1033,578
양천구,776.목마공원,202503,471,418
양천구,777.신월6차보람아파트 앞,202503,853,931
양천구,779. 신정1동 주민센터 앞,202503,2938,2989
양천구,780.신정교 하부,202503,2246,2592
양천구,781.신정보도육교 아래,202503,4640,4662
양천구,782.서남병원 후문,202503,765,458
마포구,143. 공덕역 2번출구,202503,1328,1786
양천구,"785.양천구청, 보건소 사잇길",202503,4534,4787
양천구,786.목동아파트 8단지 상가동 앞,202503,2119,2149
양천구,787.양천아파트 입구,202503,3046,2933
양천구,788.양천구청역 2번출구 옆,202503,2554,2674
양천구,791.현대하이페리온,202503,2553,2549
양천구,792.목동트라팰리스 웨스턴에비뉴,202503,4632,4647
강서구,2703.서울도시가스 앞 ,202503,777,528
종로구,486. 평창동주민센터 앞,202503,75,52
강서구,2704.홈플러스(강서점),202503,2939,3032
강서구,2706.강서공업고등학교 앞,202503,746,745
강서구,2707.한강아파트,202503,2205,2138
강서구,2708.강서한강자이타워 앞,202503,2888,2913
강서구,2709.강변아파트 310동 앞,202503,1045,949
강서구,2710.라이품 공영주차장 앞,202503,1086,814
강서구,2711.가로공원공영주차장 1번 출구,202503,932,975
강서구,2712.화곡터널입구교차로,202503,474,160
강서구,2713.우장초등학교 앞,202503,1617,1551
마포구,145. 공덕역 5번출구,202503,992,1546
강서구,2715.마곡나루역 2번 출구 ,202503,12355,12559
강서구,2716.롯데 R&D 센터,202503,688,698
강서구,2717.LG유플러스 마곡사옥,202503,3896,4647
강서구,2718.마곡수명산파크1단지,202503,2157,1836
강서구,2719.마곡문화공원,202503,3175,3666
강서구,2720.힐스테이트에코,202503,2663,2666
강서구,2721.등촌1-10단지 교차로,202503,4126,4050
양천구,793.목동5단지아파트 534동,202503,2659,2544
마포구,146. 마포역 2번출구 뒤,202503,1872,2030
강서구,2723.마곡 필네이처,202503,2752,3013
강서구,2724.(재)FITI시험연구원,202503,1519,1254
강서구,2725.서울식물원 식물문화센터,202503,1192,923
강서구,2727.서울식물원 잔디마당 앞,202503,2024,2109
강서구,2728.마곡나루역 3번 출구,202503,7998,7964
강서구,2729.넥센 유니버시티 앞,202503,1634,1714
강서구,2730.마곡메가박스 앞,202503,2131,2150
강서구,2731.명덕고교,202503,1296,1699
강서구,2732.마곡수명산 1-2단지 ,202503,1978,1665
마포구,147. 마포역 4번출구 뒤,202503,2057,2753
강서구,2733.마곡13단지 정문 앞,202503,4253,4248
강서구,2737.까치산역 3번 출구,202503,1085,1153
강서구,2739.수명산파크1단지교차로,202503,3584,3601
강서구,2740.마곡레포츠센터,202503,1105,1058
강서구,2741.마곡수명산파크5-6단지,202503,1673,1365
강서구,2742.강서구민올림픽체육센터,202503,2325,2610
마포구,148. 용강동 주민센터 앞,202503,977,946
노원구,1696.수락리버시티4단지,202503,497,499
노원구,1697.상계주공2단지 219동,202503,1255,1239
노원구,2901.공릉동풍림아파트 101동,202503,1171,1218
노원구,2902.공릉풍림아파트 108동,202503,1056,1084
노원구,2903.월계초안아파트 1단지,202503,448,437
마포구,150. 서강대역 2번출구 앞,202503,969,972
노원구,2904.중계3차청구아파트,202503,1051,1060
노원구,2907. 월계중학교,202503,267,67
노원구,2908. 광운대학교 중앙도서관,202503,1639,1650
노원구,2909. 석계역 3번 출구,202503,1298,1381
노원구,2910.도깨비시장,202503,1347,1476
노원구,2911.상계역중앙시장,202503,1080,1079
노원구,2912.대진고등학교,202503,904,726
노원구,2913.상계8동 주민센터,202503,1328,1397
노원구,2914.서울과학기술대학교(미래관),202503,621,840
노원구,2915.서울과학기술대학교(어학교육원),202503,2075,1601
노원구,2917.신창중학교 후문 맞은편 버스정류장,202503,918,1031
노원구,2919.등나무 근린공원(시립북서울미술관 앞) ,202503,2816,2844
노원구,2920.상계중학교(당현2교사거리),202503,642,646
노원구,2921.중계역 2번출구,202503,1910,2309
도봉구,1743.창동19단지아파트 관리사무소앞,202503,816,817
도봉구,1744.도봉소방서 옆,202503,1819,1850
도봉구,1749. ESA아파트 상가 앞,202503,978,972
도봉구,1750. 창포원 남쪽 입구,202503,562,622
도봉구,1751. 창원초등학교 교차로,202503,573,521
도봉구,1752. 창동 주공 4단지 입구 옆,202503,531,614
도봉구,1754. 창동시장입구 사거리,202503,708,651
마포구,119. 서강나루 공원,202503,1206,1278
마포구,153. 성산2교 사거리,202503,1697,1639
도봉구,1756.서울북부광역등기국,202503,207,219
도봉구,1757.솔밭공원역 1번출구 앞,202503,316,286
도봉구,1758.솔밭공원역 1번출구 주변,202503,457,437
도봉구,1759.서울북부지방법원 앞,202503,492,478
도봉구,1761.방학중학교 앞,202503,257,225
도봉구,1762.북한산 한신휴플러스APT앞,202503,1230,1306
마포구,154. 마포구청역 ,202503,1982,2459
도봉구,1765.쌍문역 1번출구 주변,202503,873,817
도봉구,1767.방학초등학교 앞,202503,1144,1397
도봉구,1768.신동아타워 버스정류소,202503,460,494
도봉구,1770.도봉한신아파트 주변,202503,803,818
도봉구,1771.성원APT버스정류소,202503,821,499
도봉구,1772.시립도봉노인복지관 버스정류소,202503,495,474
도봉구,1774.정의여중고 버스정류소,202503,373,368
마포구,155. 가좌역1 번출구 앞,202503,1325,1113
도봉구,1775.신원리베르텔 앞,202503,1299,1569
강북구,1550.삼각산아이원아파트(105동 옆),202503,66,4
강북구,1551.4.19탑 앞,202503,593,376
강북구,1552. 강북구청사거리,202503,1188,1188
강북구,1553.서울북부고용노동지청,202503,598,621
강북구,1554.번동사거리,202503,418,406
강북구,1557.신창교,202503,740,753
마포구,156. 서울서부지방법원 앞,202503,633,698
강북구,1558.강북문화정보도서관,202503,218,153
강북구,1560. 도봉세무서 앞,202503,719,730
강북구,1564.4.19민주묘지역 1번출구,202503,619,605
강북구,1565.수유사거리,202503,909,909
강북구,1568.4.19민주묘지 입구사거리,202503,494,495
강북구,1569.수유역2번출구,202503,2507,2518
마포구,157. 애오개역 4번출구 앞,202503,1273,1427
마포구,488.푸르메병원,202503,1147,1157
마포구,489.구룡근린공원,202503,321,255
마포구,490.가온문화공원,202503,1307,1210
마포구,491.월드컵파크 4단지,202503,358,344
마포구,493.홍대입구역 6번출구,202503,1225,1254
마포구,494.신수동주민센터,202503,334,357
마포구,495.염리초등학교 앞,202503,883,978
마포구,497.합정동주민센터 앞,202503,2072,1449
마포구,498.연남동주민센터 앞,202503,2063,2133
서대문구,159. 이대역 4번 출구,202503,371,214
마포구,3002.벽산상암스마트큐브 ,202503,2084,2052
마포구,3003.래미안신공덕3차아파트,202503,117,42
마포구,3005.마포구청 청사내,202503,213,213
마포구,3006. 상암월드컵파크5단지(상암중학교),202503,448,421
마포구,3007.MBC 앞,202503,634,674
마포구,3008.DMC역7번출구,202503,641,473
마포구,3009. 홍대입구역 사거리,202503,1355,1543
마포구,3010.홍대입구역 3번출구,202503,2946,3113
서대문구,160. 북아현동 가구거리,202503,439,328
용산구,848. 삼각지12번 출구,202503,513,542
용산구,849. 삼각지 자이아파트,202503,857,931
용산구,850. KCC용산월츠타워 ,202503,316,370
용산구,851.효창 푸르지오 앞,202503,473,146
용산구,852. 청암자이아파트 앞,202503,800,551
용산구,853.용산역 맞은편,202503,2868,3101
용산구,854.HID 유족동지회 앞,202503,227,207
용산구,855.이촌역5번출구 앞,202503,172,148
서대문구,161. 무악재역1번 출구,202503,189,178
용산구,857. 현대 안성타워,202503,164,80
용산구,858.녹사평역3번 출구,202503,368,164
용산구,859.남산공원 야외식물원 앞,202503,168,61
용산구,860.LG한강 자이아파트 앞,202503,972,1020
용산구,863.이촌역2번 출구,202503,392,398
용산구,864.순천향대학병원(한남오거리),202503,173,166
서대문구,162. 봉원고가차도 밑,202503,624,187
용산구,866.브라운스톤 남산아파트,202503,479,242
용산구,867.서빙고역 광장(1번출구),202503,275,309
서대문구,3109.북한산더? 106동 앞,202503,284,288
서대문구,3110.홍은 현대아이파크 아파트 202동 앞,202503,570,545
서대문구,3111.무악재역 4번 출구,202503,234,214
서대문구,3114.충정로역 3번 출구,202503,395,258
서대문구,3113. 독립문 앞,202503,550,462
마포구,120. 신수동 사거리,202503,508,516
서대문구,163. 명지전문대학교 정문 앞,202503,470,471
서대문구,3115.북아현 치안센터 인근,202503,763,693
서대문구,3116.신촌역 4번출구,202503,601,604
서대문구,3117.이화여대 인문관 인근,202503,247,229
서대문구,3119.연희 브라운스톤 아파트 앞,202503,1168,1174
서대문구,3120.DMC엘가아파트 앞,202503,998,1001
서대문구,3121.가좌삼거리,202503,1077,1079
서대문구,3122.북가좌삼거리2,202503,614,591
서대문구,3123.DMC파크뷰자이1단지 110동 앞,202503,674,634
서대문구,164. 북가좌1동 주민센터 ,202503,335,306
서대문구,3125.연희파크푸르지오아파트 앞,202503,1071,1026
서대문구,3127.홍은2파출소 옆,202503,608,600
서대문구,3128.동신병원 맞은편,202503,998,980
서대문구,3129.DMC래미안e편한세상203동옆,202503,622,611
서대문구,3130.가재울사거리,202503,776,458
서대문구,3131.연가교 교차로,202503,978,852
서대문구,3132.홍제교,202503,543,543
서대문구,3134.SK리쳄블(서울아리수본부),202503,377,287
서대문구,165. 중앙근린공원,202503,967,765
성북구,1379.길음뉴타운푸르지오아파트 3단지,202503,112,9
성북구,1380.월곡역 5번출구 앞,202503,1424,1535
성북구,1381.석계역 4번출구 뒤,202503,2100,2254
성북구,1384.성신여대입구역 5번출구,202503,1148,1212
성북구,1385.성신여대입구역 3번출구 앞,202503,1321,1320
성북구,1386.동선고가차도 초입,202503,288,283
성북구,1388. 돈암초교입구 버스정류장(한성대입구역 방면),202503,553,549
서대문구,166. 가재울 초등학교,202503,1357,1340
성북구,1390.석관래미안아트리치,202503,1130,1179
성북구,1391.성북청소년센터,202503,421,423
성북구,1392.돈암삼성풍림아파트,202503,100,19
성북구,1393.돈암육교 하단,202503,124,56
성북구,1394.길음뉴타운 래미안9단지,202503,493,480
성북구,1395.래미안장위포레카운티(102동),202503,833,827
성북구,1396.래미안장위퍼스트하이(513동),202503,949,1010
용산구,869.노들섬 동측 앞,202503,370,335
서대문구,167. 연가초등학교 옆,202503,442,97
용산구,870.노들섬 서측 앞,202503,3160,3174
은평구,973.제각말푸르지오 5-1단지 아파트,202503,120,59
은평구,974.연신초등학교옆 마을마당,202503,76,65
은평구,975.백련산 힐스테이트상가앞,202503,423,99
은평구,976.진관고등학교앞,202503,395,423
은평구,977.신도중학교앞,202503,120,44
은평구,978.녹번 힐스테이트상가앞,202503,204,147
은평구,979.원풍빌라앞,202503,567,534
은평구,982. 녹번초등학교(서오릉로),202503,690,738
은평구,984.상신초등학교앞 버스정류장,202503,729,715
은평구,985. 은평세무서 버스정류장(은평구청 방면),202503,917,940
은평구,989. 신응교(가좌로) 앞,202503,1135,1434
은평구,991.흥국사 정류장,202503,66,71
서대문구,169. 북가좌 삼거리,202503,485,384
은평구,992.북한산입구 정류장,202503,84,82
은평구,993.은평뉴타운 은뜨락아파트앞,202503,288,134
은평구,994.북한산생태공원입구(교통섬),202503,165,163
은평구,995.은평다목적체육관,202503,263,213
은평구,996.응암역2번출구 국민은행 앞,202503,2804,3840
동대문구,665.이문동 쌍용아파트 정문,202503,724,734
동대문구,666.이문대성유니드아파트 앞,202503,590,606
동대문구,667.청량차도 육교 밑,202503,513,371
동대문구,669.청계한신휴플러스앞 삼거리,202503,1145,1196
서대문구,170. DMC파크뷰자이아파트 302동 앞,202503,871,868
동대문구,670.삼육서울병원 버스정류장,202503,2708,2823
동대문구,671.대광빌딩,202503,457,438
동대문구,672.대광고등학교,202503,722,742
동대문구,673.안암골벽산아파트(후문),202503,782,726
동대문구,674.고대앞사거리 교통섬,202503,1097,1131
동대문구,676.FITI시험연구원 앞,202503,653,654
동대문구,678.장안힐스테이트(아) 앞,202503,1576,1793
동대문구,679.전농SK아파트 앞,202503,291,252
서대문구,171. 임광빌딩 앞,202503,477,466
동대문구,680.꿈마루어린이도서관 앞,202503,1266,1222
동대문구,681.서울특별시 동부교육지원청(육교),202503,139,134
중랑구,1461.동양엔파트 앞,202503,217,212
중랑구,1462.동부시장 북문 앞,202503,1532,1622
중랑구,1463.중랑구민회관,202503,288,280
중랑구,1464.중화역 4번출구,202503,823,863
중랑구,1466.두산대림아파트 삼거리,202503,339,372
중랑구,1467.sk신내 주유소앞(용마산로),202503,202,230
중랑구,1468.먹골역 7번 출구,202503,676,782
중랑구,1469.먹골역 4번출구,202503,770,816
중랑구,1470.중화동 우리은행 앞,202503,1011,1015
중랑구,1471.동양쇼핑 정류소 앞,202503,1134,1324
중랑구,1472.영성빌딩(PAT),202503,681,808
중랑구,1473.중랑역 1번 출구(중화문화복지센터),202503,825,991
중랑구,1474.서울중랑우체국,202503,460,445
중랑구,1477.면목삼익아파트 앞,202503,230,221
중랑구,1478.홈플러스 상봉점 앞,202503,1242,1324
마포구,121. 마포소방서 앞,202503,519,511
서대문구,173. 서대문역 8번출구 앞,202503,264,248
중랑구,1479.면목 홈플러스 2 ,202503,524,602
중랑구,1480. 용마지구대 B,202503,452,583
광진구,3563.구의7단지현대아파트,202503,224,226
광진구,3566.우성4차아파트,202503,1582,1517
광진구,3569.건대병원후문,202503,4344,4487
광진구,3570.구의역 리버비스타 오피스텔,202503,2564,2571
서대문구,175. 홍연2교옆,202503,771,778
광진구,3571.화양 APT(횡단보도 옆),202503,3555,3508
광진구,3573.광나루안전체험관,202503,1116,950
광진구,3575. 자양사거리(서원빌딩),202503,3215,3207
광진구,3579.광진 캠퍼스시티,202503,2004,1947
서대문구,179. 가좌역 4번출구 앞,202503,1477,1497
광진구,3581.광진광장,202503,2223,1567
광진구,3582.화양동 우체국,202503,2239,2195
광진구,3586.군자역 비채온 오피스텔,202503,1619,1681
성동구,3544.한양대역 3번 출구,202503,1764,1606
성동구,3545.한양대역 1번출구,202503,607,558
성동구,3547.상왕십리역 6번 출입구,202503,680,389
서대문구,180. 충정로역 7번출구 아래,202503,611,385
성동구,3548.뚝섬역 6번출구,202503,1899,1715
성동구,3549.건영아파트 앞,202503,1686,1701
성동구,3550.금호나들목,202503,1151,1277
성동구,3551.성동도로사업소,202503,716,684
성동구,3552.서울숲 공영주차장앞,202503,786,766
성동구,3553.마장역3번출구,202503,493,532
성동구,3555.양지사거리(센트라스APT 115동앞),202503,193,153
성동구,3556.신금호파크자이APT앞,202503,380,40
성동구,3557.서울숲리버뷰자이APT105동 앞,202503,495,440
성동구,518. 청계천 박물관 앞,202503,740,693
성동구,3558.마장동 금호어울림APT앞,202503,620,442
성동구,3559.성동구민종합체육센터 앞,202503,2078,2228
성동구,3560.성동구 견인차량 보관소 앞,202503,1337,1246
성동구,3561.행당동 삼부APT후문,202503,246,128
성동구,519. 양지사거리,202503,807,697
동작구,2077.노들역 3번출구,202503,894,916
동작구,2078.흑석 아크로리버하임(103동),202503,127,23
동작구,2079.중앙대학교 중앙광장,202503,174,166
동작구,2080. 대방지하보도(대방동경남아너스빌아파트),202503,1124,1248
동작구,2082.7호선 이수역7번출구,202503,801,809
동작구,2083.흑석롯데캐슬에듀포레(107동),202503,442,398
동작구,2084.e편한세상 상도노빌리티 앞,202503,540,417
동작구,2085.강남중학교 앞,202503,869,803
동작구,2086.삼일수영장 앞,202503,994,713
성동구,520. 상왕십리역 4번 출구 앞,202503,742,668
동작구,2088.상도중앙하이츠빌 입구,202503,241,195
동작구,2089.사당역10번출구(금강빌딩),202503,649,778
동작구,2090.기아자동차 사당점 앞,202503,857,837
동작구,2091. 이수역9번출구,202503,745,845
동작구,2092.흑석한강푸르지오(110동),202503,210,29
동작구,2093.상도SH빌아파트 입구,202503,16,16
동작구,2094.숭실대학교(중문) ,202503,262,40
동작구,2095.경문고등학교 앞,202503,720,851
동작구,2096.서울특별시 동작관악교육지원청,202503,93,22
성동구,521. 왕십리역 11번 출구 앞,202503,1189,1202
관악구,2186. 낙성대입구삼거리,202503,385,332
관악구,2187. 현대시장사거리,202503,926,585
관악구,2189. 봉천역 4번출구,202503,973,950
관악구,2190.도원맨션,202503,366,366
관악구,2191.대학동주민센터 ,202503,496,481
관악구,2195.은천교회,202503,810,827
성동구,522. 금호역 1번출구 앞,202503,232,229
관악구,2196. 봉천역 3번출구,202503,370,397
관악구,2198.사랑의병원,202503,498,469
관악구,2199.신봉천주유소 A,202503,179,187
성동구,523. 옥수동성당 옆,202503,142,94
관악구,3310.영락고등학교,202503,156,44
관악구,3311.서울대입구역 4번 출구,202503,734,732
양천구,794.양천문화회관,202503,2216,2250
양천구,795.양천 해누리타운,202503,2764,2746
양천구,796.목동아파트 14단지 B상가 앞,202503,2103,2139
양천구,797.목동아파트 1422동 1434동 사잇길,202503,3563,3611
마포구,122. 신성기사식당 앞,202503,726,715
성동구,524. 래미안금호하이리버 아파트 102동 옆,202503,324,294
강북구,1571.북서울 꿈의 숲 입구,202503,331,343
강북구,1572. 우이동 먹거리마을,202503,107,82
강북구,1573.현대성우아파트 옆,202503,178,98
서초구,2539.대한무역투자진흥공사 KOTRA 앞,202503,998,1001
강북구,1574.송중초등학교 옆,202503,400,404
성북구,1382.래미안월곡아파트 입구,202503,823,836
광진구,3587.우성식품 앞,202503,1366,1421
광진구,3588.세종대학교(영실관),202503,560,585
송파구,2658.가락몰 업무동,202503,1313,1320
성동구,525. 한양대병원사거리,202503,1225,985
송파구,2659.서울친환경유통센터,202503,215,213
강서구,2744.강서세무서 앞,202503,2579,2561
강서구,2745.수명초등학교,202503,2152,1971
서초구,2547. 반포래미안 리오센트,202503,780,808
서초구,2548.반포1동 자율방범초소 옆,202503,346,178
서초구,2549.LH 서초 4단지 403동,202503,412,419
서초구,2550.양재동 꽃시장 건너편,202503,530,535
강서구,2746.수명산파크 4단지 411동 앞,202503,1632,1454
성동구,526. 용답토속공원 앞,202503,799,841
성동구,3600.사근빗물펌프장 건너편,202503,2781,2914
중구,3013.서울지방고용노동청 앞,202503,1102,1144
강동구,3652. 한영외국어고등학교,202503,265,264
은평구,4652. 신사두산위브2차아파트 앞,202503,953,817
성동구,AS센터,202503,10,9
종로구,4711. 올림픽기념 국민생활관 로터리,202503,1275,1241
관악구,3802. 관악구민체육센터,202503,438,437
성동구,529. 장한평역 8번 출구 앞,202503,4613,4614
중구,4760. 서울역 7번출구,202503,182,178
중구,4765. 동대문디자인플라자,202503,1556,1494
중구,4766. 서소문성지역사박물관,202503,364,304
중구,4781. 브라운스위트레지던스,202503,174,143
중구,4782. 서소문역사공원,202503,74,76
구로구,3906. 천왕차량사업소 입구,202503,554,889
용산구,4604. 원효로다목적체육관 앞,202503,365,391
용산구,"4605. 노들섬 다목적홀(동쪽) 숲, 앞",202503,331,275
용산구,4607. 국립중앙박물관 -용산가족공원 앞,202503,287,195
성동구,530. 청계벽산아파트 앞,202503,1317,1429
용산구,4608. 국립중앙박물관 정문 앞,202503,195,122
용산구,4609. 파크타워 104동 앞,202503,262,250
용산구,4610. 한남나인원 105동 앞,202503,97,125
용산구,4611. 국제루터교회 앞,202503,55,35
용산구,"4612. 한남 준 J,FSS 앞",202503,86,74
용산구,4613. 서울갤러리아 앞,202503,120,92
용산구,4615. 크라운호텔앞 버스정류소,202503,503,646
용산구,4616. 신용산지하차도 앞,202503,546,682
용산구,4617. 동원베네스트 건너편,202503,222,237
용산구,4618. 풍전아파트 건너편,202503,853,853
성동구,533. 금남시장 교차로,202503,290,487
용산구,4619. 한강트럼프월드3차 앞,202503,820,816
용산구,4620. 삼각지역 14번 출구 앞(교통섬),202503,878,935
용산구,4622. 한강중학교 앞 버스정류장,202503,287,304
용산구,4623. 라인프랜즈이태원점 앞,202503,87,63
용산구,4627. 효창공원앞역 5번출구 옆,202503,316,262
용산구,4629. 한강초교보도육교 앞,202503,655,901
강북구,3703. 삼양입구사거리,202503,297,328
강북구,3707. 드래곤타워 앞,202503,663,675
성동구,534. 금호사거리,202503,278,278
강북구,3714. 송천센트레빌,202503,129,116
구로구,3902. 항동지구5단지 501동 앞,202503,194,219
구로구,3903. 현대아파트 앞,202503,528,596
구로구,3904. 테크노마트 앞,202503,1784,1714
구로구,3905. 희훈타워빌 앞,202503,1531,1468
성동구,4353. 코오롱디지털타워 3차앞,202503,1572,1601
성동구,4360. 르노삼성자동차 성수사업소 앞,202503,893,918
성동구,4362. 행당중학교 후문,202503,504,513
용산구,4625. 용산공원갤러리앞,202503,339,348
성동구,535. 응봉삼거리,202503,638,279
은평구,4653. 불광역 9번 출구 맞은편,202503,443,434
종로구,4708. 조계사앞사거리,202503,1360,1425
종로구,4710. 자교교회 앞,202503,523,529
강남구,3602. 한국지역난방공사강남지사,202503,406,418
강서구,3753. 공항중학교 버스정류장,202503,525,408
강서구,3756. 마곡힐스테이트 정문,202503,1585,1412
강서구,3761. 나이아가라관광호텔,202503,460,464
강서구,3763. 등촌태영아파트,202503,811,862
성동구,536. 행당역 2번출구 앞,202503,518,586
강서구,3765. 문소빌딩,202503,439,386
강서구,3767. 대원빌딩,202503,1373,1325
강서구,3772. 길성그랑프리텔아파트,202503,2411,2409
강서구,3775. 가양오토갤러리,202503,979,1014
강서구,3776. 김포공항사거리,202503,429,420
강서구,3778. 김포공항입구 교차로,202503,1286,1271
강서구,3780. 등촌서광아파트,202503,3091,3141
강서구,3781. 강서아동복지센터,202503,44,100
강서구,3782. 겸재정선미술관,202503,1519,1338
성동구,537. 한양대후문역 부근,202503,996,977
강서구,3783. 마곡금호어울림아파트,202503,1271,1200
강서구,3784. 벽산아파트,202503,2260,2030
강서구,3787. 가양나들목,202503,503,484
강서구,3788. 정곡나들목,202503,708,763
강서구,3789. 염창나들목,202503,2239,2380
동대문구,4102. 휘경1동주민센터 앞,202503,752,768
동대문구,4103. 휘경sk뷰아파트 앞,202503,237,236
동대문구,4104. 외대앞역 교차로,202503,934,928
동대문구,4105. 서울교통공사사거리 교통섬,202503,659,651
서대문구,123. 문화촌 공원,202503,1445,1461
성동구,538. 답십리역 8번출구 앞,202503,314,441
동대문구,4107. 장안동근린공원 입구,202503,634,680
동대문구,4108. 답십리파크자이아파트 앞,202503,2406,2428
동대문구,4110. 용두롯데캐슬리치아파트 앞,202503,907,774
동대문구,4113. 한국국방연구원 앞,202503,926,997
동대문구,4116. 이문e편한세상아파트 앞,202503,648,675
동대문구,4117. 휘경119안전센터 앞,202503,697,682
동대문구,4121. 서울문화재단 앞,202503,1270,1204
동대문구,4122. 청계9가교차로 앞,202503,2180,2286
동대문구,4123. 배봉초교 교차로,202503,714,753
성동구,550. 서울시설공단 앞,202503,1282,1257
종로구,4703. 쌍용아파트2단지 정문,202503,248,27
종로구,4707. 청계3가 사거리,202503,1014,969
중구,4753. 시청역 10번출구,202503,543,528
중구,4761. 중부경찰서앞사거리 건너편,202503,347,291
중구,4762. 국제빌딩,202503,355,329
중구,4768. 서울도시건축전시관,202503,741,734
중구,4772. 중앙일보,202503,115,103
광진구,539. 군자교교차로,202503,1617,1515
중구,4774. 을지로입구역 8번출구,202503,489,483
중구,4775. 을지로지하쇼핑센터,202503,493,458
중구,4776. 신세계면세점,202503,303,299
중구,4784. 중부경찰서앞 사거리,202503,435,395
중구,4785. 롯데시티호텔,202503,468,462
중구,4791. 명동역9번 출구,202503,894,857
마포구,4202. 프런트원(공덕역4번출구 앞),202503,659,775
광진구,540. 군자역 7번출구 베스트샵 앞,202503,1980,1981
마포구,4206. 광흥창역5번출구,202503,459,458
마포구,4207. 아만티호텔 앞,202503,511,530
마포구,4208. 스타벅스(동교동) 앞,202503,685,798
마포구,4210. 가좌행복주택 앞,202503,954,898
마포구,4211. 시석빌딩 앞,202503,798,822
마포구,4212. 한화오벨리스크 앞,202503,657,607
마포구,4213. 마포구중앙도서관 정문 앞,202503,2373,2166
마포구,4214. JTBC 앞,202503,1095,1101
강서구,3760. 발산역 8번 출구,202503,1956,2025
강서구,3766. 강서문화센터,202503,239,213
광진구,542. 강변역 4번출구 뒤,202503,1590,1641
광진구,3853. 어린이대공원역 2번출구,202503,1290,880
광진구,3860. 건국대학교 정문 앞,202503,1520,1281
광진구,3863. 동일로58길 입구,202503,1130,950
광진구,3864. 광진소방서 앞,202503,1387,1132
광진구,3865. 이튼타워리버 2차,202503,1469,1442
광진구,3868. 자양한강도서관,202503,2065,2086
광진구,3873. 동서울우편집중국 앞,202503,1001,967
광진구,3878. 장로회신학대학교 주기철 기념관,202503,79,67
도봉구,4076. 도봉통합복지센터 뒤 중랑천 변,202503,934,1008
광진구,543. 구의공원(테크노마트 앞),202503,2105,2232
강서구,3769. 증미역 2번출구,202503,1615,1739
강서구,3792. 화곡본동시장 입구,202503,549,514
강서구,3793. 더리브골드타워,202503,860,876
강서구,3794. 안양천합수부(현대3차아파트),202503,1306,1280
강서구,3796. 송정역 3번출구 앞,202503,1429,1289
강서구,3797. 마곡수명산파크7단지 710동 앞,202503,517,474
강서구,3798. 그랜드아이파크아파트 앞,202503,3887,3997
강서구,3786. 강서힐스테이트 상가 앞,202503,848,644
구로구,3907. 신도림7차e편한세상아파트 806동 앞,202503,1032,946
광진구,544. 광남중학교,202503,732,735
동대문구,4114. 휘경여중고삼거리,202503,1137,1183
서대문구,4253. 홍은도담도서관,202503,423,423
서초구,4319. 삼성전자R&D어린이집 뒤,202503,253,191
영등포구,4556. 리버뷰신안인스빌1차 후문,202503,1377,1365
영등포구,4557. 리버뷰신안인스빌2차 후문,202503,1455,1377
종로구,4705. 웰니스센터(민방위교육장 앞),202503,646,646
강동구,3653. 강동리버스트4단지아파트 404동 앞,202503,355,409
강동구,3654. 강동리버스트4단지아파트 405동 앞,202503,262,290
강서구,3759. 이대서울병원,202503,1603,1822
광진구,546. 잠실대교북단 교차로,202503,1810,1813
서초구,4320. 비석공원,202503,603,718
송파구,4452. 삼성SDS,202503,3230,3195
송파구,4453. 위례중앙푸르지오 201동 앞,202503,1187,1174
송파구,4457. 아산병원 기숙사 부근,202503,4071,4050
송파구,4458. 가락2동주민센터 인근,202503,398,372
송파구,4460. 올림픽훼미리아파트 112동 앞,202503,1017,1044
송파구,4462. 가락중학교 앞,202503,540,481
송파구,4463. 방이역 2번 출구,202503,696,718
광진구,548. 자양나들목,202503,2290,2175
송파구,4464. 올림픽공원 북2문 A,202503,965,1021
송파구,4465. 건영아파트앞 사거리,202503,1277,1277
송파구,4468. 가락1동주민센터 ,202503,1028,996
송파구,4469. 거여동 어울림아파트  102동앞,202503,401,398
송파구,4472. 송파파크데일 1단지 115동 건너편,202503,338,334
송파구,4473. 마천금호어울림 1차 102동앞,202503,182,188
송파구,4474. 가락현대 1차 11동 앞,202503,448,340
송파구,4475. 송파파인타운 4단지 403동,202503,404,402
송파구,4478. 문정근린공원2,202503,827,829
광진구,549. 아차산역 3번출구,202503,1864,1820
송파구,4479. 문정중학교,202503,170,117
송파구,4480. 가락시장 남1문 사거리,202503,654,690
송파구,4481. 올림픽공원 북2문 B,202503,1672,1793
송파구,4483. 잠실나들목4,202503,1375,1444
송파구,4484. 잠실나루역4번출구뒤,202503,1894,1885
송파구,4485. 잠실나루역 고가하부,202503,472,423
송파구,4486. 홈플러스 잠실점,202503,2168,2155
송파구,"4488. 문현중,고등학교 사이",202503,229,208
송파구,4490. 송파파인타운 10단지 1005동,202503,251,245
송파구,4491. 장지역 1번출구,202503,1234,1230
마포구,124. 서강대 정문 건너편,202503,1112,910
동대문구,600. 휘경2동 주민센터,202503,259,266
송파구,4493. 마천사거리 2,202503,307,320
송파구,4496. 잠실 파크리오 120동 앞,202503,1243,1231
송파구,4497. 아시아선수촌아파트 교차로,202503,1471,1452
송파구,4499. 세양청마루 101동 앞,202503,684,307
송파구,4852. 서울복합물류 게이트 1,202503,1729,1850
송파구,4854. 가락시장역 2번 출구,202503,1140,1141
송파구,4855. 거여5단지 503동 앞,202503,503,505
송파구,4856. 올림픽공원 서1문 앞,202503,1426,1419
송파구,4859. 잠실나루 나들목,202503,1606,1635
강북구,3718. 번동3단지 버스정류장,202503,813,919
강서구,3754. 신방화역 8번출구,202503,1298,1305
강서구,3764. 관문주유소(GS칼택스) 앞,202503,1377,1310
관악구,3803. 남서울중학교,202503,791,769
관악구,3804. 낙성대공원,202503,222,183
관악구,3806. 낙성대 교수아파트,202503,223,75
관악구,3807. 관악우체국 교차로,202503,310,320
송파구,4454. 위례 포레샤인 1809동 부근,202503,278,94
동대문구,602. 장안동 사거리,202503,2752,3399
송파구,4857. 올림픽공원 장미광장,202503,454,431
종로구,4713. 현대 뜨레비앙 아파트 앞,202503,1399,1381
중구,4752. 삼성사이버빌리지아파트,202503,276,199
중구,4792. 퇴계로4가 교차로(중구청),202503,1078,1070
중구,4793. 동대문역사문화공원역 5번출구,202503,819,791
강서구,3799. 국립항공박물관,202503,405,417
중랑구,4802. 새우개마을,202503,179,182
중랑구,4803. 상봉2동 주민센터 앞,202503,841,845
중랑구,4804. 동서울농협 앞,202503,1193,1234
중랑구,4807. 라코지스테이 앞,202503,490,491
중랑구,4808. 신내2동 주민센터 앞,202503,621,486
중랑구,"4809. 동성1,2차 아파트 앞",202503,896,703
중랑구,4811. 한양수자인아파트 앞,202503,418,204
중랑구,4812. 묵동 이마트 앞,202503,1148,1227
중랑구,4813. 망우지구대,202503,1433,1550
금천구,3956. 대륭테크노타운21차 앞,202503,703,712
금천구,3958. 롯데캐슬2차 마을버스 정류장(18804) 뒤편,202503,380,406
금천구,3959. 시흥사거리(시흥동 994-3 앞),202503,680,739
금천구,3963. 에이스 하드웨어(시흥대로 396) 앞,202503,745,795
금천구,3966. 독산역1번출구 B,202503,1841,1963
영등포구,4579. 국회의사당 본관,202503,509,313
영등포구,4580. 국회제2의원회관,202503,511,472
영등포구,4581. 국회소통관,202503,397,392
영등포구,4582. 국회도서관,202503,477,429
영등포구,4583. 의정관,202503,150,122
영등포구,4584. 국회2문,202503,255,218
동작구,4152. 상도효성해링턴플레이스,202503,356,249
동대문구,605. 신설동역8번출구,202503,1079,1124
동작구,4153. 흑석동효사정앞,202503,181,122
동작구,4158. 노량진근린공원,202503,162,89
동작구,4162. 노량진1동 청소년독서실,202503,203,44
동작구,4167. 구로교 아래,202503,1028,728
동작구,4169. 신대방삼거리,202503,1033,1060
서초구,4303. 매헌역 2번출구앞광역버스 정류장앞(22-297),202503,772,768
서초구,4304. 서울고앞,202503,200,175
서초구,4305. 서일스포츠센터,202503,212,185
서초구,4306. 서래공원 앞,202503,540,553
서초구,4307. 고투몰 gate 15옆,202503,486,627
동대문구,606. 서울반도체고 앞,202503,242,252
서초구,4309. 서초케이타운앞,202503,88,73
서초구,4310. 염곡동(염통골) 입구,202503,192,180
서초구,4312. 반포미도2차아파트 옆,202503,385,395
서초구,4313. 반포종합운동장,202503,442,495
서초구,4315. 이투스교육 앞,202503,333,303
서초구,4316. 고속터미널역 3번출구,202503,552,370
서초구,4317. 양재근린공원,202503,888,928
서초구,4318. 방배역 2번 출구,202503,654,850
동대문구,607. 신이문역 2번출구,202503,504,498
강남구,3604. 삼성중앙역 5번출구,202503,491,397
강남구,3606. 신사동주민센터 옆,202503,697,812
강남구,3609. 언주초등학교 입구,202503,509,516
강남구,3610. 윗반마을 입구,202503,142,161
강남구,3611. 방죽마을 입구,202503,292,275
강남구,3612. 은곡마을,202503,333,386
강남구,3614. 은마아파트 입구 사거리,202503,1003,996
강남구,3615. 서울 논현동우체국 앞,202503,291,254
동대문구,608. 전농삼성아파트,202503,278,276
강남구,3616. 역삼중학교 앞(체육관 방향),202503,229,232
강남구,3618. 서울율현초교 삼거리,202503,564,661
강남구,3620. 청담역 11번 출구,202503,106,53
강남구,3622. 은마아파트입구 사거리(1),202503,257,256
강남구,3623. 일원에코파크 앞(개포로 방면),202503,367,373
강남구,3624. 대모산입구역 7번 출구 앞,202503,277,228
강남구,3627. 압구정나들목,202503,1616,1657
강남구,3628. 역삼1동 주민센터,202503,865,950
동대문구,609. 제기2교,202503,1330,1286
강남구,3629. 청담사거리(신한오피스텔빌딩 앞),202503,172,260
강남구,3630. 개포우성6차아파트 정문 앞,202503,299,295
양천구,4528. 양천구청역 1번출구,202503,1308,1311
중구,4796. 부산은행,202503,1200,1099
영등포구,4585. 국회6문,202503,298,301
강동구,3676. 강동리엔파크9단지,202503,440,465
강동구,3685. 강동리엔파크14단지(1401동 앞),202503,579,591
노원구,4002. 상계주공 14단지 상가 앞,202503,695,704
동대문구,610. 동대문중 교차로,202503,1109,978
노원구,4004. 당고개입구오거리 당현천변,202503,1097,1093
노원구,4005. 중계2차 한화꿈에그린 101동 인근,202503,824,771
노원구,4007. 노원 을지대학교 병원,202503,1679,1926
노원구,4008. 하계 어린이 공원,202503,817,763
노원구,4009. 월계프라자,202503,548,217
노원구,4011. 월계 센트럴 아이파크,202503,1077,1389
노원구,4013. 중계 롯데마트,202503,1608,1509
노원구,4014. 불암산역 3번 출구,202503,570,569
노원구,4017. 월계 청백1단지 아파트 정류장,202503,334,121
노원구,4018. 상계주공15단지 버스정류소,202503,696,705
동대문구,612. 시립동부병원 앞 사거리,202503,2363,2474
노원구,4019. 상계주공10단지 버스정류소,202503,1027,951
노원구,4020. 중계동 성모빌딩 앞 ,202503,1460,1443
노원구,4021. 중계본동 입구,202503,217,86
노원구,4023. 월계역 1번 출구,202503,857,931
노원구,4024. 꿈의숲 SK뷰 아파트,202503,1450,1356
노원구,4025. 한천교 동편,202503,857,937
노원구,4026. 상계주공1단지아파트,202503,1703,1745
노원구,4028. 한일유앤아이아파트 105동 인근,202503,1161,968
노원구,4029. 청소년수련관 후문,202503,3624,3877
노원구,4032. 불암주유소 앞,202503,1272,1267
동대문구,613. 신설동역 10번출구 앞,202503,1412,1524
노원구,4033. 녹천역 4번 출구 옆,202503,429,478
도봉구,4054. 창동한신아파트 버스정류소,202503,547,351
도봉구,4058. 다락원체육공원 전망대 입구,202503,334,333
도봉구,4062. 평화도봉공원 주변,202503,712,721
도봉구,4064. 신창아파트 입구 앞,202503,412,400
도봉구,4065. 창동역 1번출구 앞,202503,3467,3819
도봉구,4074. 도봉구육아종합지원센터(창동),202503,778,834
송파구,4863. 잠실나들목5,202503,291,290
노원구,4031. 청암예술학교 앞,202503,1287,1175
동대문구,614. 용두동 사거리,202503,1966,1956
도봉구,4073.방아골종합사회복지관,202503,549,541
성북구,4406. 장곡초등학교 앞,202503,667,611
강동구,3657. 서울천호동우체국,202503,1838,1845
강동구,3658. 프라이어팰리스아파트,202503,395,401
강동구,3659. 명일초등학교 옆,202503,197,181
강동구,3661. 명일동신동아아파트 앞,202503,228,230
강동구,3663. 암사정수센터교차로(강동롯데캐슬퍼스트아파트),202503,364,214
강동구,3664. 맥도날드 서울둔촌DT점 앞,202503,2555,2565
강동구,3665. 고덕센트럴 아이파크상가 앞,202503,569,548
동대문구,615. 용두동 래미안허브리츠아파트 앞,202503,1476,1515
강동구,3668. 성내삼성아파트,202503,3314,3377
강동구,3671. 둔촌동역교차로,202503,2141,2173
강동구,3673. 강동리버스트6단지,202503,312,336
강동구,3674. 강동리버스트7단지,202503,268,299
강동구,3675. 강동리버스트8단지,202503,495,507
강동구,3656. 둔촌푸르지오아파트,202503,1229,1225
강동구,3680. 강동역3번출구,202503,3106,3113
강동구,3681. 길동 마루빌딩,202503,3248,3491
동대문구,616. 서울시립대 정문 앞 A,202503,276,109
강동구,3682. 길동 동호빌딩,202503,313,328
강동구,3683. KT&G강동지사,202503,948,1065
강서구,3770. 남부순환로 205,202503,462,354
구로구,3908. 오류동 다숲오피스텔 앞,202503,699,921
노원구,4016. 노원 마들스타디움,202503,941,933
송파구,4862. 성내교 남단,202503,470,355
송파구,4860. 가락쌍용2차아파트 103동,202503,763,671
양천구,4507. 신정제일시장,202503,830,852
동대문구,617. 청솔우성아파트 앞,202503,832,875
양천구,4508. 유원목동아파트 103동 앞,202503,3091,3197
양천구,4509. 서울영상고교 입구,202503,2485,2626
양천구,4510. 신정네거리역 교차로,202503,1248,1222
양천구,4512. 목동13_14단지 사거리,202503,1123,742
양천구,4514. 목동성당 앞,202503,2442,2349
양천구,4515. 동문굿모닝탑,202503,2808,2768
양천구,4517. 성보하이드로빌딩,202503,898,928
양천구,4518. 청기와빌딩,202503,557,571
영등포구,227. 양평1나들목 보행통로 입구,202503,1615,1737
양천구,4520. 대성유니드아파트,202503,684,849
양천구,4522. 신곡시장,202503,1282,1620
양천구,4523. 구립양천어르신요양센터,202503,85,31
양천구,4526. 목동아파트2단지 222동 앞,202503,1322,1317
양천구,4527. 목동신시가지아파트6단지,202503,1997,1960
은평구,4657. 본 서부병원 교차로 사거리,202503,993,1025
은평구,4658. 녹번역1번출구앞,202503,382,307
은평구,4659. 신진과학기술고등학교 버스정류장(응암시장 방면),202503,828,890
은평구,"4663. 불광역3,6호선 버스정류장(동명여고 방면)",202503,575,576
은평구,4665. 응암역3번 출구(서부경찰서 방면),202503,290,351
영등포구,228. 선유도역 3번출구 앞,202503,2818,2898
은평구,4667. 폭포동입구 교차로,202503,254,194
은평구,4668. 기자촌사거리 B,202503,139,53
은평구,4671. 청구성심병원 앞,202503,375,430
은평구,4672. 준빌딩 앞,202503,142,135
은평구,4674. 녹번역e편한세상 캐슬 정문 앞,202503,716,704
중구,4794. 서울역 서부교차로(3),202503,1367,1507
성동구,4367. kt 행당빌딩 앞,202503,832,990
강남구,3634. 국악고교 앞 교차로,202503,493,469
강서구,3774. 마곡9단지 910동 상가앞,202503,1400,1398
영등포구,229. 양평1 보행육교 앞,202503,2039,2008
강서구,3801. 이랜드글로벌R&D센터,202503,203,202
노원구,4027. 한내 행복발전소 옆,202503,2309,2352
노원구,4036. 하계역 6번출구,202503,1530,1705
성북구,4408. 돌곶이역 앞,202503,1742,1907
양천구,4530. 방아다리어린이공원,202503,870,820
중랑구,4815. 중랑데시앙플렉스 앞,202503,289,291
송파구,4864. 송파사거리,202503,2271,2287
송파구,4865. 한성백제역 1번출구 뒤,202503,2495,2525
송파구,4867. 가락대림아파트 앞,202503,810,788
도봉구,4077. 도봉제1교,202503,1124,1174
마포구,126. 서강대 후문 옆,202503,750,688
영등포구,231. 남부고용노동지청 남측,202503,1978,1982
영등포구,4576.보라매sk뷰 108동 앞,202503,628,660
영등포구,4578.보라매sk뷰,202503,403,347
동작구,4175. 대방역2번출구,202503,653,689
노원구,4035. 휴플러스 수락한신아파트 101동 앞,202503,542,469
중구,4777. 약수동 주민센터,202503,60,55
영등포구,4552. 코레일유통본사,202503,771,762
영등포구,4553. 당산삼성2차아파트,202503,2440,2286
영등포구,4555. 대림우성2차아파트,202503,364,399
영등포구,4558. 대영중고 후문,202503,900,1005
영등포구,232. 양평우림 이비즈센타 앞,202503,2504,2424
영등포구,4559. 신길역 2번출구,202503,1609,1266
영등포구,4560. 양평동성원아파트,202503,1432,1466
영등포구,4561. 양평역 1번출구,202503,3731,3713
영등포구,4563. 여의도 은하아파트,202503,607,586
영등포구,4564. 63스퀘어,202503,2140,2290
영등포구,4565. 영등포 신세계백화점,202503,4521,4484
영등포구,4566. 대림성원상떼빌아파트,202503,1405,1708
영등포구,4567. 한림대학교 강남성심병원 신관,202503,1259,1330
영등포구,4569. 힐스테이트클래시안아파트,202503,982,967
영등포구,233. 양평1동 YP센터 앞,202503,740,766
영등포구,4571. 문래동롯데캐슬아파트,202503,3490,3368
영등포구,4573. 두산위브아파트,202503,688,610
영등포구,4574. 영등포시장역 포레나영등포,202503,3558,3565
영등포구,4575. 대림동 e편한세상영등포아델포레,202503,2017,2028
은평구,4676. 갈현1동 주민센터,202503,212,206
은평구,4677. 백련산 SK뷰 아이파크 해모로 아파트 앞,202503,898,947
동작구,4173. 중대후문 마을버스정류장,202503,397,337
구로구,3910. 목양전원교회 앞 로터리,202503,234,247
구로구,3911. 항동하버리안2단지아파트 후문,202503,180,206
광진구,3880. 홍련봉 공원,202503,665,434
강서구,3762. 마곡9단지 907동앞,202503,1145,1033
강서구,3785. 마곡14단지 1408동앞,202503,1598,1467
송파구,4868. 석촌호수 서호 남단,202503,2615,2617
성동구,4370. 성동교 사거리,202503,603,549
노원구,4037. 물넘이교,202503,1960,1932
강남구,3636. 삼성중앙역·플래티넘아파트 정류소,202503,401,365
강남구,3637. 세곡데이케어센터,202503,222,194
강남구,3638. 신청담나들목,202503,327,347
영등포구,235. 신길동 우리은행 옆,202503,485,444
강동구,3688. 상일동산(동아아파트앞 교차로),202503,299,290
관악구,3812. KT관악지점,202503,686,651
광진구,3879. 중랑천 뚝방길 산책로 입구,202503,1157,1160
양천구,4531. 목동아파트 613동 앞,202503,3394,3440
중구,4797. KG타워 앞,202503,699,722
중랑구,4819. 면목동 새싹어린이공원 앞,202503,1120,1198
강남구,3640. 일원1동주민센터앞 사거리,202503,1093,1175
도봉구,4078. 원당공원 앞,202503,759,797
영등포구,236. 문래동자이아파트 앞,202503,2693,2832
관악구,3811.신사로입구,202503,1283,1259
영등포구,4588.양남사거리2,202503,861,857
서초구,4322.서울추모공원 입구,202503,49,37
강동구,3684. 고덕자이(105동 앞),202503,928,900
구로구,3912. 삼호아파트 앞,202503,504,486
성동구,4363. 신금호역 2번출구 앞,202503,53,41
강서구,3757. 신방화역 6번출구,202503,1545,1549
강서구,3758. 서울남부출입국관리소,202503,2333,1427
노원구,4039. 서울시 북부여성발전센터,202503,811,757
동작구,237. 보라매 두산위브 건너편,202503,1536,1523
중랑구,4820. 망우역 2번 출구,202503,1324,1325
노원구,4040. 공릉로 26길,202503,591,661
강동구,3686. 고덕 래미안 힐스테이트(101동),202503,478,482
광진구,3881. 신자초교입구 교차로,202503,2956,2970
용산구,4603. 한강GS에클라트 건너편 교통섬,202503,618,579
강남구,3641. 대청역,202503,797,778
강남구,3643. 더시그넘하우스 앞,202503,507,505
강남구,3644. 상록수아파트,202503,465,238
영등포구,238. 제2구민체육센타 앞,202503,2737,2740
강남구,4902. 구역삼세무서 교차로,202503,567,564
강서구,5052. 마곡역 7번출구,202503,4895,5200
관악구,3813. 낙성대역 5번출구,202503,320,331
관악구,3814. 난곡사거리 ,202503,1000,1004
마포구,4216. 망원정 앞,202503,661,728
서초구,4323. 내곡도서관,202503,106,122
송파구,4870. 몽촌토성역 3번 출구,202503,4687,4696
송파구,4871. 오금동 대림아파트 정문,202503,533,475
송파구,4872. 개롱역 3번 출구 뒤,202503,938,986
양천구,4532. 목동현대아파트 후문 앞,202503,1342,1393
영등포구,239. 유스호스텔 앞,202503,1135,1107
용산구,4632. 용산 푸르지오 파크타운 1단지 앞,202503,362,162
강남구,3646. 선정릉역 4번 출구,202503,298,233
강서구,5053. 신마곡벽산블루밍메트로오피스텔앞,202503,1261,1435
강서구,5055. 마곡역5번출구앞,202503,1502,1645
강서구,5057. 마곡역4번출구,202503,1663,1724
강서구,5059. 화곡2동주민센터,202503,738,925
강서구,5061. 우장산동 가곡어린이공원앞,202503,3094,3427
영등포구,240. 문래역 4번출구 앞,202503,3783,3547
광진구,3882. 자양2동 주민센터,202503,1775,1792
구로구,3914. 신도림쌍용플래티넘노블아파트 앞,202503,1680,1640
금천구,3967. 혜명양로원 담장 옆(2),202503,302,227
금천구,3968. 독산동 현대홈타운 금천과선교 앞,202503,577,548
금천구,3969. 독산역 롯데캐슬 104동 앞,202503,467,449
노원구,4041. 공릉역3번출구,202503,1687,1884
서대문구,4255. 래미안 루센티아 아파트 108동 앞,202503,947,699
성북구,4411. 동산어린이공원 앞,202503,928,934
영등포구,4589. KRX한국거래소(1),202503,914,916
마포구,127. 현대벤처빌 앞,202503,188,118
영등포구,241. 신길우성1차아파트 앞 공원,202503,841,819
영등포구,4591. 신길자이아파트,202503,687,126
영등포구,4592. 신길우성4차아파트,202503,1355,1610
중구,4798. 황학동롯데캐슬,202503,1848,1809
중랑구,4826. 홈플러스 면목점,202503,702,823
마포구,4217. 한강공원 망원나들목,202503,8536,9404
중랑구,4825. 신내동 벽산아파트 후문 앞,202503,1000,891
강남구,3642. 강남자곡힐스테이트,202503,629,218
강동구,3689. 강일역 3번출구,202503,507,480
강동구,3690. 강일역 4번출구,202503,334,274
영등포구,242. 신길선원가와인아파트 앞,202503,944,455
금천구,3970. 시흥4동주민센터 앞,202503,246,253
금천구,3971. 순흥안씨묘 건너편,202503,70,24
금천구,3972. 산기슭공원 앞,202503,152,79
금천구,3973. 독산2동주민센터 앞,202503,328,141
노원구,4042. 상계문화정보도서관,202503,670,670
송파구,4873. 개롱역사거리 2번 출구,202503,1072,1113
송파구,4874. 탄천1교 하부보도,202503,608,562
송파구,4875. 위례포레샤인13단지,202503,252,254
영등포구,243. 이앤씨드림타워 앞,202503,3118,3246
영등포구,4594. 양평교 영등포대여소,202503,1582,1643
중랑구,4823. 방정환교육지원센터 옆,202503,856,907
중랑구,4824. 상봉신협 앞,202503,1371,1269
종로구,4715. 돈의문 박물관 마을,202503,860,766
용산구,4633. 센트럴파크타워 앞,202503,1289,1526
강남구,3647. 구룡역 1번 출구,202503,427,372
강남구,3648. 구룡역 4번 출구,202503,97,108
강남구,3649. 구룡역 5번 출구,202503,338,338
강동구,3692. 둔촌오륜역 1번 출구,202503,1978,1922
영등포구,244. 영등포삼환아파트 앞,202503,1616,1483
금천구,3974.  안천중학교,202503,220,217
금천구,3983. 금천구청역 1번 출구,202503,821,1096
서초구,4324. 세화고등학교,202503,213,204
성북구,4414. 안암역 3번 출구,202503,603,592
송파구,4879. 마천청소년센터,202503,138,135
송파구,4881. 거여동사거리 송파둘레길 입구,202503,151,138
송파구,4882. 위례포레샤인18단지 1802동,202503,256,243
송파구,4883. 위례포레샤인18단지 1812동,202503,167,22
영등포구,245. 삼성생명 당산사옥 앞,202503,2879,2882
송파구,4888. 둔촌오륜역 2번출구,202503,519,403
송파구,4889. 마천역 1번 출구 인근②,202503,534,504
중랑구,4827. 신내SK V1센터 앞,202503,191,137
강서구,5064. 양천향교역8번출구,202503,2205,2217
강서구,5065. 허준박물관삼거리,202503,1413,1385
강서구,5066. 아망떼마곡전시장,202503,1509,1934
강서구,5067. 주원 리젠트 앞,202503,548,551
강서구,5072. 김포공항입구 교통섬,202503,472,438
관악구,3815. 광일빌딩,202503,714,772
구로구,3915. 동선아파트 앞,202503,137,150
영등포구,247. 당산역 10번출구 앞,202503,4278,4299
중랑구,4828. 신내동 한살림 중랑지구 앞,202503,716,730
중랑구,4829. 신내동 한살림 중랑지구 건너편,202503,236,210
노원구,4043. 상계주공13단지 1301동,202503,232,167
노원구,4044. 공릉산 백세문 입구,202503,105,97
은평구,4678. 백련산로 녹번센트레빌 ,202503,483,384
송파구,4880. 송파청소년센터,202503,848,851
영등포구,4598. 오목교 동측 지하보도,202503,1687,1675
영등포구,4599. 대림우성아파트 사거리,202503,417,408
영등포구,248. 초원아파트 앞,202503,991,988
양천구,4535. 목동12단지 아파트,202503,2362,2331
양천구,4536. 양천해누리체육공원,202503,1136,1469
서초구,4329. SC제일은행 양재동지점 앞,202503,503,362
금천구,3985. 디폴리스 지식산업센터,202503,751,754
강서구,5070. 마곡13단지힐스테이트마스터 후문(1320동 앞),202503,3093,3070
강동구,3694. 강동리엔파크 13단지(1303동 앞),202503,611,619
도봉구,4080. 창동주공19단지앞 ,202503,929,921
중랑구,4834. 용마복지센터 앞,202503,413,159
영등포구,249. 여의도중학교 옆,202503,1831,1975
성북구,4415. 미아초교버스승강장,202503,33,34
노원구,4045. 은하수 공원,202503,582,626
송파구,4893. 문정법조단지12,202503,2344,2413
마포구,4218. 디지털매직스페이스,202503,1844,1823
마포구,4220. 신촌 청년주택,202503,1343,1487
마포구,4221. 솔리스타오피스텔(공덕동주민센터),202503,519,87
마포구,4224. 서부운전면허시험장,202503,869,914
마포구,4226. 마포프레스티지자이 1,202503,689,646
마포구,4233. 코오롱아파트사거리,202503,3032,3219
영등포구,250. 대림아파트 사거리,202503,590,527
마포구,4234. 에스테반,202503,437,196
마포구,4238. 상암한샘빌딩앞,202503,1091,1101
마포구,4240. 아현문화건강센터,202503,216,27
송파구,4884. H비즈니스파크,202503,1517,1539
송파구,4885. 가든파이브 리빙관,202503,355,360
송파구,4886. 배명고등학교 건너편,202503,780,830
송파구,4887. 호돌이상가,202503,643,638
송파구,4895. 송파레이크힐 상가,202503,920,919
송파구,4896. 송파레이크힐,202503,173,143
영등포구,251. 서울지방병무청 버스정류장,202503,603,560
송파구,4897. 잠실주공5단지1,202503,2966,2920
강서구,5073. 우장산역 헤링턴타워 앞,202503,1137,1019
강서구,"5074. 마곡엠밸리14단지 버스정류장(마곡엠밸리11,12단지상가방면)",202503,2735,2732
강서구,5075. 등촌역 1번출구,202503,912,917
관악구,3816. 관악 GSfresh,202503,627,528
관악구,3818. 은천교회 앞,202503,818,803
구로구,3918. 이좋은집오피스텔 앞,202503,513,676
금천구,3984. 가산롯데아이티캐슬,202503,944,968
서대문구,128. 신촌역(2호선) 1번출구 옆,202503,873,864
영등포구,252. 보라매역4번출구,202503,1209,1434
성동구,4373. 서울숲 지식산업센터,202503,2291,2364
성동구,4377. 우영테크노센터 앞,202503,1751,1880
송파구,4891. 위례포레나송파,202503,547,500
송파구,4892. 성내유수지 체육공원,202503,299,250
중랑구,4835. 망우동 본죽 앞,202503,632,638
마포구,4222. 서울디자인고등학교 앞,202503,1117,1364
서초구,4327. 몽마르뜨공원입구,202503,220,31
영등포구,4600. 서울 영등포구 우체국,202503,1556,1523
광진구,3886.광진구 민방위교육센터,202503,1306,1269
구로구,3919. 구로역·NC신구로점 버스정류장(구로역 방면),202503,1217,1253
노원구,5301. 상계주공1단지 버스정류장 옆(대원빌딩 앞),202503,1794,1809
마포구,4244. 당인리발전소 공원 앞,202503,1181,1216
마포구,4246. 상수역새마을금고,202503,649,623
영등포구,254. 도림신협 앞,202503,1352,1367
마포구,4247. 서울서부지방법원등기국앞,202503,315,354
마포구,4248. 신촌 교보빌딩,202503,339,279
중랑구,4836. 양원역 1번 출구,202503,457,427
중랑구,4837. 양원지구 힐데스하임 앞,202503,427,308
중랑구,4838.동원사거리 행복오피스텔 앞,202503,565,352
도봉구,4083.도봉아이나라도서관 앞,202503,972,1016
서대문구,4266.국민연금공단충정로사옥,202503,333,269
은평구,4681.박석고개(은평소방서) 앞,202503,98,88
금천구,3975.현대시티아울렛 가산,202503,1230,1243
영등포구,255. 도림사거리,202503,1187,1207
영등포구,4601.양평역2번출구 뒤,202503,1022,887
강서구,5076. 메이필드호텔앞,202503,804,732
금천구,3980. 금천현대홈타운 후문 서부샛길,202503,741,653
서대문구,4264. 홍남교 버스정류장,202503,482,494
중랑구,4840. 서울시 북부병원 앞,202503,385,380
중랑구,4830. 신내 우디안 111동 앞,202503,304,177
구로구,3917. 성공회대학교,202503,416,257
성북구,4419. 성북구 한예종 캠퍼스 본관,202503,556,441
성북구,4420. 성북구 한예종 캠퍼스 별관,202503,539,643
영등포구,256. 동아에코빌입구,202503,1019,993
영등포구,5851. 도림천 건널목 위,202503,1452,1343
영등포구,5852. 대림동현대2차 201동 앞,202503,297,222
성동구,4381. 더스페이스타워 앞,202503,1240,1255
성동구,4382. 페코텍글로벌허브빌딩 앞,202503,2397,2700
성동구,4383. 푸조비즈타워 앞,202503,1803,2278
성북구,4417. 성북청소년문화의집,202503,180,48
성북구,4418. 종암동 동덕여대 제2생활관 앞,202503,1281,1358
양천구,4537. 서울남부지방검찰청 후문 ,202503,1603,1313
양천구,4538. 양천공영차고지,202503,146,145
강남구,3651. 개포동역 4번출구,202503,1010,1091
도봉구,4084. 도봉동실내스포츠센터,202503,725,695
서대문구,4267. 서대문역 2번 출구,202503,1094,1086
중구,4800. 필동 삼거리,202503,758,760
중구,4801. 충정로역 2호선(엘리베이터 앞),202503,591,123
용산구,4621. 남산도서관 앞,202503,633,126
구로구,3920. 개봉역2번출구 B,202503,320,317
용산구,4634. 이태원역 3번 출구,202503,349,307
은평구,4683. 은평 성모병원 사거리,202503,343,308
양천구,4539. 목동7단지아파트 A상가,202503,735,669
영등포구,258. 신길역3번출구,202503,1704,1692
노원구,5306. 동신아파트 후문 옆,202503,1136,1194
영등포구,5853. 여의도역2번출구 앞,202503,1623,1619
서대문구,4269. 연희IC 남측,202503,643,638
노원구,5305. 대륜E&S 서울지사 앞,202503,676,717
동작구,4177. 롯데캐슬 101동 앞,202503,217,126
동작구,4178. 이수성결교회 옆,202503,115,115
강남구,4903. 신사스퀘어,202503,312,288
구로구,3922. 서울남부교정시설 앞,202503,410,436
강서구,5078. 왈도강서캠퍼스 앞,202503,1013,1061
송파구,5751. 송파여성축구장,202503,342,323
영등포구,259. 대방역6번출구,202503,2552,2856
송파구,5752. 풍납백제문화공원 옆 인근,202503,2313,2376
송파구,5753. 호반써밋,202503,662,646
종로구,4718. 광화문역 6번출구 옆 A,202503,296,290
은평구,4684. 응암2동주민센터 버스정류장(영락중학교 방면),202503,365,63
강남구,4906. 섬유센터 앞,202503,1640,1652
강남구,4907. 극동스포츠 앞,202503,476,367
강남구,4905. 강남경찰서,202503,346,338
양천구,700. KB국민은행 염창역 지점 앞,202503,1150,1026
용산구,4636. 용산구꿈나무종합타운 앞,202503,767,836
용산구,4637. 용산시티파크 101동 앞,202503,381,377
용산구,4638. 청파동삼거리 앞,202503,553,652
용산구,4639. 동빙고근린공원,202503,554,659
강서구,5080. 가양역 1번출구,202503,2822,3243
강동구,3698. 명일역 3번출구 옆,202503,1156,1147
서초구,4332. 이수교차로,202503,1353,1412
강동구,3699. 상일파출소 옆,202503,947,977
구로구,3923. 구로공구상가 앞,202503,187,195
양천구,4541. 갈산문화예술센터,202503,1671,1754
양천구,701. 목동사거리 부근,202503,1429,1414
종로구,4719. 종로문화원 건너편,202503,420,430
도봉구,4086. 도봉로 534,202503,395,280
도봉구,4087. 우이교 교차로,202503,1416,1510
도봉구,4088. 김근태도서관,202503,232,125
강서구,5082. 가양역 7번출구,202503,3940,4657
은평구,4685. DMC역 5번 출구(수색역 방향),202503,1356,1345
강남구,4908. SB타워 앞,202503,247,258
노원구,5308. 상계신동아아파트,202503,126,83
강동구,3700. 강변그대가리버뷰 입구 맞은편,202503,1294,1452
성동구,4385. 용답동 우체국 주변,202503,1554,1565
마포구,129. 신촌역(2호선) 6번출구 옆,202503,521,502
양천구,702. 목4동주민센터 옆,202503,1991,1933
강서구,5084. 강서우체국,202503,1302,1044
노원구,5309. 월계 롯데캐슬아파트 뒤,202503,912,899
영등포구,5857. U레지던스 앞,202503,726,732
구로구,3924. 오류동 계림웨스트밸리 앞,202503,148,131
양천구,4540. 목동역 3번 출구,202503,3178,3537
동작구,4179. 보라매병원역 1번출구,202503,604,641
동작구,4180. 흑석동주민센터 입구,202503,214,233
서대문구,4271. 충정로역 1번 출구,202503,219,111
강남구,4909. 노보텔 앰배서더 앞,202503,303,122
강남구,4911. 도곡동 골프 로데오거리,202503,269,266
양천구,703. 오목교역 7번출구 앞,202503,3159,3394
노원구,5310. 목련아파트,202503,587,561
강남구,4913. 레베쌍트 빌딩 앞,202503,194,184
강남구,4914. 도심공항타워 앞,202503,996,998
서대문구,4272. 홍남교 사거리,202503,935,960
서대문구,4273. 홍연2교 사거리,202503,557,561
강남구,4915. 영동중앙교회 버스정류장,202503,217,216
노원구,5311. 주공601동 상가 노원지하보도 앞,202503,1950,1995
동작구,4181. 보라매공원역 2번출구,202503,1266,1267
강서구,5086. 가양테크노타운,202503,635,668
도봉구,4089. 동부센트레빌 앞,202503,1010,1115
양천구,704. 남부법원검찰청 교차로,202503,2115,2149
성동구,4386. 현대자동차 동부서비스센터 주변,202503,1231,1150
성동구,4387. 성수역 1번출구 주변,202503,1655,1766
노원구,5314. 월계1동주민센터 앞,202503,702,752
노원구,5313. 중계주공2단지 앞,202503,749,744
구로구,3925. 중앙유통단지 앞 B,202503,704,724
강서구,5088. 등촌역 센터스퀘어,202503,963,944
은평구,4686. 우물골 근린공원,202503,404,399
은평구,4687. 역촌센트레빌아파트 101동 앞,202503,389,148
강서구,5089. LG사이언스파크 E10동,202503,1613,1542
강서구,5087. 연세강서빌딩,202503,1876,1810
양천구,706. 신정네거리역,202503,952,875
마포구,5503. 마포아트센터 앞,202503,1172,1143
송파구,5756. 극동아파트,202503,889,863
송파구,5758. 올림픽선수기자촌아파트 123동 근처,202503,602,355
노원구,5315. 불암산역 앞,202503,256,222
용산구,4640. 원효로2가 교차로,202503,682,920
강서구,5090. 대상연구소,202503,836,950
용산구,4641. 아메리칸센터,202503,555,577
서대문구,4270. 우국한마음 아파트 맞은편,202503,1122,1129
서대문구,4274. 신촌 파랑고래 입구,202503,784,787
송파구,5759. 풍납근린공원,202503,763,742
영등포구,5858. 영등포역5번출구,202503,4456,5058
관악구,3819. 서울대벤처타운역,202503,722,705
서초구,4333. 서울고등학교 건너편,202503,216,211
강서구,5091. 보타닉파크타워2,202503,1305,1331
양천구,4542. 월정초 사거리,202503,633,716
강동구,4951. 강동농협 버스정류소 앞(광채빌라),202503,655,655
송파구,5760. 풍납사거리 성내유수지,202503,795,812
노원구,5318. 극동의 푸른별 아파트 뒤(중계4동주민센터 앞),202503,671,621
양천구,708. 서울출입국관리사무소 앞,202503,3740,3993
송파구,5763. 세륜초등학교 건너편,202503,230,174
송파구,5764. 한국체육대학교,202503,592,582
강북구,3720. 우이천 창번교,202503,565,576
송파구,5761. 버섯분수대,202503,900,911
강동구,3701. 방아삼거리,202503,177,178
동대문구,4128.  종암초등학교 뒤(새울센스빌),202503,600,557
서초구,4334. 인재개발원 데이터센터,202503,69,19
성북구,4421. 롯데캐슬클라시아 입구 앞,202503,108,93
용산구,4642. 용산더프라임아파트 101동 앞,202503,312,287
양천구,709. 신정3동 현장민원실 앞,202503,581,555
영등포구,5859. 여의도 삼부아파트,202503,2114,2113
중구,6053. 중부세무서 앞,202503,166,157
송파구,5765. 삼전동주민센터 건너편,202503,1749,1972
양천구,4543. 오목교역 6번 출구,202503,3399,3827
강남구,4916. 청담역 1번출구,202503,209,159
동대문구,4131. 베네스트 오피스텔 앞,202503,714,628
관악구,3820. 은천삼거리,202503,305,261
노원구,5317. 공릉동 신도1차 아파트 뒤,202503,895,1046
중랑구,4841. 중화수경공원,202503,1285,1395
은평구,4689. 은평서해그랑블아파트앞,202503,570,385
양천구,710. 금옥여고보도육교,202503,438,428
영등포구,5861. 보라주유소 앞,202503,648,619
영등포구,5860. 어울림병원 앞,202503,970,1141
도봉구,4091. 방학역2번출구,202503,1098,1138
동대문구,4132. 이문삼익아파트 앞,202503,210,198
노원구,5319. 연해피빌 앞,202503,1036,1100
도봉구,4090. 녹천교 앞 사거리,202503,1038,962
도봉구,4092. 도봉경찰서 교차로,202503,1094,1210
강남구,4919. 학여울역사거리(은마아파트),202503,195,196
강남구,4917. 일원에코파크 주차장,202503,943,993
양천구,711. 신일해피트리아파트 앞,202503,891,265
서초구,4336. 서울교육청 교육연수원 앞,202503,92,30
서초구,4337. 우면산등산로 입구,202503,100,9
구로구,3927. 구로월드아파트 앞,202503,1401,1566
강북구,3724. 삼양동주민센터 앞,202503,264,241
강남구,4918. 매봉역 1번출구,202503,535,548
영등포구,5862. 당산역11번출구,202503,3670,3735
광진구,3890. 웰츠타워 오피스텔,202503,1821,1788
구로구,3930. 온수역 2번 출구 앞,202503,519,517
양천구,712. 강월초교입구 사거리,202503,530,847
송파구,5766. 북위례1,202503,242,136
송파구,5767. 북위례2,202503,207,174
노원구,5320. 국제 스케이트장,202503,71,60
강북구,3725. 강북 청소년 문화정보도서관 앞,202503,348,358
구로구,3929. 고척아이파크아파트 205동 앞,202503,957,916
구로구,3928.고척아이파크아파트 106동 앞,202503,1037,1062
금천구,3986.청년주택 독산동점,202503,616,587
도봉구,4094.도봉여성센터,202503,328,336
동대문구,4133.래미안허브리츠아파트 앞,202503,725,723
관악구,"3822.신림4,5동교",202503,423,422
마포구,130. 신촌역(2호선) 7번출구 앞,202503,1695,1666
양천구,713. 양서중학교 옆,202503,651,573
영등포구,5864.장훈고 앞,202503,704,770
은평구,4690.은평뉴타운폭포동 힐스테이트4단지,202503,76,60
서대문구,4275.농협생명본사빌딩 서관,202503,566,555
성북구,4423.현대백화점 미아점,202503,559,556
영등포구,5865.더리브오피스텔 앞,202503,1559,1374
성동구,4389. 서울숲역3번출구,202503,319,316
동대문구,4134. 제기동 현대아파트 앞,202503,351,308
강남구,4923.수협대치동지점,202503,634,644
강남구,4924.논현동가구거리,202503,258,236
강동구,4952.천호시장 버스정류소 옆,202503,994,987
양천구,714. 한국SGI 양천문화회관 앞,202503,693,568
중구,6054.청구e편한세상아파트 113동 앞,202503,1129,1119
노원구,5321.불암아파트 앞,202503,643,653
영등포구,5866.포레나 당산,202503,2920,2855
마포구,5504.아현교회,202503,302,37
송파구,5768.방이삼거리,202503,4184,4722
양천구,4544.경창시장,202503,629,1080
서초구,4338.새정이마을버스정류장 앞,202503,29,13
노원구,5322.노원성당 앞,202503,461,505
금천구,3987. LG전자가산A와 가산테라타워 사이,202503,956,913
용산구,800. 목월공원 앞,202503,836,755
서초구,4340. 방배래미안아트힐아파트 앞,202503,289,76
서초구,4341. 영동1교 북단,202503,642,685
구로구,3932. 개봉센트레빌레우스아파트 앞,202503,165,140
구로구,3931. 천왕역 3번 출구 뒤,202503,796,520
양천구,4545. 청소년음악센터,202503,711,651
구로구,3934. 철도교통관제센터 정문 앞,202503,1555,1546
강서구,5095. 원당근린공원,202503,2350,2371
양천구,4546. 목동운동장 주경기장,202503,409,429
성동구,4390. 신답역 1번출구,202503,377,354
송파구,5774. 가락본동주민센터 인근,202503,1128,1129
송파구,5773. 송파시그니처롯데캐슬,202503,279,328
중랑구,4842. 면목라온프라이빗 아파트,202503,556,665
강북구,3726.삼양동사거리,202503,335,336
영등포구,5867. H타워 앞,202503,2849,2642
금천구,3988. 엘아르베뉴 102동 앞,202503,875,862
구로구,3933. 오류동부골든아파트 후문 옆,202503,406,50
영등포구,5868. 로프트시티오피스텔,202503,1918,1949
영등포구,5870. LG트윈타워 앞,202503,3188,2990
용산구,802. 한강진역 2번 출구 앞,202503,103,69
강남구,4926. 대치우성아파트 사거리,202503,888,884
영등포구,5869. 영등포아트홀 앞,202503,1044,1083
송파구,5775. 가락시장역 5번출구,202503,717,768
강남구,4925. 청담백영빌딩 앞,202503,236,231
마포구,5506. 월드컵참누리아파트,202503,863,922
강남구,4928. 교수마을 입구,202503,289,268
송파구,5777. 호반써밋12단지,202503,525,486
강동구,4953. 세양청마루아파트 앞,202503,1182,1192
용산구,4643. 한가람아파트 앞,202503,794,855
영등포구,5871. 건영상가 앞,202503,512,500
강서구,5096. LG사이언스파크 E14동,202503,3149,4062
구로구,3935. 고대구로병원 앞,202503,935,899
중랑구,4843. 봉화산역 4번 출구,202503,888,1005
강남구,4929. 파스쿠찌 청담사거리점 앞,202503,340,420
중구,6055. 한국경제,202503,386,383
노원구,5323. 하계역 4번출구 앞,202503,1363,1365
서초구,4343. 헌인릉 입구,202503,15,14
동대문구,4135. 삼성생명 앞,202503,2040,2066
강서구,5097. LG사이언스파크 E2동,202503,976,962
용산구,805. 문배어린이공원 앞,202503,744,778
강서구,5099. LG사이언스파크 E7동,202503,1461,1573
강서구,5098. LG사이언스파크 W4동,202503,831,831
노원구,5326. 대진고교앞 교차로,202503,1178,1176
강서구,5100. 강서도로사업소,202503,310,308
성북구,4425. 하늘채코오롱아파트 앞,202503,906,949
성동구,4393. 상원삼거리 장안철교 아래,202503,998,962
노원구,5325.상계주공7단지 아파트 앞,202503,897,707
성동구,4392. 답십리역 6번출구,202503,1024,1171
강남구,4930. 학여울역 1번출구,202503,393,273
도봉구,4095. 방학브라운스톤아파트,202503,624,625
용산구,806. 전자랜드 본관 앞,202503,829,792
노원구,5327. 태릉선수촌 앞,202503,46,29
마포구,5507. 아현래미안푸르지오아파트 104동 앞,202503,288,67
마포구,5508. 성산유수지공원,202503,1080,1123
송파구,5778. 북위례3,202503,401,203
노원구,5328.롯데캐슬시그니처아파트 앞,202503,688,580
중랑구,4845. 신내역금강펜테리움센트럴파크,202503,145,109
강서구,6171. 월드빌딩 앞,202503,1017,919
성동구,4394.서울시립24시간게스트하우스,202503,603,663
노원구,5329. 상계주공15단지 1509동 앞,202503,725,698
은평구,4693. 수색감리교회,202503,1406,1494
용산구,807. 서울역 12번 출구 앞,202503,791,781
노원구,5330. 구립수락노인종합복지관,202503,596,613
강서구,6172. 가양5단지아파트,202503,333,298
노원구,5331. 공릉동 풍림아파트 112동 앞,202503,171,172
영등포구,5872. 서경팰리스 앞,202503,682,687
강서구,6173. 서울자동차운전전문학원,202503,274,246
송파구,5779. 나래교,202503,245,237
동대문구,4136. 롯데캐슬SKY-L65 D동 앞,202503,1438,1596
노원구,5332. 마들역 4번출구,202503,746,746
노원구,5333. 노원역9번-10번 출구 앞,202503,1887,2104
노원구,5335. 하계역 1번 출구,202503,701,670
용산구,808. 서빙고동 금호맨션 앞,202503,357,355
노원구,5334. 화랑대역 3번출구,202503,208,203
중구,6057. 을지로5가(방산시장),202503,541,514
노원구,5336. 월계 고등학교 앞,202503,236,184
노원구,5337. 태강릉 앞,202503,77,85
강남구,4932. 개포래미안포레스트 130동 맞은편,202503,333,308
송파구,5780. 송파세무서,202503,166,165
강남구,4933. 디에이치퍼스티어아이파크 159동 앞,202503,157,163
중구,6058. 서울도시건축전시관 옆,202503,1563,1570
서초구,4344. 양재대로(구룡지하차도 앞),202503,286,239
노원구,5339. 은빛1단지 아파트 앞,202503,122,77
서대문구,131. 증산2교,202503,1574,1748
용산구,809. 한남 유수지 복개주차장,202503,746,756
송파구,5781. 올림픽공원 수영장,202503,2904,3094
노원구,5338. 상계초교 입구 교차로,202503,868,960
강남구,4935. 도곡삼성래미안,202503,366,363
구로구,3936. 힐스테이트 신도림역,202503,1816,1722
양천구,4547. 목동역 2번 출구,202503,2502,2531
중구,6059. 덕수중학교,202503,531,512
구로구,3937. 개봉역 신영지웰에스테이트,202503,106,107
강남구,4931. 디에이치퍼스티어아이파크 124동 앞,202503,597,487
광진구,3894. 노룬산시장 앞,202503,1141,1185
용산구,810. 이태원지하보도,202503,513,467
서초구,4345. 반포역 4번출구,202503,371,398
구로구,3939.신도림역 3번출구,202503,3356,3908
강동구,4954. 신명초등학교 건너편,202503,305,242
영등포구,5876. 에이스하이테크시티 4동 앞,202503,695,768
영등포구,5877. 문래동 꽃밭정원,202503,666,706
영등포구,5878. 우리은행 앞,202503,1845,1837
동대문구,4137. 답십리역 4번출구,202503,2372,2616
동대문구,4138. 조일빌딩 앞,202503,562,566
영등포구,5879. 국회도서관 2문 앞,202503,209,170
영등포구,5880. 국회박물관,202503,130,86
용산구,811. 녹사평역1번출구,202503,456,156
성동구,4396. 마장축산물시장 서문 인근,202503,370,400
성동구,4397. 마장축산물시장 북문 건너편,202503,824,865
영등포구,5881. 세계청소년NGO교육문화원,202503,1583,1597
영등포구,5882. 휴젠느,202503,2470,2478
강서구,6177. 마곡롯데캐슬르웨스트,202503,2144,2077
성동구,4398. 유원지식산업센터 앞,202503,1249,1234
성동구,4399. 더리브 세종타워 앞,202503,1318,1298
강서구,6176. 유광사 여성병원 앞,202503,619,616
동대문구,4139. 답십리 사거리,202503,730,818
강동구,4957. 신명초교 교차로,202503,935,806
영등포구,5883. 영문초사거리,202503,2162,2261
영등포구,5884. GS강서타워,202503,1682,1695
서초구,4347. 논현지하보도,202503,774,741
동대문구,4140. 신설동역 4번출구,202503,1221,1231
동대문구,4141. 우리은행장안지점 앞,202503,1582,1654
강동구,4958. 고덕래미안힐스테이트 아파트 211동,202503,382,177
강동구,4959. 암사역사공원역 3번출구,202503,210,277
강서구,6178. 마스터밸류에이스 지식산업센터,202503,586,572
노원구,5342. 상계공원 입구,202503,525,575
광진구,3898. 올림픽대교 북단,202503,1361,1407
용산구,813. 삼각지역 3번출구,202503,714,832
광진구,3899. 아차산역 2번출구,202503,941,926
영등포구,5885. 신정교하부(도림천역 방면),202503,958,677
중구,6060. 신한은행 본점,202503,873,856
송파구,5782. 오금현대 아파트 상가입구 앞,202503,563,562
성북구,4427. 동일하이빌뉴시티,202503,652,650
중랑구,4846. 상봉동양엔파트 앞,202503,691,678
중랑구,4847. 신내역시티프라디움 앞,202503,580,545
서대문구,4277. 서대문우체국 정류소 옆,202503,231,213
강남구,4936. SK텔레콤(T1) 인근,202503,101,78
서대문구,4278. 홍은2동주민센터,202503,286,281
용산구,815. LIG강촌아파트 103동앞,202503,901,927
서초구,4348. 사당역 1번출구,202503,66,187
광진구,3900. 건국대학교 신공학관,202503,1377,1634
강동구,4956. 암사역사공원역 1번출구,202503,625,975
동대문구,4142. 현대썬앤빌 앞,202503,1881,2186
종로구,4721. 통인시장 정자,202503,1184,1207
마포구,5513. 마포음식문화거리,202503,1119,1296
동대문구,4143.서울동물복지지원센터 동대문,202503,70,69
종로구,385. 종각역 5번출구,202503,1261,1293
중구,387. 훈련원공원주차장 앞,202503,812,774
마포구,181. 망원초록길 입구,202503,998,945
마포구,182. 망원2빗물펌프장 앞,202503,1069,1015
마포구,183. 하늘채코오롱아파트 건너편,202503,2291,2243
마포구,184. 7번가피자 서교망원점,202503,2087,2376
마포구,185. 마포 신수공원 앞,202503,831,667
마포구,186. 월드컵공원,202503,2277,2228
서대문구,177. 북가좌 초등학교,202503,591,680
서대문구,188. 홍은동 정원여중 입구,202503,612,617
서대문구,191. 서우빌딩,202503,802,958
서대문구,192. 연서어린이공원,202503,386,375
서대문구,178. 증산3교 앞,202503,1061,1059
서대문구,133. 해담는다리,202503,1525,1664
서대문구,194. 증산교 앞,202503,1502,1506
서대문구,195. 모래내고가차도 ,202503,637,607
서대문구,196. 연희교차로 인근,202503,345,277
서대문구,198. 충정2교,202503,323,301
성동구,556. 달맞이공원,202503,1085,1311
성동구,557. 도선동 주민센터 앞,202503,1193,1322
성동구,558. 성동광진 교육지원청 앞,202503,1243,1165
서대문구,134. 연세로 명물길,202503,491,536
성동구,559. 왕십리역 4번 출구 건너편,202503,1731,1796
성동구,560. 비전교회 앞,202503,2131,2106
성동구,561. 서울숲역 2번출구 앞,202503,1586,1635
성동구,563. 성동세무서 건너편,202503,1622,1855
성동구,564. 금호역 3번출구,202503,148,99
성동구,565. 옥수역 3번출구,202503,1634,1768
성동구,568. 청계8가 사거리 B,202503,1970,2060
서대문구,135. 명물길 원형무대 앞,202503,417,463
성동구,569. 응봉현대아파트 정류소,202503,260,228
성동구,578. 성동세무서 부근,202503,1534,1553
성동구,579. 마장역 4번출구,202503,859,888
성동구,582. 경일중학교 앞,202503,1552,1572
성동구,583. 청계천 생태교실 앞,202503,3733,4023
광진구,551. 구의삼성쉐르빌 앞,202503,2215,2319
광진구,552. 대림아크로리버 앞,202503,899,972
광진구,553. 중곡 성원아파트 앞,202503,926,925
광진구,555. 구의3동주민센터,202503,359,356
광진구,571. 세종대학교 대양AI센터,202503,1731,1738
광진구,573. 구의문주차장 앞,202503,1948,1939
광진구,574. 아차산역4번출구,202503,1901,1027
광진구,575. 대원중고교 입구(대하빌딩),202503,461,340
광진구,576. 광나루역 3번 출구,202503,1820,1853
광진구,577. 광진청소년수련관,202503,1534,1587
동대문구,621. 전농초등학교 건너편,202503,471,336
서대문구,137. 신촌기차역입구 교차로,202503,509,312
동대문구,622. 전농사거리 교통섬,202503,955,1078
동대문구,623. 서울시립대 정문 앞 B,202503,1511,973
동대문구,624. 전농동 동아아파트 앞,202503,1313,1385
동대문구,626. 군자교 서측 녹지대,202503,1758,1655
동대문구,627. 장안동삼거리 교통섬,202503,1034,1039
동대문구,628. 휘봉고등학교 앞,202503,725,713
동대문구,630. 동대문구 보건소,202503,1927,1930
동대문구,631. 답십리역 1번출구,202503,2537,2716
마포구,102. 망원역 1번출구 앞,202503,2493,2807
서대문구,138. 신촌동 제1공영주차장 앞,202503,480,473
동대문구,633. 청량리 기업은행 앞,202503,2138,2378
동대문구,634. 외국어대 정문 앞,202503,1912,1971
동대문구,635. 시조사 앞,202503,1205,1223
동대문구,636. 세종대왕기념관 교차로,202503,351,400
동대문구,637. KAIST 경영대학 앞,202503,1016,783
동대문구,638. 서울시립대 정보기술관,202503,606,532
동대문구,639. 서울시립대 후문,202503,521,428
동대문구,640. 동대문경찰서 교차로,202503,900,1039
동대문구,641. 용두역 4번출구,202503,1988,2149
동대문구,642. 신답역 사거리,202503,1606,1587
서대문구,140. 이화여대 후문,202503,637,655
동대문구,643. 동대문구민체육센터 (육교아래),202503,1840,2035
영등포구,230. 영등포구청역 1번출구,202503,6534,6534
영등포구,260. 여의도 마리나선착장 앞,202503,541,442
영등포구,263. 근로자회관 사거리,202503,3110,3125
영등포구,264. 교보생명보험 앞,202503,1563,1344
영등포구,265. 영등포유통상가 사거리,202503,1551,1436
서대문구,141. 연대 대운동장 옆,202503,510,339
영등포구,266. 영등포청과시장 사거리,202503,1561,1526
영등포구,267. 삼성화재 사옥 옆,202503,1819,1750
영등포구,268. 그랜드컨벤션센터 앞,202503,1957,2007
영등포구,270. 증권거래소후문교차로,202503,1139,1111
영등포구,271. 샛강생태공원방문자센터 앞,202503,645,434
영등포구,272. 당산육갑문,202503,4428,4879
양천구,716.신정6동 주민센터 인근,202503,1490,1382
서대문구,139. 연세대 정문 건너편,202503,298,247
양천구,719. 홍익병원앞 교차로,202503,1065,1117
양천구,720. 서울강월초등학교 앞,202503,620,296
용산구,816. 신용산역 6번출구 앞,202503,1444,1582
용산구,817. 삼각지역 4번출구 앞,202503,608,587
용산구,818. 숙명여대 입구 교차로,202503,1048,1125
용산구,819. 선린인터넷 고등학교,202503,1289,1324
용산구,820. 청파동입구 교차로,202503,646,627
용산구,822. 이촌1동 마을공원,202503,376,355
용산구,823. 효창동주민센터 앞,202503,283,212
용산구,825. 서빙고동 주민센터 앞,202503,1687,1960
마포구,199. 서울 월드컵 경기장,202503,716,450
종로구,388. 동성중학교 앞,202503,454,450
광진구,584. 광진광장 교통섬,202503,2811,2291
성동구,585. 성수2가1동 공영주차장 인근,202503,3685,3797
성동구,586. 마장동 주민센터,202503,685,729
은평구,900. 은평예술회관,202503,411,425
영등포구,200. 국회의원회관,202503,167,112
은평구,902. 진관동 은빛초등학교,202503,307,305
은평구,903. 은평뉴타운 아이파크,202503,561,585
은평구,904. 은평뉴타운 푸르지오,202503,437,516
은평구,905. 구파발역 2번출구,202503,1558,1679
은평구,906. 연신내역 5번출구,202503,2056,2256
은평구,907. CJ 드림시티,202503,2673,3210
은평구,908. 구산역 4번출구,202503,960,958
은평구,909. 백련산 힐스테이트 3차,202503,541,169
은평구,911. 은평평화공원(역촌역4번출구),202503,1476,1452
영등포구,201. 진미파라곤 앞,202503,1296,1282
은평구,912. 응암오거리,202503,1837,2014
은평구,913. 이마트 버스정류장(서부경찰서 방면),202503,1533,1537
은평구,914. 새절역 2번출구,202503,2094,2322
은평구,915. 증산역 4번출구,202503,1037,1159
은평구,916. 평생학습관 앞,202503,951,990
은평구,917. 녹번역 3번출구,202503,1205,1188
은평구,919. 서울혁신파크,202503,461,463
은평구,921. 신도고등학교,202503,107,85
영등포구,202. 국민일보 앞,202503,3631,3678
은평구,922. 연신내역 4번출구,202503,412,417
은평구,923. 국민은행 연서지점,202503,301,303
은평구,925. 불광역 2번출구,202503,542,537
은평구,927. 연신내역 3번출구 인근,202503,317,323
은평구,928. 은평역사한옥박물관,202503,219,166
은평구,930. 구 서부경찰서 건너편,202503,772,813
은평구,931. 역촌파출소,202503,2583,2872
은평구,932. 예일여중,202503,925,966
은평구,933. 역촌종합시장 버스정류장(예일여고 방면),202503,1400,1495
성동구,587. 유니베라 앞,202503,1462,1457
광진구,588. 뚝섬 유원지역,202503,1775,1795
강동구,1001. 광진교 남단 사거리(천호공원 방면),202503,1296,1396
강동구,1002. 해공공원(천호동),202503,1587,1717
강동구,1003. 해공도서관앞,202503,956,962
강동구,1004. 삼성광나루아파트 버스정류장,202503,1128,1476
강동구,1006. 롯데캐슬 115동앞,202503,177,177
강동구,1007.암사동 선사유적지,202503,120,114
강동구,1008. 암사역 3번출구(국민은행앞),202503,2507,2926
강동구,1009. 천호역4번출구(현대백화점),202503,4198,4186
강동구,1010. 강동세무서,202503,2697,2707
강동구,1011. LIGA 아파트 앞,202503,2768,2774
강동구,1012. 천호역효성해링턴타워 앞,202503,2274,2291
강동구,1013. 강동구청역 1번 출입구,202503,2216,2227
강동구,1015. 샛마을 근린공원,202503,608,616
마포구,103. 망원역 2번출구 앞,202503,2073,2450
영등포구,204. 국회의사당역 5번출구 옆,202503,1118,1092
강동구,1016. 해뜨는 주유소옆 리엔파크 109동앞,202503,648,670
강동구,1017. 둔촌고교입구 교차로(길동주민센터 방면),202503,1461,1461
강동구,1019. 다성이즈빌아파트(호원대 대각선 맞은편),202503,3870,4033
강동구,1020. 강동경찰서,202503,3492,3504
강동구,1021. 강일동 리슈빌 빌딩앞,202503,1153,1407
강동구,1022. 길동 사거리(초소앞),202503,1572,1647
성동구,589. 성수역3번출구,202503,2647,2661
강서구,1101. 상사마을 버스정류장(아라대교방면),202503,115,149
강서구,1102. 방화사거리 마을버스 버스정류장,202503,2253,2339
강서구,1105. 방화근린공원,202503,313,281
영등포구,203. 국회의사당역 3번출구 옆,202503,1637,1649
강서구,1108. 공항시장역 2번출구 뒤,202503,1054,1078
강서구,1109. 공항시장역 4번출구,202503,629,630
강서구,1111. 마곡엠밸리6_7단지 마곡중학교,202503,2028,1900
강서구,1112. 마곡엠밸리4단지 정문,202503,4023,3990
강서구,1113. 서남환경공원 버스정류장,202503,2681,2404
강서구,1118. 증미역 3번출구뒤(등촌두산위브센티움오피스텔),202503,2118,2260
강서구,1119. 염창동 한마음아파트 앞,202503,1119,1146
강서구,1120. 대림경동아파트앞,202503,1814,1623
강서구,1121. 가양레포츠센터 앞,202503,1246,1274
영등포구,205. 산업은행 앞,202503,1866,1886
강서구,1122. 황금내근린공원,202503,1526,1630
강서구,1124. 발산역 6번 출구 뒤,202503,5469,5491
강서구,1126. 우장산역 1번출구옆(우장산아이파크105동앞),202503,1907,1382
강서구,1127. 화곡역 버스정류장,202503,893,896
강서구,1129. 화곡역 1번 출구 앞,202503,1224,1225
강서구,1130. 화곡본동시장 버스정류장,202503,428,400
강서구,1132. 등촌역 7번출구,202503,1653,1855
영등포구,206. KBS 앞,202503,2417,2379
강서구,1135. 강서구의회,202503,1955,1654
강서구,1136. 등촌2파출소,202503,603,277
강서구,1137. 등촌2동주민센터,202503,389,187
강서구,1139. 용문사 버스정류장,202503,721,463
강서구,1140. 목동사거리 버스정류장,202503,2174,2145
강서구,1141. 곰달래 문화복지센터 A,202503,1403,1525
강서구,1145. 곰달래 문화복지센터 B,202503,730,836
강서구,1148. 볏골공원,202503,968,904
송파구,1205. 종합운동장역 4번출구,202503,1476,1253
송파구,1206. 9호선종합운동장역 9번출구,202503,1081,1052
송파구,1208. 풍납현대아파트쉼터,202503,2175,2147
송파구,1209. 잠실나루역 (2번 출구 쪽),202503,2913,2837
송파구,1213. 백토공원 앞,202503,293,272
송파구,1215. 올림픽공원역 1번출구 앞,202503,1622,1613
송파구,1217. 송파파인타운 7단지,202503,640,617
송파구,1220. 잠실근린공원,202503,2304,2555
송파구,1222. 잠실새내역 5번 출구 뒤,202503,3369,3672
송파구,1224. 아시아지하보도 2번 출구,202503,1582,1579
송파구,1229. 송파체육문화회관 앞,202503,1020,1008
영등포구,209. 유진투자증권빌딩 앞,202503,3654,4060
송파구,1232. 잠실주공 521동 건너편,202503,2596,2579
송파구,1233. 잠실3거리(갤러리아팰리스),202503,989,949
송파구,1235. 잠실트리지움310동 옆,202503,1930,2123
서대문구,176. 명지대학교 도서관,202503,1625,1621
중랑구,1401. 극동늘푸른아파트,202503,1350,1452
성북구,1314. 정릉꿈에그린1단지 201동 앞,202503,156,155
성북구,1315. 고려사대부속중고 정문,202503,120,99
중랑구,1402. 금란주차장 앞,202503,650,716
성북구,1316. 고려사대부속중고 건너편 ,202503,210,208
성북구,1318. 길음역 3번출구 뒤,202503,1036,1063
성북구,1319. 종암박스파크,202503,712,698
성북구,1322. 래미안라센트아파트 103동 앞,202503,945,1016
중랑구,1403. 중화빌딩 앞 (동부시장),202503,1039,1106
중랑구,1405. 망우역 1번출구,202503,628,644
중랑구,1408. 먹골역 6번출구 앞,202503,856,969
성북구,1325. 상월곡역 4번출구,202503,468,336
성북구,1326. 상월곡역 1번출구,202503,719,632
중랑구,1410. 면목 대원칸타빌아파트,202503,193,68
성북구,1327. 상월곡역 3번출구,202503,866,897
성북구,1333. 석관초등학교 앞,202503,1109,1134
성북구,1334. 석관동주민센터 앞,202503,1240,1224
중랑구,1418. 새솔초등학교,202503,140,41
중랑구,1441. 신내능말공원,202503,343,194
중랑구,1420. 신내어울공원 앞,202503,604,587
중랑구,1421. 신내역 4번출구,202503,435,422
중랑구,1422. 신내우디안아파트 1단지,202503,165,46
중랑구,1424. 양원역 2번출구,202503,208,164
중랑구,1425. 신성미소지움아파트,202503,645,374
영등포구,213. KT앞,202503,2424,2143
중랑구,1426. 면목도시개발아파트 1동 앞,202503,433,79
중랑구,1435. 능산삼거리,202503,254,249
중랑구,1436. 동원베네스트 건물 앞,202503,338,209
중랑구,1437. 늘푸른공원 앞,202503,604,681
중랑구,1438. 홈플러스 신내점 앞,202503,1673,1866
중랑구,1404. 동일로 지하차도,202503,1161,1147
마포구,104. 합정역 1번출구 앞,202503,1342,1134
영등포구,214. 금융감독원 앞,202503,1275,1227
노원구,1601. 석계역 문화광장 내 자전거 보관소,202503,3938,4213
노원구,1606. 태릉입구역 3번출구 ,202503,1344,1389
노원구,1610. 화랑대역 2번출구 앞,202503,2053,2282
노원구,1611. 과기대 입구(우),202503,2477,2731
노원구,1616. 하계2동 공항버스정류장 옆,202503,661,649
노원구,1617. 하계동 중평어린이공원 앞,202503,1594,1723
노원구,1634. 당고개공원 대여소,202503,444,427
노원구,"1635. 상계3,4동 주민센터 대여소",202503,243,193
노원구,1636. 상계주공2단지 버스정류장 옆,202503,1721,1641
노원구,1637. KT 전화국 버스정류장 옆,202503,3037,3191
노원구,1639. 희성오피앙,202503,647,614
도봉구,1702. 녹천역 1번출구 앞,202503,495,567
도봉구,1705. 도봉구청 정문앞,202503,1056,1124
도봉구,1707. 도봉구민회관,202503,1071,917
도봉구,1709. 쌍문역4번출구 주변,202503,936,900
금천구,1804. 독산역 2번출구 자전거주차장,202503,1312,1309
영등포구,219. 롯데캐슬엠파이어 옆,202503,2176,2168
금천구,1805. 서울디지털운동장 앞,202503,940,941
금천구,1806. 에이스하이엔드타워9차 앞,202503,784,822
금천구,1808. 에이스하이엔드타워8차 앞,202503,806,804
금천구,1809. LG전자 별관동(호서대 벤처타워 맞은편),202503,1010,1174
금천구,1812. 갑을그레이트밸리 앞,202503,497,570
금천구,1814. 두산위브아파트 옆 상가건물 앞,202503,760,765
금천구,1820. 신한은행 시흥대로금융센터지점,202503,140,158
금천구,1821. 홈플러스 시흥점 맞은편 다비치안경 앞,202503,537,620
영등포구,220. 미성아파트 A동 앞,202503,1273,1169
금천구,1822. 서울 시흥동우체국 앞,202503,428,471
금천구,1823. 상신정비공업 앞,202503,256,106
금천구,1824. 독산근린공원 입구,202503,1428,1512
금천구,1825. 한신아파트 앞 육교 아래,202503,464,478
금천구,1826. 한신코아 앞,202503,309,320
금천구,1828. 한양수자인아파트 앞,202503,795,411
금천구,1829. 홈플러스 금천점 앞,202503,788,802
금천구,1830. 빅마켓 금천점 앞,202503,1392,1400
금천구,1831. 한국전력 구로금천지사 앞,202503,474,453
금천구,1833. 독산역 1번출구 A,202503,770,824
영등포구,215. 여의도고교 앞,202503,1360,1395
금천구,1834. 월드메르디앙 벤처센터 2차,202503,1077,1150
금천구,1835. STX V타워,202503,420,421
금천구,1819. 금천구청 앞 자전거거치대,202503,348,341
강북구,1503. 강북구청사거리(수유역 8번출구),202503,1632,1865
강북구,1504. 삼양시장오거리,202503,220,220
강북구,1506. 강북문화예술회관,202503,967,903
강북구,1514. 강북구청 사거리 버스정류소 앞,202503,802,813
강북구,1525. 미아동 복합청사,202503,276,258
강북구,1515. 송천동 주민센터,202503,330,330
강북구,1520. 수유중앙시장,202503,1053,1155
강북구,1519. 장미원시장 건너편,202503,443,416
강북구,1516. 우이동길마을마당,202503,455,394
강북구,1518. 수유2동은행빌딩 앞,202503,558,554
성북구,1321. 국민은행 종암동지점 앞,202503,1510,1679
도봉구,1703. 도봉산광역환승센터앞 ,202503,271,210
도봉구,1708. 도봉보건소사거리,202503,1208,1249
영등포구,217. NH농협은행 앞,202503,3318,3363
금천구,1827. 독산보도육교 앞 자전거 보관소,202503,1598,1664
금천구,1836. 금천구립 독산도서관,202503,159,63
구로구,1901. 신도림동주민센터 앞,202503,1767,1768
구로구,1904. 도림천역 1번 출구 앞,202503,1789,1723
구로구,1906. 신도림역 1번 출구 앞,202503,4817,4913
구로구,1907. 구일우성(아) 육교 밑,202503,1330,1335
구로구,1908. 해원리바파크 육교 밑,202503,2208,2186
구로구,1910. 낙원교회 맞은편,202503,419,338
구로구,1911. 구로디지털단지역 앞,202503,4737,4849
구로구,1912. 한신휴아파트 앞,202503,1897,1861
영등포구,221. 여의도초교 앞,202503,1320,1305
구로구,1916. 구로중학교앞,202503,889,910
구로구,1920. 서울미래초등학교 사거리,202503,1011,899
구로구,1924. 삼부르네상스파크빌,202503,1053,454
구로구,1928. 고척스카이돔구장 광장,202503,1167,1163
구로구,1929. 고척근린공원 고척도서관 앞,202503,999,798
구로구,1930. 개봉지구대 개봉치안센터,202503,718,715
구로구,1933. 개봉푸르지오아파트 상가,202503,1400,1638
구로구,1937. 한진아파트 입구,202503,777,771
영등포구,222. 시범아파트버스정류장 옆,202503,1718,1717
동작구,2002. 노들역 1번출구,202503,2443,2692
동작구,2007. 유한양행앞,202503,725,772
동작구,2008. 노량진근린공원 대방공원,202503,377,239
동작구,2013. 장승배기역 5번출구,202503,866,727
동작구,2016. 신대방삼거리역 3번출구쪽,202503,845,855
영등포구,223. 진주아파트상가 앞,202503,1037,952
동작구,2020. 장승배기역2번출구뒷편쪽,202503,370,369
동작구,2024. 상도역 1번출구,202503,380,286
동작구,2025. 흑석역 1번출구,202503,1965,2326
동작구,2027. 중앙대학교 정문 1,202503,481,564
동작구,2036. 정금마을 마을버스정류장,202503,561,670
동작구,2037. 동작역 5번출구 동작주차공원,202503,731,680
동작구,2038. 동작역 7번출구,202503,263,252
동작구,2040. 비계 버스정류소,202503,176,109
동작구,2050. 노량진역 5번출구,202503,1847,2160
마포구,105. 합정역 5번출구 앞,202503,816,565
영등포구,224. 롯데캐슬 앞,202503,1967,1982
동작구,2054. 삼익아파트,202503,854,833
동작구,2057. 상도 아이파크 아파트,202503,340,151
관악구,2102. 봉림교 교통섬,202503,4458,4539
관악구,2103. 신림동 우방아파트,202503,963,944
관악구,2105. 미성동 신림체육센터,202503,841,863
관악구,2106. 세이브마트,202503,1093,1402
관악구,2127. 난곡종점,202503,378,213
관악구,2144. 난우길입구,202503,355,321
영등포구,225. 앙카라공원 앞,202503,1508,1380
관악구,2104. 사당역 5번출구,202503,1038,1180
관악구,2108. 은천치안센터,202503,948,990
관악구,2112. 서울대입구역 마에스트로,202503,543,586
관악구,2116. 에이스에이존빌딩,202503,521,530
관악구,2122. 낙성대로 입구,202503,490,456
영등포구,226. 샛강역 1번출구 앞,202503,2175,1907
관악구,2128. 관악구청교차로,202503,386,384
관악구,2129. 낙성대 과학전시관,202503,316,152
관악구,2130. 영어마을 관악캠프,202503,139,56
관악구,2137. KT&G 관악지점,202503,414,403
관악구,2140. 신림1교 교차로,202503,1663,1759
관악구,2145. 은천초등학교 육교,202503,460,434
동작구,2009. 보라매역 8번출구,202503,673,652
동작구,2012. 대림사거리(동작상떼빌아파트),202503,696,721
동작구,2015. 신대방삼거리역 6번출구쪽,202503,1418,1426
동작구,2033. 사당동 아르테스 웨딩앞,202503,827,912
영등포구,207. 여의나루역 1번출구 앞,202503,5539,5355
동작구,2041. 사당중학교 버스정류소,202503,126,93
동작구,2048. 삼일초등학교 인근,202503,326,206
동작구,2056. 동작구민 체육센터,202503,836,827
노원구,1608. 공릉역 1번 출구 앞,202503,3186,3371
노원구,1619. 중계동 하나프라자빌딩 앞(중1-1),202503,1636,1630
송파구,1203. 밀리아나2빌딩 앞,202503,999,1003
송파구,1207. 마천중앙시장,202503,552,581
송파구,1214. 오금역 7번 출구 인근,202503,716,662
서초구,2202.청계산입구역 1번출구,202503,1176,1165
서초구,2205. 내곡3단지 어린이공원 앞,202503,460,433
서초구,2206. 언남초등학교 앞,202503,902,863
서초구,2210. 반포1동 주민센터 앞,202503,263,183
서초구,2212.서초현대4차아파트 201동 맞은편,202503,676,681
서초구,2213. 고속터미널역 5번출구 앞,202503,938,832
서초구,2214. 신반포역 2번출구 앞,202503,824,1066
서초구,2217.아크로리버뷰 부지 앞,202503,2302,2694
서초구,"2219. 고속터미널역 8-1번, 8-2번 출구 사이",202503,2870,2913
서초구,2221. 방일초교 마을버스 정류장,202503,816,855
서초구,2222.사당역 12번출구 뒤,202503,1304,1589
서초구,2223. 방배래미안 정문 앞,202503,295,284
서초구,2225.백석예술대학교 제3캠퍼스 앞,202503,116,71
서초구,2226. 신동아럭스빌아파트 앞,202503,201,47
서초구,2227.방배열린문화센터 앞,202503,601,589
서초구,2228.뒷벌공원 옆,202503,1236,1405
서초구,2229.로고스교회 맞은 편,202503,366,373
마포구,401. 상암월드컵파크 10단지 앞,202503,741,732
서초구,2230.이수역 4번 출구,202503,1197,1276
서초구,2231. 삼성타운(삼성생명) A동 맞은편,202503,1347,1352
서초구,2233. 서초신동아1차아파트 옆,202503,421,421
서초구,2235.KT 서초지사 앞,202503,226,104
서초구,2237.서울남부터미널 대합실 입구,202503,756,565
서초구,2239.교대역 6번출구,202503,598,614
서초구,2241.양재전화국 사거리,202503,413,380
서초구,2242.양재역 10번 출구 앞,202503,608,606
서초구,2243.서울가정법원,202503,553,368
서초구,2244. 말죽거리공원 사거리,202503,1112,1118
마포구,402. 상암월드컵파크 9단지 앞,202503,510,511
서초구,2245.양재초등학교 맞은편,202503,672,697
서초구,2247.섬들근린공원,202503,970,1010
서초구,2255. 양재시민의숲역 1번출구,202503,1913,1903
서초구,2256.양재동 꽃시장 입구,202503,248,247
서초구,2257. 청계산 입구 삼거리,202503,128,161
서초구,2258.구룡사 삼거리,202503,291,132
강남구,2301. 현대고등학교 건너편,202503,1225,1335
강남구,2344. 리엔파크 2단지 앞,202503,316,412
마포구,403. 부엉이공원 앞,202503,852,405
서초구,2259. 잠원역 3번-4번 출구사이 ,202503,1138,1351
서초구,2251. 더케이호텔 입구(양재2) ,202503,575,580
강남구,2337. 대모산입구역 2번출구 앞,202503,532,432
강남구,2309. 청담역(우리들병원 앞),202503,325,134
강남구,2317. 삼성도로공원,202503,758,764
강남구,2311. 학동로 래미안 아파트 앞,202503,247,113
강남구,2302. 교보타워 버스정류장(신논현역 3번출구 후면),202503,845,873
강남구,2303. 논현역 10번출구,202503,917,676
강남구,2304. 대현그린타워,202503,256,84
강남구,2305. MCM 본사 직영점 앞,202503,257,253
강남구,2306. 압구정역 2번 출구 옆,202503,1596,1619
강남구,2307. 압구정 한양 3차 아파트,202503,328,314
강남구,2308. 압구정파출소 앞,202503,910,884
강남구,2310. 청담동 맥도날드 옆(위치),202503,258,296
강남구,2312. 청담역 13번 출구 앞,202503,366,365
강남구,2313. 금원빌딩 앞,202503,437,437
강남구,2348. 포스코사거리(기업은행),202503,1542,1627
강남구,2314. 청담나들목입구,202503,257,247
강남구,2315. 봉은사역 5번출구 옆,202503,670,666
마포구,106. 합정역 7번출구 앞,202503,2076,2017
마포구,405. DMC빌 앞,202503,456,439
강남구,2318. 삼성중앙역4번출구(문화센터더 리빌),202503,197,166
강남구,2319. 포스코사거리 서측(수협 삼성동 지점),202503,511,492
강남구,2320. 도곡역 대치지구대 방향,202503,571,639
강남구,2321. 학여울역 사거리,202503,295,293
강남구,2323. 주식회사 오뚜기 정문 앞,202503,432,405
강남구,2324. 천주교 대치 2동 교회 옆,202503,806,800
강남구,2325. 대치삼성아파트 앞 교차로,202503,657,645
강남구,2326. 대치동 삼성로,202503,508,335
마포구,406. 상암월드컵파크 7단지 앞,202503,575,567
강남구,2327. 뱅뱅사거리 랜드마크타워 앞,202503,911,962
강남구,2328. 르네상스 호텔 사거리 역삼지하보도 7번출구 앞,202503,421,408
강남구,2329. 르네상스호텔사거리 역삼지하보도 2번출구,202503,292,271
강남구,2330. 역삼월드메르디앙아파트 앞,202503,521,517
강남구,2331. 동영문화센터앞,202503,367,325
강남구,2332. 선릉역3번출구,202503,1096,1084
강남구,2333. 양재역 3번출구 주변,202503,707,543
강남구,2334. 삼호아파트 2동 ( 간선도로),202503,218,215
강남구,2335. 3호선 매봉역 3번출구앞,202503,1680,1774
강남구,2336. 강남세브란스교차로  래미안그레이튼 104동 앞,202503,368,353
마포구,421. 마포구청 앞,202503,1840,1835
강남구,2339. 현대아파트 정문 앞,202503,560,532
강남구,2340. 삼호물산버스정류장(23370) 옆,202503,1917,2002
강남구,2341. 일원역 4~5번 출구 사이,202503,522,306
강남구,2342. 대청역 1번출구  뒤,202503,1181,1172
강서구,1106. 신방화사거리,202503,2704,2735
성북구,1302. 한성대입구역6번출구 뒤,202503,724,729
성북구,1304. 만해공원,202503,257,46
성북구,1308. 안암로터리 버스정류장 앞,202503,3712,4040
강서구,1110. 공항중학교앞,202503,870,824
강서구,1128. 화곡역 6번출구,202503,1133,1139
마포구,407. 마포구 육아종합지원센터,202503,791,887
강동구,1018. 둔촌 주공 GS 맞은편,202503,1920,1959
강서구,1103. 방화역 4번출구앞,202503,2528,2240
강서구,1117. 등촌5단지아파트 버스정류장,202503,3084,3081
송파구,1201. 가락시장역 3번 출구,202503,1635,1669
송파구,1212. 송파역 2번 출구앞,202503,1153,1243
마포구,408. LG CNS앞,202503,650,628
송파구,1231. 잠실역 6번출구,202503,2753,2815
성북구,1306. 한성대입구역2번출구,202503,1193,1203
중랑구,1407. 먹골역 1번출구 뒤,202503,1180,1325
마포구,420. 서울시 공공자전거 상암센터,202503,951,884
중랑구,1416. 상봉역 3번출구,202503,1452,1528
중랑구,1427. 용마산역 1번출구,202503,293,226
중랑구,1428. 원묵고등학교,202503,1028,563
중랑구,1429. 장안중학교,202503,701,694
중랑구,1430. 중랑구청,202503,907,516
중랑구,1431. 중랑구청 사거리,202503,993,826
중랑구,1433. 중화역 2번출구,202503,1260,1364
강북구,1509. 서울북부수도사업소,202503,412,416
마포구,409. 누리꿈스퀘어 옆,202503,1773,1760
강북구,1510. 번동주공5단지 관리사무소 앞,202503,389,405
강북구,1512. 강북중학교 앞,202503,1405,1450
강북구,1513. 강북구청 뒷편,202503,270,271
노원구,1605. 헬스케어,202503,1101,1181
노원구,1620. 중계구민체육센터,202503,806,799
노원구,1628. 노일초등학교 앞,202503,461,483
노원구,1630. 수연빌딩 앞,202503,789,788
마포구,419. 홈플러스 마포점 앞,202503,2781,2402
구로구,1936. 개봉역 1번 출구 자전거보관서쪽,202503,665,757
구로구,1941. 오류동역 2번출구,202503,933,1056
구로구,1943. 온수역 북측,202503,195,182
구로구,1946. 구로역 광장,202503,2343,2413
구로구,1951. 천왕이펜하우스 4단지 후문,202503,216,149
구로구,1952. 천왕연지타운2단지 앞,202503,1123,1555
구로구,1953. 천왕역 4번출구 뒤,202503,877,560
동작구,2003. 사육신공원앞,202503,753,775
서초구,2263. 바우뫼문화복지회관,202503,510,499
마포구,410. 상암중학교 옆,202503,196,171
서초구,2249. 우솔초등학교 맞은편,202503,216,203
서초구,2250. 서초유치원 맞은편,202503,551,539
관악구,2109. 은천로입구 가로공원,202503,1848,1891
관악구,2115. 관악구시설관리공단,202503,1010,858
관악구,2119. 중앙동 동진빌딩,202503,390,350
관악구,2143. 서울산업정보학교,202503,156,184
관악구,2148. 낙성대역 3번출구 뒤,202503,540,530
서초구,2246. 서울시 품질시험소 앞,202503,599,621
마포구,418. 월드컵경기장역 3번출구 옆,202503,1796,1790
서초구,2252. 잔디마을 마을버스 정류장,202503,1268,1261
송파구,1210. 롯데월드타워(잠실역2번출구 쪽),202503,8313,8290
송파구,1218. 방이역 4번출구,202503,2119,2133
송파구,1226. 잠실4동 주민센터 옆,202503,2026,2071
송파구,1227. 거여역 8번출구 뒤,202503,1112,1115
송파구,1228. 마천사거리 ,202503,649,789
송파구,1230. 송파중학교 정문,202503,540,438
송파구,1239. 문정 법조단지3,202503,566,557
마포구,107. 수협 연남동지점,202503,1552,1830
마포구,411. DMC홍보관,202503,1233,1241
송파구,1240. 문정 법조단지4,202503,595,544
송파구,1241. 문정 법조단지5,202503,501,479
송파구,1242. 문정 법조단지6,202503,187,188
송파구,1243. 문정 법조단지7,202503,1835,1828
송파구,1244. 문정 법조단지8,202503,1943,1948
송파구,1245. 문정 법조단지9,202503,1301,1284
송파구,1246. 문정 법조단지10,202503,1583,1566
송파구,1247. 문정 법조단지11,202503,713,663
송파구,1248. 방이초등학교,202503,1969,1598
마포구,412. DMC산학협력연구센터 앞,202503,996,995
성북구,1328. 월곡역 3번출구,202503,1892,2087
중랑구,1411. 상봉시장앞 교차로 한성빌딩 앞,202503,941,909
노원구,1602. 광운대역 앞,202503,1416,1455
노원구,1625. 상계역 3번출구,202503,3847,3821
노원구,1627. 수락산역 4번출구,202503,849,846
도봉구,1706. 방학동우체국 건너편,202503,883,891
구로구,1914. 대림역4번출구,202503,2157,2131
구로구,1925. 동양미래대학교 정문 옆,202503,3683,3650
마포구,413. 상암월드컵파크 3단지 후문,202503,646,615
구로구,1931. 개봉역2번출구 A,202503,1208,1417
동작구,2032. 이수역 11번출구쪽,202503,1425,1751
동작구,2034. 사당역 7번출구쪽,202503,534,551
서초구,2203. 청계산입구역 2번출구,202503,273,180
서초구,2207. 내곡파출소 뒤 정자,202503,172,144
서초구,2211. 서초구립반포도서관 앞,202503,1096,1087
서초구,2215. 반포종합운동장 입구,202503,688,736
서초구,2248. 서초리슈빌S 글로벌 앞,202503,168,155
마포구,417. DMC역 2번출구 옆,202503,1435,1298
송파구,1204. 거여역 3번출구,202503,1246,1364
성북구,1303. 돈암초교 입구,202503,676,667
동작구,2026. 흑석역 4번출구,202503,568,579
송파구,1221. 삼전역 4번출구,202503,1408,1543
서초구,2264. 이수역 1번출구,202503,1930,2210
구로구,1955. 디지털입구 교차로,202503,1929,1961
강남구,2351. 청소년수련관(수영장)앞,202503,337,288
종로구,446. 상명대입구,202503,471,415
종로구,447. 신영동삼거리,202503,98,95
마포구,414. 상암동주민센터 옆,202503,1589,1747
종로구,449. 일성아파트,202503,256,103
중랑구,1440. 면목2동 사거리,202503,1191,1380
중구,389. 을지로4가역 1번출구,202503,845,877
중구,390. 충무로역 1번출구,202503,642,629
중구,826. 서울역 서부교차로2,202503,941,944
성북구,1305. 성북구청,202503,1151,1335
강북구,"1501. 미아역 3번,4번 출구 사이",202503,956,952
서초구,2265. 이수고가차도 남단,202503,1048,1104
마포구,415. DMC역 9번출구 앞,202503,2455,2349
관악구,2110. 조원동 미성아파트,202503,1268,1341
관악구,2139. 서울신성초등학교,202503,262,236
관악구,2156. 신림푸르지오아파트,202503,578,572
강남구,2354. 청담역 2번출구,202503,148,134
강남구,2356. 강남구청,202503,317,198
강남구,2360. 도곡1동 주민센터 교차로,202503,534,500
강남구,2358. 구룡초사거리 (현대아파트10동 앞 ),202503,488,463
강남구,"2359. 국립국악중,고교 정문 맞은편",202503,947,962
강남구,2349. 역삼빌딩 앞(하나은행 옆),202503,441,237
마포구,416. 상암월드컵파크 1단지 교차로,202503,632,368
강남구,2350. 래미안그레이튼102동앞,202503,152,150
강남구,2347. 두산건설 본사,202503,183,70
강남구,2352. 서울본부세관(건설회관 앞),202503,332,117
강남구,2353. 강남구청역 2번출구 뒤,202503,507,346
노원구,1642. 서울여대 남문,202503,774,538
관악구,2111. 서울대입구역 1번출구,202503,834,827
강남구,2357. 르네상스호텔사거리 역삼지하보도 3번출구 앞 (더 오번 빌딩 명동칼국수 앞),202503,357,315
성동구,594. 중랑물재생센터(서울새활용플라자),202503,822,927
마포구,422. 문화비축기지,202503,304,291
광진구,500. 어린이대공원역 3번출구 앞,202503,2009,1828
노원구,1641. 한내근린공원 남측,202503,536,550
노원구,1640. 한내근린공원 북측,202503,1044,1205
광진구,590. 건국대학교 (입학정보관),202503,1899,1878
광진구,591. 건국대학교 (행정관),202503,918,966
광진구,592. 건국대학교 학생회관,202503,3148,3812
강서구,1149. 신방화역환승주차장,202503,3215,3219
관악구,2136. 신림역 8번출구,202503,2680,2788
중구,391. 시립미술관,202503,609,589
종로구,450. 효자동 삼거리,202503,441,326
종로구,451. 청와대앞길,202503,182,105
광진구,501. 광진구의회 앞,202503,1782,1598
광진구,593.자양중앙나들목,202503,1557,1609
송파구,1250.문정2동 주민센터,202503,100,80
광진구,3500. 군자역2번출구,202503,2152,2196
광진구,3501. 광진구청 앞,202503,1833,1716
광진구,3502. 중곡역 1번출구,202503,1138,1040
광진구,3503. 광진유진스웰,202503,173,56
광진구,3504. 원일교회,202503,2418,2224
광진구,3505. 신양초교앞 교차로,202503,777,763
광진구,502. 자양(뚝섬한강공원)역 1번출구 앞,202503,9267,10454
마포구,424. 롯데하이마트 (상암월드컵점) ,202503,306,303
마포구,425. DMC첨단산업센터,202503,355,335
마포구,426. 서울신용보증재단,202503,1027,1284
양천구,722. 경서농협 버스정류장(우리은행신정동지점방향),202503,897,1016
양천구,723. SBS방송국,202503,1688,1830
양천구,724. 계남공원 입구 주출입구 좌측,202503,201,152
양천구,725. 양강중학교앞 교차로,202503,233,181
양천구,726. 목동3단지 시내버스정류장,202503,3432,3516
마포구,108. 서교동 사거리,202504,1571,1600
양천구,729. 서부식자재마트 건너편,202504,1501,1609
양천구,731. 서울시 도로환경관리센터,202504,3341,3477
양천구,733. 신정이펜하우스314동,202504,883,442
양천구,734. 신트리공원 입구,202504,3164,3045
양천구,735. 영도초등학교,202504,2594,2889
양천구,736. 오솔길공원,202504,1118,1288
양천구,737. 장수공원,202504,534,485
양천구,739. 신월사거리,202504,1342,1387
양천구,740. 으뜸공원,202504,1105,1280
양천구,741. 화곡로 입구 교차로,202504,613,605
양천구,742. 등촌역 5번 출구 뒤,202504,956,984
양천구,743. 현대6차아파트 101동 옆,202504,1136,1282
양천구,744. 신목동역 2번 출구,202504,3543,3514
양천구,745. 강서초등학교,202504,863,977
양천구,746. 목동2단지 상가,202504,3908,3982
양천구,747. 목동3단지 상가,202504,2470,2537
양천구,748. 목동운동장,202504,588,638
광진구,505. 자양사거리 광진아크로텔 앞,202504,2410,2176
은평구,937. 상림마을 롯데캐슬2단지 옆,202504,119,117
은평구,938. 금암 문화공원,202504,198,205
은평구,939. 은평구청 교차로,202504,589,568
은평구,941. 은평뉴타운 도서관,202504,530,221
은평구,942. 상림마을 생태공원,202504,404,402
은평구,943. 은평구청 보건소,202504,1646,1834
성동구,506. 금호 어울림 아파트 앞,202504,1008,1015
은평구,945. 기자촌 사거리 A,202504,211,86
은평구,946. 독바위역 ,202504,496,473
은평구,947. 연신내 선일하이츠빌 정류소,202504,251,250
은평구,948. 디지털미디어 시티역 4번출구(DMC역),202504,846,887
은평구,949. 연신내역 1번 출구 ,202504,1093,1350
은평구,950. 구산역 2번 출구 예일여고 버스정류장,202504,972,1377
은평구,952. 서울연신중학교,202504,479,415
은평구,953. 서울연신초등학교,202504,304,250
강동구,1023. 한국종합기술사옥 앞,202504,2408,2424
강동구,1024.  강동구청 앞,202504,3735,3827
강동구,1025. 상일초등학교,202504,712,717
강동구,1027. 프라자 아파트 앞,202504,996,981
강동구,1028. 포레스 주상복합 빌딩,202504,1679,1678
강동구,1029. 성내어울터,202504,3060,3008
강동구,1030. 미호 플랜트 앞,202504,1491,1476
강동구,1031. 올림픽로 836(아리수로),202504,672,749
강동구,1032. 선사고등학교,202504,700,767
성동구,508. 성수아카데미타워 앞,202504,5442,5063
강동구,1033. 고덕동 아남아파트,202504,1492,1020
강동구,1034. 고덕동 래미안 힐스테이트,202504,581,516
강동구,1036. 고덕동 주양쇼핑,202504,1098,1038
강동구,1037. 강일리버파크 6단지,202504,282,307
강동구,1038. 강일 다솜 어린이 공원,202504,289,291
강동구,1039. 고덕초등학교,202504,206,221
강동구,1041. 묘곡초등학교,202504,624,619
강동구,1042. 강일리버파크 2~5단지,202504,571,716
강동구,1044. 굽은다리역,202504,3914,3979
강서구,1150. 송정역 1번출구,202504,2668,2744
강서구,1151. 마곡역1번출구,202504,5053,5219
강서구,1152. 마곡역교차로,202504,4313,4740
강서구,"1153. 발산역 1번, 9번 인근 대여소",202504,7400,7376
강서구,1155. 기쁜우리복지관,202504,2673,2539
강서구,1157. 강서구청,202504,3706,4019
성동구,510. 뚝도아리수정수센터 버스정류소 옆,202504,1460,1602
송파구,1251. 석촌역 2번출구,202504,3375,3330
송파구,1253. 오금역 3번 출구 뒤,202504,797,742
송파구,1256. 문정현대아파트 교차로,202504,777,765
송파구,1257. 가락시장역 사거리,202504,1293,1351
송파구,1258. 가락미륭아파트 앞,202504,639,384
송파구,1259. 방이역 1번출구,202504,1768,1900
송파구,1260. 방이동 한양3차아파트 옆,202504,1764,1722
성동구,511. 서울숲역 5번 출구 옆,202504,1809,1797
송파구,1262. 송파여성문화회관 앞,202504,2581,2592
송파구,1263. 장지공영차고지,202504,363,405
송파구,1264. 천호역 10번 출구 앞,202504,3799,3790
송파구,1265. 문정동 근린공원,202504,1400,1405
송파구,1266. 문정동 글샘 공원,202504,780,747
송파구,1267. 올림픽공원 남2문 앞,202504,1522,1440
송파구,1268. 몽촌토성역 1번출구 옆,202504,2632,2612
송파구,1269. 리센츠아파트 ,202504,1928,1732
송파구,1271. 송파도서관,202504,1198,1214
성동구,512. 뚝섬역 1번 출구 옆,202504,3108,3106
송파구,1274. 영파여고 앞,202504,1742,1701
중랑구,1442. 중랑구청 중화동 별관 앞,202504,2217,2300
중랑구,1444. 면목4치안센터,202504,1113,1523
중랑구,1445. 용마지구대 A,202504,238,247
중랑구,1446. 중랑전화국 교차로,202504,1784,1836
중랑구,1447. 면목역 3번출구,202504,2542,3088
중랑구,1448. 코스트코 상봉점,202504,2023,2105
마포구,400. 상암한화오벨리스크 1차 앞,202504,1122,1145
강북구,1526. 강북종합시장 앞,202504,768,774
강북구,1527. 미아역 1번 출구 뒤,202504,679,660
강북구,1528. 삼각산동 주민센터,202504,582,204
강북구,1529. 미아동 한국전력공사,202504,1468,1469
강북구,1530. 광산사거리,202504,1665,1698
강북구,1531. 미아사거리 1번 출구,202504,2201,2368
강북구,1532. 번3동 주민센터 교차로,202504,946,1013
강북구,"1533. 번동 주공3, 4단지 교차로",202504,470,570
강북구,1535. 효성인텔리안 앞,202504,2070,2119
성동구,513. 뚝섬역 5번 출구 정류소 옆,202504,1414,1403
강북구,1536. 번동 두산위브 101동 옆,202504,731,683
노원구,1643. 태릉입구역 8번출구,202504,2509,2570
노원구,1646. 삼육대 입구,202504,450,431
노원구,1650. 중계근린공원내,202504,3514,3474
노원구,1651. 상계동 우방유쉘아파트 앞,202504,1014,1006
성동구,514. 성수사거리 버스정류장 앞,202504,2972,3019
노원구,1652. 파르코 앞,202504,358,359
노원구,1653. 노원역1번출구,202504,3532,3584
노원구,1654. 당고개입구 오거리,202504,745,681
노원구,1655. 공릉1단지아파트,202504,2836,2833
노원구,1656. 중앙하이츠 아파트 입구,202504,2212,2139
노원구,1657. 노원구청 ,202504,2463,2521
노원구,1659. 중계동 을지중학교,202504,895,764
노원구,1660. 서울시립과학관,202504,556,376
도봉구,1713. 쌍문동 이안아파트 앞,202504,872,241
도봉구,1714. 도봉문화정보도서관 삼거리,202504,532,113
도봉구,1715. 서울특별시교육청도봉도서관,202504,698,696
도봉구,1716. 창동역 1번출구 건너편,202504,1210,1276
도봉구,1719. 신도봉사거리 버스정류장,202504,761,846
도봉구,1720. 도봉구청 옆(중랑천변),202504,1789,1854
광진구,516. 광진메디칼 앞,202504,1768,1695
금천구,1839. 수출의 다리 아래,202504,719,735
금천구,1840. 솔브레인이엔지 뒤편,202504,766,777
금천구,1841. 가산동 주민센터,202504,1413,1421
금천구,1842. 한울중학교,202504,210,57
금천구,1843. 독산고등학교,202504,563,410
금천구,1846. 롯데캐슬골드파크1차 동문,202504,1023,1008
금천구,1847. 독산주공 14단지 버스정류소,202504,292,295
금천구,1848. 벽산 디지털밸리 5차,202504,1151,1492
동작구,2058. 동작경찰서,202504,1502,1838
동작구,2059. 보라매공원 정문,202504,1450,1599
동작구,2060. 남성역3번출구 뒤,202504,1291,1465
동작구,2062. 사당새마을금고,202504,401,377
관악구,2159. 인헌초교,202504,289,278
서초구,2266. 서초역 3번출구,202504,825,934
중구,300. 정동사거리,202504,1001,983
서초구,2269. 주홍교 하부,202504,293,134
서초구,2270. 서초포레스타 7단지,202504,431,415
서초구,2271. 내방역 8번출구 앞,202504,762,786
서초구,2272. 교대입구 교차로,202504,587,595
서초구,2273. 일동제약 사거리,202504,791,789
서초구,2274. 양재시민의숲역 3번출구,202504,1698,1636
서초구,2276. 영동1교 (양재천근린공원),202504,1381,1412
서초구,2277. 길마중4교 하부,202504,1166,1294
종로구,301. 경복궁역 7번출구 앞,202504,929,506
강남구,2362. 신사동 가로수길 입구,202504,873,764
강남구,2363. 강남 을지병원 교차로,202504,380,363
강남구,2364. 도산공원교차로,202504,634,624
강남구,2365. K+ 타워 앞,202504,744,765
강남구,2368. 도곡동 경남아파트 건너편,202504,456,344
강남구,2369. KT선릉타워,202504,1473,1440
강남구,2370. 한티역 3번출구,202504,391,386
종로구,302. 경복궁역 6번출구 뒤,202504,1982,1956
강남구,2371. 한국우편사업진흥원,202504,386,197
강남구,2372. 대치역 사거리,202504,1139,1296
강남구,2373. 개포동역 사거리,202504,467,453
강남구,2375. 수서역 1번출구 앞,202504,1339,1621
강남구,2376. 수서역 6번출구 앞,202504,1022,1121
강남구,2377. 수서역 5번출구,202504,3000,3183
서대문구,3100. 북성초교,202504,348,295
서대문구,3101. 서대문구청,202504,443,406
종로구,303. 광화문역 1번출구 앞,202504,2229,2061
서대문구,3102. 연희삼거리,202504,1061,1035
광진구,3506. 영동대교 북단,202504,1627,1619
광진구,3507. 어린이회관,202504,1165,926
광진구,3508. 화양사거리,202504,1138,901
광진구,3509. 세종사이버대학교,202504,3271,3281
성동구,3511. 응봉역 1번출구,202504,4043,4732
성동구,3513. 상왕십리역 1번출구,202504,2528,1404
성동구,3514. 왕십리교회옆,202504,2747,2774
성동구,3515. 서울숲 관리사무소,202504,3303,3124
서대문구,115. 마스타 빌딩 앞,202504,977,667
성북구,1336. 성북3교 위,202504,904,886
성북구,1337. 돈암성당 옆,202504,2275,2542
성북구,1338. 용문2교 옆,202504,1749,1778
성북구,1339. 삼성전자서비스 성북센터,202504,1006,1064
성북구,1340. 광운초등학교 앞,202504,992,895
성북구,1342. 성북쉼터 앞,202504,247,76
성북구,1343. 한성대7번출구 앞,202504,522,519
성북구,1344. 아리랑시네센터 앞,202504,276,228
종로구,305. 종로구청 옆,202504,2435,2361
성북구,1346. 길음8골어린이공원 옆,202504,829,784
성북구,1347. 길음래미안아파트817동 상가 앞,202504,340,333
성북구,1348. 성북제일새마을금고 본점 앞,202504,529,517
성북구,1349. 월계2교 버스정류장 앞,202504,410,413
성북구,1351. 안암2교 옆,202504,2049,2020
성북구,1352. e 편한세상 보문아파트 내,202504,160,104
성북구,1353. 금호어울림센터힐 내,202504,292,294
구로구,1956. 동아1차APT105동 버스정류장(신도림중학교 방면),202504,1764,1811
구로구,1957. 구일고등학교 정문 ,202504,2196,2181
구로구,1958. 강서수도사업소민원센터,202504,2353,2596
구로구,1960. 구로거리공원 동측(신도림역 방면),202504,1239,1032
구로구,1961. 신도림테크노근린공원,202504,2594,2627
구로구,1962. 가리봉동주민센터,202504,1634,1606
구로구,1964. 원메디타운 앞,202504,2403,2413
구로구,1965. 삼환로즈빌아파트 105동 옆,202504,1104,996
구로구,1966. 한마을아파트 정문상가,202504,1692,1699
구로구,1967. 참새공원(백곡경노당),202504,534,583
종로구,307. 서울역사박물관 앞,202504,893,814
구로구,1969. 궁동생태공원,202504,126,113
구로구,1971. 오정초교 앞 보도육교,202504,166,129
구로구,1973. 오리로와 서해안도로 교차로 앞,202504,411,288
구로구,1974. 신도림2차e편한세상아파트 203동 앞,202504,1185,1017
구로구,1975. 대림역 1번 출입구 밑,202504,1653,1635
구로구,1976. 남구로역 5번 출입구 앞,202504,804,445
구로구,1977. 천왕역 1번 출입구 앞,202504,1765,1342
종로구,308. 광화문 S타워 앞,202504,2095,1936
구로구,1979. 구로1동우체국 앞,202504,284,250
구로구,1981. 천왕지구삼거리 앞,202504,611,916
강남구,2380. 봉은사로68길 북측,202504,465,415
강남구,2381. 언주역 3번출구앞,202504,644,621
강남구,2382. 역삼동 sk뷰 501동앞,202504,461,459
강남구,2383. 보금자리정원,202504,321,402
강서구,1158. 가양역 8번출구,202504,4020,4186
종로구,309. 광화문역 6번출구 옆 B,202504,595,408
강서구,1159. 서서울모터리움 앞,202504,850,782
강서구,1160. 양천향교역 7번출구앞,202504,5200,5095
강서구,1161. 강서면허시험장 앞,202504,456,292
강서구,1162. 공항초등학교건너편,202504,2627,2620
강서구,1163. 방화동강서기동대앞,202504,2462,2482
관악구,2164. 관악우체국,202504,774,769
중구,310. 청계광장 옆,202504,1607,1423
관악구,2165. JK장평타워,202504,212,152
관악구,2167. 낙성대역 1번출구,202504,455,410
광진구,3518. 군자역 7번출구뒤,202504,4891,4882
관악구,2169. 봉천역 2번출구,202504,1240,1405
관악구,2170. 조원동 강남힐병원,202504,916,907
광진구,3517. 용마사거리,202504,1882,2043
관악구,2172. 나들목공원,202504,623,438
관악구,2173. 당곡사거리,202504,2802,2797
관악구,2174. 삼성디지털프라자관악점,202504,560,511
관악구,2175. 신림동걷고싶은문화의거리입구,202504,1036,1018
광진구,3516. 구의아리수정수센터앞,202504,1053,860
구로구,1983. 구로동롯데아파트,202504,829,815
구로구,1985. 구로도서관,202504,4198,3787
금천구,1849. 대륭포스트타워5차,202504,557,544
금천구,1850. 코오롱테크노밸리,202504,427,438
노원구,1661. 당현천근린공원,202504,1845,1720
노원구,1662. 노원역7번출구,202504,2688,3046
노원구,1663. 동해문화예술관앞,202504,3097,3353
노원구,1664. 노해근린공원내,202504,707,674
노원구,1665. 양지근린공원앞,202504,1706,1213
노원구,1666. 노원소방서인근,202504,798,613
노원구,1667. 중계중학교,202504,2012,1866
노원구,1668. 중계역 6번출구,202504,2878,3250
노원구,1669. 중계역 3번출구,202504,2398,2423
노원구,1670. 노원경찰서교차로,202504,1593,1459
노원구,1671. 인덕대학교,202504,827,1022
노원구,1672. 상계동수락리버시티,202504,502,547
노원구,1674. 서울북부고용센터앞,202504,3216,3269
도봉구,1722. 창동청소년수련관,202504,1140,1099
도봉구,1723. 방학동학마을도서관,202504,394,373
도봉구,1725. 창1동주민센터,202504,387,461
도봉구,1726. 삼익세라믹아파트교차로,202504,1061,1061
도봉구,1727. 서울도봉초등학교인근,202504,572,551
종로구,314. 국립현대미술관,202504,1311,1308
동대문구,648. 장안동위더스빌옆,202504,2892,2891
동대문구,650. 중랑교사거리,202504,1666,1438
서초구,2279. 교대역 5번출구뒤,202504,1322,1567
서초구,2280. 서울서초고용센터앞,202504,677,530
서초구,2281. 연세사랑병원신관앞,202504,282,257
서초구,2283. 그룹한빌딩옆,202504,459,130
서초구,2284. CJ오쇼핑앞,202504,241,118
서초구,2285. LH서초3단지 301동 맞은편,202504,445,438
서초구,2286. 탑성마을입구,202504,44,18
서초구,2287. 능안마을입구,202504,83,29
서초구,2288. 안골마을입구,202504,71,30
서초구,2289. 남태령역 2번출구,202504,132,36
성북구,1354. 고려대학교 2번출구,202504,1792,1823
종로구,316. 종각역 1번출구 앞,202504,1561,1544
영등포구,275. 신동아아파트,202504,3142,3111
영등포구,276. 영등포로터리2,202504,1514,1470
영등포구,278. 쌍용플레티넘오피스텔,202504,2586,2275
용산구,827. 국군복지단,202504,336,255
용산구,828. 숙대입구역 8번,202504,908,1052
용산구,829. 한강대교 북단 교차로,202504,2914,2809
용산구,830. 강변삼성스위트아파트 앞,202504,262,244
은평구,954. 은평뉴타운구파발9단지,202504,594,603
은평구,956. 응암시장교차로,202504,2109,2600
중랑구,1449. 상봉역 1번출구,202504,2344,2371
중랑구,1450. 화랑대역 7번출구,202504,2227,2320
중랑구,1451. 중랑세무서,202504,2685,3094
중랑구,1452. 겸재교 진입부,202504,2498,2921
관악구,2171. 서울대입구역 5번출구,202504,1218,1237
강서구,1165. 마곡중학교 후문,202504,1590,1068
용산구,832. 이촌1동 주민센터 뒤,202504,1139,1104
중구,318. 광교사거리 남측,202504,1230,1231
용산구,834. 효창공원앞역 3번출구 뒤,202504,1468,1559
용산구,835. 남영역 건너편,202504,86,86
용산구,836. 현대자동차서비스 앞,202504,940,981
용산구,837. 한남나들목 입구,202504,1076,1120
중랑구,1453. 중랑캠핑숲,202504,226,217
중랑구,1454. 한국전력공사(동대문 중랑지사),202504,891,939
노원구,1675. 월계문화체육센터,202504,334,252
노원구,1677. 육군사관학교  앞,202504,1502,1650
양천구,749. 이대목동병원보도육교,202504,1718,1790
강서구,1166. 강서구립등빛도서관,202504,5008,4924
강서구,1167. 마곡수명산파크3단지 교차로,202504,3893,3663
영등포구,279. 영등포 푸르지오 아파트 B,202504,2238,1848
동작구,2064. 흑석한강푸르지오 106동앞,202504,47,35
동작구,2065. 서울시여성가족재단,202504,284,271
관악구,2176. 보라매공원 보도육교,202504,1899,1935
중구,320. 을지로입구역 4번출구 앞,202504,1287,1275
서초구,2293. SPC 앞,202504,937,783
서초구,2294. 두상빌딩 앞,202504,1443,1603
강남구,2384. 자곡사거리,202504,2118,2363
강남구,2385. 학동역,202504,659,626
강남구,2386. 크린랩 본사,202504,312,160
송파구,1275. 거여초등학교 옆,202504,586,710
중구,321. KEB 하나금융그룹 명동사옥 옆,202504,921,904
강동구,1048. 둔촌어린이공원,202504,2211,2212
강동구,1049. 강일리버파크 10단지,202504,630,678
종로구,393. 동대문역 8번 출구,202504,2435,2547
종로구,394. 경희궁 자이 3단지,202504,914,1012
종로구,395. 경희궁 자이 2단지,202504,960,933
중랑구,1455. 상봉역 2번 출구,202504,2191,2246
용산구,838. 숙대입구역 4번출구,202504,1439,1761
광진구,3520. 광진경찰서,202504,3479,3241
광진구,3521. 현대홈타운 뒷길,202504,289,167
중구,322. 명동성당 앞,202504,631,617
중랑구,1456. 상아빌딩(우림시장 교차로),202504,1294,1359
중랑구,1457. 동원사거리,202504,609,528
성북구,1357. 북한산보국문역,202504,280,272
성북구,1358. 정릉도서관 앞,202504,344,344
성북구,1360. 정릉역,202504,470,466
강북구,1537. 북한산 우이역,202504,470,384
강북구,1538. 솔밭공원역,202504,169,187
강북구,1539. 4.19민주묘지역,202504,544,554
강북구,1540. 가오리역,202504,916,895
강북구,1541. 삼양역,202504,237,171
강북구,1542. 삼양사거리역,202504,378,309
노원구,1678. 성서대학교 밀알관,202504,452,455
노원구,1679. 삼육대 도서관,202504,581,380
노원구,1680. 삼육대 제3과학관,202504,87,38
마포구,427. 성산시영아파트,202504,1415,1530
양천구,750. 연의근린공원 건너편,202504,840,981
중구,324. 신세계백화점 본점 앞,202504,837,823
양천구,752. 성원2차 아파트,202504,1076,851
강서구,1168. 마곡엠밸리10단지 앞,202504,1962,1687
금천구,1851. 가산디지털단지 9번출구 인근,202504,3048,3055
서초구,2297. 남부터미널역 1번출구,202504,703,574
서초구,2299. 한전아트센터 앞,202504,820,803
강남구,2387. 래미안강남힐즈 사거리,202504,1064,1027
송파구,1277. 성내7교,202504,1113,1212
송파구,1278. 송파구청 교차로,202504,2640,2687
송파구,1279. 마천금호어울림 1차아파트 건너편,202504,385,388
송파구,1280. 송파파크데일 2단지입구 앞 주차장,202504,447,427
송파구,1282. 송파소방서 맞은편(성내4교),202504,1579,1952
송파구,1283. 오금공원 사거리,202504,311,121
송파구,1285. 위례별 유치원 뒤,202504,448,426
송파구,1286. 위례중앙푸르지오 1단지 앞,202504,1266,1251
송파구,1287. 위례아이파크 101동 맞은편,202504,466,433
송파구,1288. 문정중교 사거리,202504,1439,1332
종로구,326. 안국역 5번출구 앞,202504,1117,1013
강동구,1050.  둔촌역 3번 출입구,202504,4993,5319
강동구,"1051. 강일중,선사고 버스정류장(신암중학교 방면)",202504,947,969
송파구,1289. 풍납토성 서성벽터B,202504,831,878
강북구,1543. 수유1동 주민센터,202504,656,655
성북구,1361. 홍익중고 입구,202504,926,682
노원구,1681. 현대6차 아파트,202504,1671,1143
노원구,1682. 중계종합사회복지관 교차로,202504,649,652
광진구,3510. 중곡SK아파트앞,202504,719,504
광진구,3523. 건국대학교 과학관(이과대) 앞,202504,1094,1157
종로구,327. 낙원상가 옆,202504,1039,1024
종로구,397. 종묘공영주차장 건너편,202504,390,387
강남구,2388. 강남구 도시관리공단,202504,579,223
도봉구,1728. 서울북부지방법원,202504,391,354
중구,398. 을지로3가역 3번출구,202504,1937,1914
중구,399. 서울역 센트럴 자이아파트,202504,995,624
중구,428. 명보사거리,202504,622,572
중구,429. 송도병원,202504,124,72
중구,430. 장충동먹자골목 앞,202504,832,866
종로구,328. 탑골공원 앞,202504,657,606
중구,431. 청계천 영도교,202504,3618,3555
용산구,839. 보광동 삼성리버빌아파트 앞,202504,822,852
용산구,840. 용산 파크타워 앞,202504,554,543
용산구,841. 신용산역 1번 출구,202504,1908,2033
용산구,843. 이태원관광특구B(용산구청쪽),202504,661,336
용산구,844. 이촌2동 동원베네스트 아파트 앞,202504,1278,1366
동대문구,652. 답십리 래미안엘파인아파트 입구,202504,789,807
동대문구,654. 전농동 텃골공원,202504,797,612
종로구,329. 청계2가 사거리 옆,202504,1449,1268
중랑구,1458. 상봉터미널2,202504,1792,1818
중랑구,1459. 용마한신아파트사거리,202504,585,596
성북구,1362. 보문역6번출구 앞,202504,1414,1526
성북구,1363. 보문4교 인근,202504,2114,2160
성북구,1364. 성북동 치안센터 앞,202504,706,690
성북구,1365. 선잠단지 앞,202504,308,227
성북구,1366. 일신초등학교 옆,202504,399,413
성북구,1367. 길음문화복합미디어센터,202504,675,677
성북구,1368. 성신여대입구 교차로,202504,928,934
도봉구,1729. 도봉한신아파트 버스정류장,202504,967,1035
도봉구,1730. 도봉산역 교차로 앞,202504,227,266
도봉구,1731. 도봉고등학교 맞은편,202504,244,138
도봉구,1732. 방학역사거리,202504,563,599
도봉구,1733. 방학사거리 (봄마당 앞),202504,584,587
도봉구,1734. 쌍문현대1차아파트 108동 앞,202504,884,761
도봉구,"1735. 도봉역 1,2번 출구사이 건너편",202504,852,854
도봉구,1736. 버스정류장 앞,202504,505,388
도봉구,1737. 신창시장,202504,1726,1969
중구,331. 을지로2가 사거리 북측,202504,1324,1345
도봉구,1738. 창동주공17단지 상가앞,202504,1651,1643
노원구,1683. 노원문화예술회관,202504,2048,2014
노원구,1684. 태릉입구역 5번출구,202504,3628,3740
노원구,1685. 불암고등학교 앞 횡단보도,202504,1421,1400
노원구,1686. 상계주공10단지 종합상가 앞,202504,2044,1994
은평구,958. 본 서부병원 버스정류장(은평 세무서 방면),202504,1125,1171
중구,332. 을지로2가 사거리 남측,202504,964,954
은평구,959. 구파발10단지 인근,202504,416,399
은평구,960. 구파발역 환승센터,202504,702,897
은평구,961. 불광역 9번 출구,202504,964,1021
은평구,962. 은평뉴타운 힐데스하임,202504,852,843
은평구,963. 불광롯데캐슬아파트 앞,202504,623,599
은평구,964. 북한산힐스테이트 7차아파트,202504,492,293
은평구,965. 서울특별시 은평병원,202504,489,117
은평구,966. 서울혁신파크1,202504,113,139
은평구,967. 서울혁신파크2,202504,289,307
은평구,968. 은평뉴타운 상림마을 13단지,202504,131,101
은평구,969. 은평 지웰테라스,202504,141,130
서대문구,3103. 홍제삼거리 북측,202504,743,734
서대문구,3104. e편한세상 신촌4단지 앞,202504,849,866
서대문구,3105. 홍은센트레빌 아파트 앞,202504,403,181
마포구,432. 마포중앙도서관,202504,343,81
양천구,754. 목동1단지아파트 118동 앞,202504,2075,2085
양천구,755. 목동1단지아파트 상가 앞,202504,2939,2962
양천구,756. 목동주차장,202504,1434,1472
양천구,757. 신정이펜하우스 1단지아파트 입구 사거리,202504,656,330
양천구,758. 한사랑교회 앞,202504,1312,1283
마포구,111. 상수역 2번출구 앞,202504,1749,1742
종로구,334. 종로3가역 2번출구 뒤,202504,1111,1068
양천구,760. 잣절보도육교 아래,202504,532,504
양천구,762. 오목로 무중력지대 앞,202504,1206,1126
양천구,763. 목동11단지 아파트,202504,1326,1047
강서구,1169. 염창역 1번 출구,202504,2142,2293
강서구,1170. 강서구보건소,202504,863,463
강서구,1171. 염창동 새마을금고 건너편,202504,1011,1058
강서구,1172. 가양3동 주민센터,202504,1852,2067
종로구,335. 종로3가역 15번출구 앞,202504,1090,1076
강서구,1173. 강서구청사거리(SH타워),202504,3585,3302
강서구,1174. 강서구청사거리(부민병원),202504,1630,1672
강서구,1175. 대한항공 인력개발센터,202504,1376,914
강서구,1177. 수명중?고교,202504,2069,2090
강서구,1178. 개화산역 2번 출구,202504,852,872
강서구,1180. 마곡엠밸리 15단지(1502동) 건너편,202504,2603,2609
강서구,1181. 농수산식품공사 (강서지사),202504,366,387
강서구,1182. KBS 스포츠월드,202504,3543,3568
중구,336. 충무로역 6번출구 앞,202504,1125,1087
강서구,1183. 강서대학교,202504,588,382
구로구,1986. 태평양물산,202504,2778,3364
구로구,1987. 개봉아이파크아파트 앞,202504,1396,1425
구로구,1988. 고척LIGA아파트 앞,202504,2140,2105
구로구,1991. 오류동역 맞은편,202504,1382,1800
구로구,1992. 구로구배드민턴실내체육관 앞,202504,360,424
구로구,1993. 금강수목원아파트 앞,202504,798,841
구로구,1994. 삼성전자 물류센터 앞,202504,1616,1596
종로구,337. 창경궁 입구,202504,722,732
구로구,1996. 구일역 1번 출입구 앞,202504,2569,2584
금천구,1853. 서울디자인직업전문학교 앞,202504,334,318
금천구,1854. 가산아네스트 오피스텔 앞,202504,772,289
금천구,1855. 성지아파트 옆 도로변,202504,123,145
금천구,1856. 모두의학교,202504,606,552
금천구,1857. 주공14단지,202504,324,322
영등포구,280. 양평동6차현대아파트 앞,202504,3457,3351
종로구,338. 세운스퀘어 앞,202504,685,685
영등포구,281. 대림신동아아파트 앞,202504,1165,1116
영등포구,282. 신한은행 대림동지점,202504,831,907
동작구,2066. 양문교회 앞,202504,1282,1401
동작구,2067. 보라매역?동작세무서 버스정류장(강남중학교방면),202504,1557,1612
동작구,2068. 총신대 앞(육교),202504,237,73
동작구,2070. 노량진역 2번 출구 앞,202504,1334,1681
관악구,2177. 신대방역 2번 출구,202504,5324,5732
관악구,2178. 서울대학교 정문,202504,755,421
관악구,2179. 양녕로 입구,202504,859,907
종로구,339. 종로4가 사거리,202504,1218,1100
서초구,2501. 서초 포레스타5단지,202504,597,542
서초구,2502. 서초역1번출구 앞,202504,581,454
서초구,2503. 반포1동 서초빌딩 앞,202504,1345,1561
서초구,2504. 신사역 4번출구 뒤,202504,1324,956
서초구,2505. 우성아파트사거리 (기업은행앞),202504,1372,1479
서초구,2506. LG유플러스 (방배사옥),202504,124,72
강남구,2389. 경기여자고등학교 후문 (삼성로3길 입구),202504,1012,974
종로구,340. 혜화동 로터리,202504,1350,1394
강남구,2390. 구룡마을 입구 (래미안블레스티지 아파트),202504,711,707
강남구,2391. 구룡터널 입구(개포1단지아파트),202504,15,14
강남구,2392. 구룡산 입구 (구룡산 서울둘레길 입구),202504,135,91
강남구,2394. 개포래미안포레스트아파트 107동 앞,202504,934,748
강남구,2396. 영동3교 북단(우성캐릭터 앞 보도),202504,824,809
강남구,2398. 더라움,202504,441,321
종로구,341. 혜화역 3번출구 뒤,202504,1170,1168
강남구,2401. 밀알학교 입구 (삼성서울병원 입구),202504,361,204
강남구,2403. 공무원연금매점 교차로 (개포주공9단지 입구),202504,1100,977
강남구,2404. 대모산입구역 4번 출구 앞,202504,1892,2031
강남구,2405. 청담공원앞 교차로,202504,952,326
강남구,2406. 논현동 광명빌딩 앞,202504,394,306
강남구,2407. 역삼서초삼성 세무서 앞 (역삼빌딩 앞),202504,1429,1311
강남구,2408. 강남한양수자인아파트,202504,1205,1184
송파구,1290. 위례송파꿈에그린아파트24단지 앞 성벽 다리 밑,202504,817,892
종로구,342. 대학로 마로니에공원,202504,2232,2130
송파구,1291. 서울체육고등학교 앞,202504,2565,2929
송파구,1293. 석촌호수 서호 사거리,202504,3412,3703
송파구,1295. 잠실역 8번출구,202504,4646,4608
송파구,1296. 석촌호수교차로 (송파나루근린공원 앞),202504,863,852
송파구,1297. 석촌호수교차로(동호 팔각정 앞),202504,3489,3575
송파구,1299. 송파소방서 (방이119안전센터),202504,731,643
송파구,1300. 오륜사거리,202504,813,876
종로구,343. 힐스테이트창경궁 아파트 앞,202504,990,978
송파구,2601. 석촌호수 아뜰리에,202504,2297,2429
송파구,2603. 송파 글마루 도서관,202504,1025,1007
강동구,1053. 동명근린공원 진입로 (아리수로),202504,396,397
강동구,1056. 강일리버파크 7~11단지,202504,473,491
강동구,1057. 능골근린공원,202504,650,757
성동구,3525. 금호스포츠센터앞,202504,790,867
종로구,344. 성균관대 E하우스 앞,202504,968,936
성동구,3527. 왕십리 자이아파트(101동 앞),202504,13,6
광진구,3528. 광진정보도서관,202504,1422,1917
광진구,3529. 어린이대공원정문,202504,1117,979
종로구,452. 동대문 종합시장 버스정류장,202504,928,935
종로구,453. 종로오가 지하쇼핑센터 14번출구,202504,1278,1279
종로구,454. 종로2가 버스정류장 (종각방향),202504,1013,1010
종로구,455. 종로6가역 버스정류장(동대문 방향),202504,1451,1479
종로구,456. 숭인2동 주민센터 입구,202504,1330,1372
종로구,345. 서울보증보험본사 앞,202504,1223,1304
종로구,457. 종로꽃시장 입구 옆,202504,1077,1101
종로구,458. 광화문역 5번출구,202504,2435,2204
용산구,845. 용산 선인상가,202504,654,734
성동구,3530. 왕십리자이아파트 후문(삼거리),202504,356,235
성동구,3531. 논골사거리(금호도서관 입구),202504,261,58
성동구,3532. 왕십리KCC스위첸아파트,202504,251,159
종로구,461. 서울지방경찰청,202504,814,800
중구,346. 맥스타일 앞,202504,896,905
강동구,1060. 천일초교 사거리,202504,830,829
강동구,1061. 천호초교 입구 사거리(일주빌딩),202504,1044,1047
강동구,1058. 고덕숲 아이파크 1,202504,327,318
동대문구,661. 경희대학교 청운관,202504,1161,1147
강동구,1059. 래미안 강동팰리스(102동),202504,1705,1265
송파구,2604. 풍납토성 서성벽터A,202504,1535,1646
동대문구,656. 영휘원 교차로,202504,891,976
동대문구,657. 동대문롯데캐슬아파트 앞,202504,1572,1662
중구,347. 동대문역사문화공원역 9번출구 앞,202504,688,656
동대문구,659. 제기동역 1번출구,202504,2573,2518
동대문구,660. 동의보감타워,202504,2111,2264
성북구,1370. 복자사랑 피정의 집,202504,228,129
성북구,1372. KEB은행 고대점,202504,1055,843
성북구,1373. 성북구보건소 건너편,202504,818,809
도봉구,1741. 제일강산수산입구,202504,1426,1159
노원구,1688. 마들역 7번출구,202504,2368,2476
노원구,1689. 마들역 3번출구,202504,1604,1675
노원구,1690. 도봉운전면허시험장 버스정류장 옆,202504,1455,1466
노원구,1691. 노원정보도서관,202504,1657,1657
강서구,1184. 마곡13단지,202504,3587,3594
강서구,1185. 등촌9단지,202504,1767,1585
강서구,1186. 송정중학교,202504,1100,1138
금천구,"1858. 500번,507번 버스 종점 앞",202504,378,402
영등포구,283. 아크로타워 스퀘어(영등포시장),202504,2843,2615
종로구,349. 어린이도서관,202504,745,734
영등포구,284. 센트럴 푸르지오 시티 앞,202504,2298,2012
영등포구,285. 콤텍시스템 앞,202504,826,868
영등포구,286. 우성아파트 교차로,202504,1067,1138
영등포구,287. 영등포전화국사거리 (서강어린이공원),202504,2551,2576
서초구,2508. 양재이스타빌 앞,202504,219,271
서초구,2509. 심산기념문화센터,202504,917,867
송파구,2605. 복정역 1번 출구 앞,202504,1935,1977
송파구,2606. 위례동주민센터,202504,2021,2267
광진구,3533. 건대입구역 사거리(롯데백화점),202504,6146,6639
광진구,3534. 건대입구역 5번출구 뒤,202504,5264,5501
광진구,3536. 중앙농협(자양동),202504,2632,2662
광진구,3537. 아차산 휴먼시아 아파트 옆,202504,657,272
강북구,1546. 송천동우체국,202504,337,497
동작구,2069. 숭실대 입구역3번 출구 앞,202504,594,460
중구,433. 을지로입구역 2번출구,202504,1682,1477
중구,434. 신당 래미안 버스정류장,202504,614,30
종로구,351. 청운초교 앞 삼거리,202504,667,605
중구,435. SK 남산빌딩,202504,336,326
동대문구,663. 외대앞역 3번출구,202504,1771,1797
노원구,1692. 온곡초교 교차로,202504,2143,1257
은평구,971. 역촌 센트레빌 아파트,202504,627,112
마포구,436. 이대역 5번출구,202504,648,223
강서구,1187. 강서수산물도매시장,202504,1061,1165
영등포구,288. 쌍용예가(구청별관),202504,1431,1429
관악구,2183. 동방1교,202504,711,725
강남구,2409. 역삼동 디오슈페리움 (우성아파트 사거리),202504,1056,1078
종로구,352. 중앙고입구 삼거리,202504,294,226
강남구,2410. 포스코피앤에스타워 (역삼역 3번출구 부근),202504,985,693
송파구,2608. 송파구청,202504,7145,7393
송파구,2609. 보성중고등학교 후문 앞,202504,315,282
송파구,2611. 송파지역자활센터 뒤,202504,2869,3084
송파구,2612. 광평교사거리 인근,202504,97,84
강동구,3539. 서원마을,202504,164,150
강동구,1084. 윤선생빌딩(JYP사옥),202504,4060,4589
강서구,1193. 마곡센트럴타워 1차,202504,2590,2888
강서구,"1191. 마곡역 버스정류장(마곡나루역1번출구, 웰튼병원 방면)",202504,3393,3354
종로구,353. 재동초교 앞 삼거리,202504,599,577
마포구,437. 대흥역 1번출구,202504,1099,1196
마포구,438. 성산2-1 공영주차장,202504,1537,1354
강서구,1199. 우장산역 3번출구,202504,1632,1107
강서구,1200. 개화광역환승센터,202504,340,327
구로구,1998. 고척교 교차로,202504,643,528
영등포구,289. 대림3동사거리,202504,1192,1300
영등포구,290. 새말소공원,202504,2805,2654
영등포구,291. 문래동 하이테크 시티,202504,2676,2659
서대문구,117. 홍은사거리,202504,3018,3024
종로구,354. 포르투갈 대사관 앞,202504,1054,852
영등포구,292. 영일 어린이공원,202504,1424,1339
영등포구,293. 충북 미래관,202504,3343,2949
강남구,2411. 세곡동 성당,202504,876,973
송파구,2613. 잠실나들목,202504,2834,2939
송파구,2614. 가락고등학교 앞,202504,627,489
송파구,2615. 테라타워2,202504,3360,3323
강서구,1188. 롯데중앙연구소,202504,500,530
강서구,1190. 마곡역 교차로(2번출구),202504,2632,2600
종로구,355. 서울사대부설초등학교 앞,202504,1415,1387
강서구,1192. 마곡수명산파크 209동 건너편,202504,3057,2128
강서구,1195. 코오롱One&Only타워,202504,1986,2168
강서구,1196. 서울식물원(문화센터) 건너편,202504,465,447
강서구,1197. 엠펠리체 호텔 건너편,202504,2138,2108
강서구,1198. LG 사이언스파크,202504,2192,2211
송파구,2616. 거여동 사거리,202504,467,472
송파구,2617. 가락삼환아파트 앞,202504,486,426
강서구,2701. 마곡나루역 5번출구 뒤편,202504,10316,10649
송파구,2621. 한성백제역 2번 출구,202504,3568,3652
종로구,356. KT혜화지사 앞,202504,1360,1352
송파구,2622. 올림픽공원역 3번출구,202504,7190,7156
용산구,846. 용산중학교,202504,936,873
광진구,3542. 래미안 구의파크 스위트,202504,2781,2743
성북구,1375. 생명의 전화 종합복지관 앞 교차로,202504,1162,1163
강북구,1547. 꿈의숲 롯데캐슬,202504,480,285
강북구,1548. 북서울 꿈의숲 서문,202504,897,497
도봉구,1742. 북한산 코오롱 하늘채,202504,1701,1743
강서구,2702. 마곡 엠밸리2단지,202504,1972,1982
송파구,2618. 삼전역 1번출구,202504,2090,2214
송파구,2619. 석촌고분역 4번출구,202504,2056,2188
종로구,358. 성균관대입구 사거리 A,202504,695,695
송파구,2620. 송파나루역 4번 출구옆,202504,5570,6034
양천구,765. 오목교역 3번출구,202504,5075,5495
구로구,1999. 수궁동 성당 주변,202504,484,471
구로구,2000. 신도림4차 e편한세상 아파트 1109동 앞,202504,1937,1615
금천구,1859. 대륭테크노타운 18차,202504,715,728
서초구,2510. JW타워,202504,510,299
양천구,766. 신목동역 3번출구,202504,1766,1741
서초구,2511. 이수역 6번출구 앞,202504,828,814
종로구,359. 원남동사거리,202504,1247,1421
노원구,1693. 원자력 병원,202504,614,297
동작구,2071. 대림아파트 후문 상가 옆,202504,599,85
성북구,1376. 한국과학기술연구원 중문,202504,265,230
성북구,1377. 한국과학기술연구원 북문,202504,249,230
종로구,361. 동묘앞역 1번출구 뒤,202504,4048,4413
구로구,2801. 대륭포스트타워1차,202504,2097,2235
마포구,440. 하늘공원 입구,202504,1196,1151
종로구,464. 삼청동 골목,202504,1032,996
관악구,2185. 대학동 고시촌,202504,839,824
동대문구,664. 서울시립대 건설공학관,202504,437,388
종로구,465. 삼청공원 앞,202504,169,113
종로구,362. 청계8가사거리 A,202504,2517,2576
광진구,3543. 세종대학교(학술정보원),202504,772,748
중구,441.염천교사거리,202504,1038,1039
강동구,1063.강동롯데캐슬퍼스트 아파트(관리동),202504,497,461
강동구,1064.중앙보훈병원역 1번출구,202504,696,565
강동구,1065.보훈병원 후문옆(더 원커피),202504,968,848
강동구,1066.생태공원앞 교차로(조명탑),202504,137,104
강동구,1067.한영중고앞사거리,202504,521,507
강동구,1068.명일파출소,202504,882,840
중구,442.서울역 서부,202504,436,464
중구,443.호암아트홀,202504,247,246
종로구,363. 신설동역 11번출구 뒤,202504,1926,1998
중구,445.대한상공회의소,202504,911,876
중구,466.롯데호텔,202504,501,409
중구,467.한국은행,202504,682,688
중구,468.웨스틴 조선호텔,202504,408,427
중구,469.회현역 1번출구,202504,362,350
중구,470.회현역 7번출구,202504,298,272
중구,471.회현사거리 남측,202504,703,700
중구,472.삼일교(시그니쳐 타워),202504,1466,1401
중구,473.을지로4가역 9번출구,202504,1964,1900
종로구,364. 창신역 1번출구 앞,202504,591,412
중구,474.동대문역사문화공원역 1번출구 뒤편,202504,2249,1830
중구,475.DDP 패션몰,202504,1570,1399
중구,476.광희문,202504,832,853
중구,477.앰배서더 호텔 주변,202504,692,181
중구,479.동대입구역 3번 출구,202504,332,330
중구,480.약수역 6번 출구,202504,374,382
중구,483.남산타운아파트 버스정류장,202504,178,147
중구,485.서울역5번출구,202504,1194,1234
송파구,2641.송파역 4번출구,202504,3388,3399
송파구,2642.마천동 성내천 쉼터,202504,1189,1202
송파구,2643.풍납중학교 측면,202504,477,450
송파구,2644. 성내5교,202504,1371,1611
송파구,2645.잠실나들목2(엘스아파트136동),202504,2308,2413
종로구,3401.창신두산아파트,202504,223,222
종로구,3402.이화공영주차장,202504,392,365
마포구,113. 홍대입구역 2번출구 앞,202504,5507,7260
종로구,367. 독립문역 3-1번출구 ,202504,1291,844
종로구,3404.서울특별시 중부교육지원청,202504,177,164
종로구,3405.파크팰리스,202504,769,647
종로구,3407.안국동사거리(신),202504,1445,1429
종로구,3408.종로타워빌딩,202504,1127,1129
종로구,3410.종로3가역 8번출구,202504,2640,2669
종로구,3411.종묘,202504,1538,1573
종로구,3412.세운상가,202504,934,929
종로구,368. SK 서린빌딩 앞,202504,1751,1846
종로구,3413.종로플레이스,202504,2530,2612
종로구,3414.종로5가역 4번출구,202504,1278,1272
종로구,3415.동대문역6번출구,202504,1496,1604
종로구,3416.동묘앞역 6번출구,202504,532,547
종로구,3417.창신3동주민센터,202504,1134,1070
종로구,3418.창신역2번 출구,202504,127,111
종로구,3419.국립어린이과학관,202504,509,442
종로구,3420. 성균관대입구 사거리 B,202504,1043,1035
종로구,3421.혜화역 1번출구,202504,1792,1820
종로구,3422.성균관대 정문,202504,1984,1776
종로구,3425.광화문 풍림스페이스본 1단지앞,202504,1131,825
종로구,3426.독립문역 2번출구 뒤,202504,394,236
종로구,3427.인왕산 아이파크 정문,202504,248,208
종로구,3428.서울미술관,202504,102,62
종로구,3429.HW컨벤션센터 앞,202504,175,45
종로구,3430.구기치안센터 앞,202504,170,29
종로구,3431.로제우스 레포츠센터,202504,177,111
종로구,3432.종로2가 사거리,202504,969,939
종로구,348. 독립문역 사거리,202504,1038,711
강동구,1070.(시립)고덕평생학습관,202504,1280,963
강동구,1072.고덕역 5번출구,202504,1957,1737
강동구,1073. SSTS 몰 앞,202504,759,776
강동구,1074.대명초교입구 사거리,202504,1481,1431
강동구,1075.천동초교 삼거리,202504,2062,2090
강동구,1076. 천동초교입구사거리 버스정류장(십자성마을 방면),202504,2043,2133
강동구,1077.강동역 1번출구 앞,202504,2845,2594
강동구,1078.둔촌사거리,202504,4604,4607
강동구,1079.강일동입구교차로,202504,679,657
강동구,1080.천호지하주차장 5번 출입구,202504,1035,988
강동구,1081.트레빌빌딩,202504,1925,1579
강동구,1083.광문고교사거리(아이파크),202504,748,681
강동구,1085.래미안 솔베뉴(고덕로),202504,1129,701
강동구,1086.래미안 솔베뉴(구천면로),202504,564,554
강동구,1088.풍납사거리(강동),202504,1735,1709
강동구,1089.고덕 래미안힐스테이트(201동),202504,613,333
중구,370. 시청역(2호선) 9번출구 뒤,202504,1902,1614
강동구,1090.상일동역 2번출구 앞,202504,1880,1908
송파구,2623.석촌동 주민센터,202504,3538,3441
송파구,2625.가락종합 사회복지관,202504,382,318
송파구,"2626.경찰병원역 1,2번 출구 사이",202504,658,654
송파구,2627.문정시영아파트 5동 앞 공원,202504,1571,675
송파구,2628.문정역 1번출구,202504,3842,4126
송파구,2630.서울방이동 고분군,202504,2293,2181
송파구,2631.배명고등학교,202504,804,881
송파구,2632.석촌고분역 2번 출구,202504,2594,2825
중구,371. 동대입구역 6번출구 뒤,202504,647,640
송파구,2633.송파학사 옆,202504,1088,976
송파구,2634.위례포레샤인아파트 2318동,202504,684,764
송파구,2635.잠실새내역 1번출구,202504,2878,2653
송파구,2637. 아시아지하보도 14번 출구,202504,2967,2999
송파구,2639.석촌역 8번출구,202504,4049,3989
송파구,2646.레이크펠리스101동앞,202504,3614,3697
송파구,2647.잠실 자전거 수리센터 앞,202504,1829,1899
송파구,2648.헬리오시티 112동 앞,202504,1481,1350
중구,372. 약수역 3번출구 뒤,202504,525,533
송파구,2649.오금공원사거리2,202504,478,243
송파구,2650.위례22단지 2208동 다리앞,202504,458,465
송파구,2651.경찰병원역 3번출구 앞,202504,1510,1512
송파구,2652.송파 레미니스1단지 102동 앞,202504,984,762
송파구,2653.올림픽공원사거리(선수촌아파트),202504,1453,1428
송파구,2654.올림픽선수촌아파트 136동 앞,202504,845,646
송파구,2655.송이공원,202504,969,712
송파구,2657.송파 파인타운 11단지 ,202504,859,802
송파구,2656.풍납동 아이파크 107동 앞,202504,1519,1527
강남구,2413.도곡역 1번 출구,202504,1334,1538
강남구,2414. 도곡역 아카데미스위트 앞,202504,1435,1534
강남구,2415.한티역 롯데백화점 앞,202504,1063,1041
강남구,2416.한티역 6번 출구,202504,672,667
강남구,"2417.선정릉 디캠프(D,CAMP)앞",202504,283,275
강남구,2418.봉은사역 7번 출구 ,202504,832,836
강남구,"2419.봉은사역 1,2번 출구 ",202504,796,766
강남구,2420.학여울역 사거리(LG베스트샵 앞),202504,1020,947
강남구,2422.수서동 성당 맞은편,202504,610,604
강남구,2423.영희초교 사거리(래미안개포루체하임),202504,1384,1439
중구,374. 청구역 2번출구 앞,202504,1320,1495
강남구,2425.세곡동 사거리(대왕초등학교 정류장),202504,206,226
강남구,2426.강남한신휴플러스 6단지,202504,634,597
강남구,2427.개포고등학교 정문앞,202504,775,814
강남구,2429.압구정로데오역 6번출구,202504,924,918
강남구,2430.강남파이낸스센터앞(역삼역2번출구),202504,733,452
강남구,2431.대치역 7번출구,202504,1410,1423
서초구,2514.사평역 2번출구,202504,802,731
마포구,118. 광흥창역 2번출구 앞,202504,731,722
서초구,2515.서초초등학교 후문,202504,1175,1176
서초구,2516.본마을 노인복지센터 앞,202504,318,358
서초구,2517. 서초그랑자이 앞,202504,493,482
서초구,2518. 서초동 현대아파트 앞,202504,520,535
서초구,2519.서초2교(사임당로 방면),202504,196,186
서초구,2520.서초1교 (진흥아파트 방면),202504,443,419
서초구,2521.서초 크로바타워 앞,202504,661,742
서초구,2523.뉴코아 킴스클럽 앞,202504,1104,1222
서초구,2524.반포쇼핑타운 8동 앞,202504,966,990
서초구,2525.반포쇼핑타운 2동 앞,202504,2848,3586
서초구,2529.우리은행 방배동지점 앞,202504,792,788
서초구,2530.삼호3차아파트 앞,202504,1224,1312
서초구,2531.멤피스아파트 앞,202504,1547,1559
서초구,2532.국립국악원 앞,202504,265,44
서초구,2533.한가람미술관 앞,202504,364,271
서초구,2535.신반포역 3번출구 뒤,202504,426,453
서초구,2536.서초종합체육관 입구,202504,120,103
서초구,2537.양재역 8번출구 앞,202504,1572,1229
서초구,2538.사평리근린공원,202504,1586,1645
서초구,2540.반포천 앞,202504,1110,1187
서초구,2541.옛골 입구,202504,153,39
서초구,2542.신논현타워 앞,202504,1246,1165
서초구,2545.국립중앙도서관(국제회의장옆),202504,479,152
금천구,1861.IBK기업은행 석수역 지점 앞,202504,147,125
금천구,1862.스타즈호텔독산 빌딩 앞,202504,759,688
금천구,1863.위너스 스포츠클럽 골프연습장옆,202504,383,319
금천구,1864.산호시티빌 옆,202504,337,162
금천구,1865.금천구청앞(M빌딩),202504,271,298
금천구,1866.서울안천초등학교 옆,202504,202,195
금천구,1867.대륭포스트타워6차 앞,202504,4844,5479
금천구,1868.우리은행 시흥남자동화점 앞,202504,508,503
중구,379. 서울역9번출구,202504,940,939
금천구,1869.롯데캐슬골드파크3차 301동 앞,202504,1068,1046
금천구,1870.독산3동주민센터 앞,202504,740,369
구로구,2804.항동지구 6단지 602동 앞,202504,236,237
구로구,2805.구로자원순환센터 ,202504,108,97
구로구,2806.항동지구 4단지 입구,202504,189,109
구로구,2807.항동지구 1단지 105동 앞,202504,210,243
구로구,2808.항동지구 2단지 202동 앞,202504,166,168
구로구,2809.항동지구 11단지 1103동 앞,202504,75,111
중구,380. CJ제일제당 앞,202504,1236,1452
구로구,2810.항동지구 3단지 311동 앞,202504,87,123
구로구,2812.항동프라자,202504,487,538
구로구,2813.항동지구 3단지 302동 앞,202504,95,82
구로구,2814.항동지구 10단지 1001동 앞,202504,221,183
구로구,2815.항동지구 7단지 정문,202504,397,347
구로구,2816.항동지구 8단지 803동옆(주차장입구),202504,77,74
구로구,2817.천왕이펜하우스5단지 앞,202504,334,162
구로구,2818.천왕이펜하우스3단지 앞,202504,420,169
구로구,2819.하늘숲초등학교 앞,202504,859,1364
중구,381. 장충체육관,202504,184,78
구로구,2820.신세기아파트 앞,202504,788,759
구로구,2821.청구아파트 앞,202504,1154,1129
구로구,2822.제니스스포츠 앞,202504,471,420
구로구,2823.중앙유통단지 앞,202504,1140,1139
구로구,2824.미래사랑어린이공원 앞,202504,3809,3936
구로구,2825.초롱타운 앞,202504,317,277
구로구,2826.가마산지하보도 옆,202504,538,619
영등포구,295.영등포공원 분수대 앞,202504,351,331
영등포구,296.KT플라자 영등포점,202504,2759,2545
영등포구,297.국회3문,202504,209,221
중구,382. 약수역 10번출구 앞,202504,380,407
영등포구,298.KBS 연구동 건너편,202504,935,833
영등포구,299.여의도 순복음교회,202504,389,385
영등포구,3201.당산skv1센터,202504,1832,1866
영등포구,3202.당산롯데캐슬프레스티지,202504,3210,3068
영등포구,3203.도림동배드민턴체육관,202504,1427,1343
영등포구,3204.도림고가도로 밑,202504,1320,1172
영등포구,3205.문래현대2차,202504,2463,2457
영등포구,3206.문래동 주민센터,202504,1402,1399
영등포구,3207.양남사거리1,202504,699,671
중구,383. 신당역 12번 출구 뒤,202504,4231,4444
영등포구,3211.신길 래미안 프레비뉴,202504,670,591
영등포구,3212.신풍역 6번출구,202504,1354,1459
영등포구,3214.영등포 푸르지오 아파트 A,202504,1937,1659
영등포구,3215.강변삼성래미안,202504,1765,1497
중구,384. 종로학원본원 ,202504,374,367
영등포구,3219.영등포역 1번출구,202504,3745,4232
영등포구,3220.래미안에스티움 앞 (신풍로),202504,1186,1219
영등포구,3221.서울특별시 남부교육지원청,202504,965,936
양천구,767.신정숲속마을아파트,202504,768,307
양천구,768.목동5단지아파트 501동,202504,2169,2110
양천구,769.CBS방송국 앞,202504,5343,5632
양천구,770.목동역5번출구,202504,3573,3980
양천구,771.목동아파트 703동 앞,202504,2482,2668
양천구,"773.염창역 3, 4번 출구 사이",202504,1491,1503
마포구,114. 홍대입구역 8번출구 앞,202504,1680,1692
마포구,142. 아현역 4번출구 앞,202504,798,829
양천구,774.등촌역 4번 출구 ,202504,800,798
양천구,775.세종그랑시아 앞(102동),202504,1036,692
양천구,776.목마공원,202504,584,567
양천구,777.신월6차보람아파트 앞,202504,1061,1163
양천구,779. 신정1동 주민센터 앞,202504,3368,3629
양천구,780.신정교 하부,202504,3512,3672
양천구,781.신정보도육교 아래,202504,5041,5066
양천구,782.서남병원 후문,202504,1073,651
마포구,143. 공덕역 2번출구,202504,1727,2276
양천구,"785.양천구청, 보건소 사잇길",202504,5343,5548
양천구,786.목동아파트 8단지 상가동 앞,202504,2141,2153
양천구,787.양천아파트 입구,202504,3568,3360
양천구,788.양천구청역 2번출구 옆,202504,3077,3251
양천구,791.현대하이페리온,202504,3032,3041
양천구,792.목동트라팰리스 웨스턴에비뉴,202504,4997,5052
강서구,2703.서울도시가스 앞 ,202504,1040,756
종로구,486. 평창동주민센터 앞,202504,138,82
강서구,2704.홈플러스(강서점),202504,3310,3505
강서구,2706.강서공업고등학교 앞,202504,971,962
강서구,2707.한강아파트,202504,1701,1535
강서구,2708.강서한강자이타워 앞,202504,3439,3524
강서구,2709.강변아파트 310동 앞,202504,1489,1404
강서구,2710.라이품 공영주차장 앞,202504,1474,1313
강서구,2711.가로공원공영주차장 1번 출구,202504,1158,1304
강서구,2712.화곡터널입구교차로,202504,875,299
강서구,2713.우장초등학교 앞,202504,1896,1844
마포구,145. 공덕역 5번출구,202504,1548,1968
강서구,2715.마곡나루역 2번 출구 ,202504,14514,14848
강서구,2716.롯데 R&D 센터,202504,857,880
강서구,2717.LG유플러스 마곡사옥,202504,4131,5588
강서구,2718.마곡수명산파크1단지,202504,2543,2234
강서구,2719.마곡문화공원,202504,3414,4344
강서구,2720.힐스테이트에코,202504,3057,3066
강서구,2721.등촌1-10단지 교차로,202504,4903,4844
양천구,793.목동5단지아파트 534동,202504,3074,2965
마포구,146. 마포역 2번출구 뒤,202504,2549,2701
강서구,2723.마곡 필네이처,202504,3264,3476
강서구,2724.(재)FITI시험연구원,202504,1841,1433
강서구,2725.서울식물원 식물문화센터,202504,1592,1260
강서구,2727.서울식물원 잔디마당 앞,202504,2251,2417
강서구,2728.마곡나루역 3번 출구,202504,9893,9875
강서구,2729.넥센 유니버시티 앞,202504,2036,2107
강서구,2730.마곡메가박스 앞,202504,2295,2288
강서구,2731.명덕고교,202504,1604,1994
강서구,2732.마곡수명산 1-2단지 ,202504,2413,1820
마포구,147. 마포역 4번출구 뒤,202504,3240,3870
강서구,2733.마곡13단지 정문 앞,202504,5245,4614
강서구,2737.까치산역 3번 출구,202504,1325,1505
강서구,2739.수명산파크1단지교차로,202504,4048,4108
강서구,2740.마곡레포츠센터,202504,1292,1311
강서구,2741.마곡수명산파크5-6단지,202504,2069,1678
강서구,2742.강서구민올림픽체육센터,202504,2838,3088
마포구,148. 용강동 주민센터 앞,202504,1137,1121
노원구,1696.수락리버시티4단지,202504,601,631
노원구,1697.상계주공2단지 219동,202504,1549,1473
노원구,2901.공릉동풍림아파트 101동,202504,1433,1470
노원구,2902.공릉풍림아파트 108동,202504,1266,1319
노원구,2903.월계초안아파트 1단지,202504,502,486
마포구,150. 서강대역 2번출구 앞,202504,1143,1142
노원구,2904.중계3차청구아파트,202504,1314,1278
노원구,2907. 월계중학교,202504,590,91
노원구,2908. 광운대학교 중앙도서관,202504,2008,1974
노원구,2909. 석계역 3번 출구,202504,1587,1623
노원구,2910.도깨비시장,202504,1530,1751
노원구,2911.상계역중앙시장,202504,1383,1357
노원구,2912.대진고등학교,202504,1315,914
노원구,2913.상계8동 주민센터,202504,1739,1874
노원구,2914.서울과학기술대학교(미래관),202504,965,1247
노원구,2915.서울과학기술대학교(어학교육원),202504,2869,2156
노원구,2917.신창중학교 후문 맞은편 버스정류장,202504,1145,1277
노원구,2919.등나무 근린공원(시립북서울미술관 앞) ,202504,3337,3453
노원구,2920.상계중학교(당현2교사거리),202504,926,893
노원구,2921.중계역 2번출구,202504,2351,2929
도봉구,1743.창동19단지아파트 관리사무소앞,202504,997,1011
도봉구,1744.도봉소방서 옆,202504,1947,2071
도봉구,1749. ESA아파트 상가 앞,202504,1191,1241
도봉구,1750. 창포원 남쪽 입구,202504,896,972
도봉구,1751. 창원초등학교 교차로,202504,683,608
도봉구,1752. 창동 주공 4단지 입구 옆,202504,600,737
도봉구,1754. 창동시장입구 사거리,202504,897,842
마포구,119. 서강나루 공원,202504,1643,1660
마포구,153. 성산2교 사거리,202504,2074,2065
도봉구,1756.서울북부광역등기국,202504,278,284
도봉구,1757.솔밭공원역 1번출구 앞,202504,441,408
도봉구,1758.솔밭공원역 1번출구 주변,202504,622,605
도봉구,1759.서울북부지방법원 앞,202504,651,689
도봉구,1761.방학중학교 앞,202504,316,258
도봉구,1762.북한산 한신휴플러스APT앞,202504,1470,1544
마포구,154. 마포구청역 ,202504,2604,3040
도봉구,1765.쌍문역 1번출구 주변,202504,1264,1146
도봉구,1767.방학초등학교 앞,202504,1197,1599
도봉구,1768.신동아타워 버스정류소,202504,503,511
도봉구,1770.도봉한신아파트 주변,202504,1191,1230
도봉구,1771.성원APT버스정류소,202504,992,616
도봉구,1772.시립도봉노인복지관 버스정류소,202504,654,631
도봉구,1774.정의여중고 버스정류소,202504,448,451
마포구,155. 가좌역1 번출구 앞,202504,1434,1317
도봉구,1775.신원리베르텔 앞,202504,1583,1993
강북구,1550.삼각산아이원아파트(105동 옆),202504,144,4
강북구,1551.4.19탑 앞,202504,763,491
강북구,1552. 강북구청사거리,202504,1528,1511
강북구,1553.서울북부고용노동지청,202504,780,774
강북구,1554.번동사거리,202504,524,518
강북구,1557.신창교,202504,1065,1129
마포구,156. 서울서부지방법원 앞,202504,777,842
강북구,1558.강북문화정보도서관,202504,366,251
강북구,1560. 도봉세무서 앞,202504,943,956
강북구,1564.4.19민주묘지역 1번출구,202504,944,967
강북구,1565.수유사거리,202504,1045,1054
강북구,1568.4.19민주묘지 입구사거리,202504,595,592
강북구,1569.수유역2번출구,202504,3076,3114
마포구,157. 애오개역 4번출구 앞,202504,1581,1746
마포구,488.푸르메병원,202504,1369,1417
마포구,489.구룡근린공원,202504,471,353
마포구,490.가온문화공원,202504,1437,1363
마포구,491.월드컵파크 4단지,202504,501,439
마포구,493.홍대입구역 6번출구,202504,1533,1563
마포구,494.신수동주민센터,202504,387,381
마포구,495.염리초등학교 앞,202504,1213,1322
마포구,497.합정동주민센터 앞,202504,2566,1877
마포구,498.연남동주민센터 앞,202504,2364,2541
서대문구,159. 이대역 4번 출구,202504,400,226
마포구,3002.벽산상암스마트큐브 ,202504,2777,2751
마포구,3003.래미안신공덕3차아파트,202504,122,42
마포구,3005.마포구청 청사내,202504,302,297
마포구,3006. 상암월드컵파크5단지(상암중학교),202504,685,698
마포구,3007.MBC 앞,202504,891,938
마포구,3008.DMC역7번출구,202504,933,663
마포구,3009. 홍대입구역 사거리,202504,1834,1932
마포구,3010.홍대입구역 3번출구,202504,3400,3385
서대문구,160. 북아현동 가구거리,202504,476,400
용산구,848. 삼각지12번 출구,202504,562,590
용산구,849. 삼각지 자이아파트,202504,962,971
용산구,850. KCC용산월츠타워 ,202504,497,550
용산구,851.효창 푸르지오 앞,202504,546,164
용산구,852. 청암자이아파트 앞,202504,976,595
용산구,853.용산역 맞은편,202504,3515,3614
용산구,854.HID 유족동지회 앞,202504,116,73
용산구,855.이촌역5번출구 앞,202504,203,187
서대문구,161. 무악재역1번 출구,202504,243,226
용산구,857. 현대 안성타워,202504,263,105
용산구,858.녹사평역3번 출구,202504,399,185
용산구,859.남산공원 야외식물원 앞,202504,130,70
용산구,860.LG한강 자이아파트 앞,202504,1387,1378
용산구,863.이촌역2번 출구,202504,488,486
용산구,864.순천향대학병원(한남오거리),202504,598,585
서대문구,162. 봉원고가차도 밑,202504,804,231
용산구,866.브라운스톤 남산아파트,202504,682,361
용산구,867.서빙고역 광장(1번출구),202504,399,409
서대문구,3109.북한산더? 106동 앞,202504,324,297
서대문구,3110.홍은 현대아이파크 아파트 202동 앞,202504,752,750
서대문구,3111.무악재역 4번 출구,202504,240,231
서대문구,3114.충정로역 3번 출구,202504,341,246
서대문구,3113. 독립문 앞,202504,652,539
마포구,120. 신수동 사거리,202504,538,596
서대문구,163. 명지전문대학교 정문 앞,202504,588,591
서대문구,3115.북아현 치안센터 인근,202504,900,754
서대문구,3116.신촌역 4번출구,202504,631,638
서대문구,3117.이화여대 인문관 인근,202504,294,251
서대문구,3119.연희 브라운스톤 아파트 앞,202504,1334,1317
서대문구,3120.DMC엘가아파트 앞,202504,1294,1264
서대문구,3121.가좌삼거리,202504,1306,1260
서대문구,3122.북가좌삼거리2,202504,714,696
서대문구,3123.DMC파크뷰자이1단지 110동 앞,202504,921,900
서대문구,164. 북가좌1동 주민센터 ,202504,516,444
서대문구,3125.연희파크푸르지오아파트 앞,202504,1387,1329
서대문구,3127.홍은2파출소 옆,202504,700,686
서대문구,3128.동신병원 맞은편,202504,1632,1620
서대문구,3129.DMC래미안e편한세상203동옆,202504,693,695
서대문구,3130.가재울사거리,202504,973,546
서대문구,3131.연가교 교차로,202504,1255,1128
서대문구,3132.홍제교,202504,660,649
서대문구,3134.SK리쳄블(서울아리수본부),202504,438,341
서대문구,165. 중앙근린공원,202504,1213,971
성북구,1379.길음뉴타운푸르지오아파트 3단지,202504,200,11
성북구,1380.월곡역 5번출구 앞,202504,1701,2020
성북구,1381.석계역 4번출구 뒤,202504,2696,2750
성북구,1384.성신여대입구역 5번출구,202504,1394,1378
성북구,1385.성신여대입구역 3번출구 앞,202504,1448,1449
성북구,1386.동선고가차도 초입,202504,313,316
성북구,1388. 돈암초교입구 버스정류장(한성대입구역 방면),202504,687,674
서대문구,166. 가재울 초등학교,202504,1640,1553
성북구,1390.석관래미안아트리치,202504,1412,1480
성북구,1391.성북청소년센터,202504,566,573
성북구,1392.돈암삼성풍림아파트,202504,192,26
성북구,1393.돈암육교 하단,202504,227,76
성북구,1394.길음뉴타운 래미안9단지,202504,647,672
성북구,1395.래미안장위포레카운티(102동),202504,1099,1074
성북구,1396.래미안장위퍼스트하이(513동),202504,1282,1377
용산구,869.노들섬 동측 앞,202504,499,488
서대문구,167. 연가초등학교 옆,202504,604,111
용산구,870.노들섬 서측 앞,202504,4534,4593
은평구,973.제각말푸르지오 5-1단지 아파트,202504,214,94
은평구,974.연신초등학교옆 마을마당,202504,182,112
은평구,975.백련산 힐스테이트상가앞,202504,613,121
은평구,976.진관고등학교앞,202504,601,617
은평구,977.신도중학교앞,202504,176,53
은평구,978.녹번 힐스테이트상가앞,202504,293,180
은평구,979.원풍빌라앞,202504,764,649
은평구,982. 녹번초등학교(서오릉로),202504,900,911
은평구,984.상신초등학교앞 버스정류장,202504,936,909
은평구,985. 은평세무서 버스정류장(은평구청 방면),202504,1115,1157
은평구,989. 신응교(가좌로) 앞,202504,1462,1878
은평구,991.흥국사 정류장,202504,126,111
서대문구,169. 북가좌 삼거리,202504,559,516
은평구,992.북한산입구 정류장,202504,158,138
은평구,993.은평뉴타운 은뜨락아파트앞,202504,417,180
은평구,994.북한산생태공원입구(교통섬),202504,205,186
은평구,995.은평다목적체육관,202504,379,282
은평구,996.응암역2번출구 국민은행 앞,202504,3611,5007
동대문구,665.이문동 쌍용아파트 정문,202504,895,1006
동대문구,666.이문대성유니드아파트 앞,202504,790,783
동대문구,667.청량차도 육교 밑,202504,575,427
동대문구,669.청계한신휴플러스앞 삼거리,202504,1439,1458
서대문구,170. DMC파크뷰자이아파트 302동 앞,202504,934,930
동대문구,670.삼육서울병원 버스정류장,202504,3284,3402
동대문구,671.대광빌딩,202504,493,478
동대문구,672.대광고등학교,202504,909,977
동대문구,673.안암골벽산아파트(후문),202504,855,790
동대문구,674.고대앞사거리 교통섬,202504,1268,1360
동대문구,676.FITI시험연구원 앞,202504,708,712
동대문구,678.장안힐스테이트(아) 앞,202504,1812,2136
동대문구,679.전농SK아파트 앞,202504,354,305
서대문구,171. 임광빌딩 앞,202504,648,651
동대문구,680.꿈마루어린이도서관 앞,202504,1563,1494
동대문구,681.서울특별시 동부교육지원청(육교),202504,225,231
중랑구,1461.동양엔파트 앞,202504,684,694
중랑구,1462.동부시장 북문 앞,202504,1803,1937
중랑구,1463.중랑구민회관,202504,273,309
중랑구,1464.중화역 4번출구,202504,975,953
중랑구,1466.두산대림아파트 삼거리,202504,384,469
중랑구,1467.sk신내 주유소앞(용마산로),202504,258,351
중랑구,1468.먹골역 7번 출구,202504,865,1053
중랑구,1469.먹골역 4번출구,202504,947,1100
중랑구,1470.중화동 우리은행 앞,202504,1278,1338
중랑구,1471.동양쇼핑 정류소 앞,202504,1421,1651
중랑구,1472.영성빌딩(PAT),202504,891,1144
중랑구,1473.중랑역 1번 출구(중화문화복지센터),202504,1029,1187
중랑구,1474.서울중랑우체국,202504,605,594
중랑구,1477.면목삼익아파트 앞,202504,278,280
중랑구,1478.홈플러스 상봉점 앞,202504,1420,1456
마포구,121. 마포소방서 앞,202504,728,741
서대문구,173. 서대문역 8번출구 앞,202504,297,281
중랑구,1479.면목 홈플러스 2 ,202504,644,739
중랑구,1480. 용마지구대 B,202504,686,732
광진구,3563.구의7단지현대아파트,202504,313,317
광진구,3566.우성4차아파트,202504,1815,1746
광진구,3569.건대병원후문,202504,5113,5225
광진구,3570.구의역 리버비스타 오피스텔,202504,3613,3683
서대문구,175. 홍연2교옆,202504,1092,1089
광진구,3571.화양 APT(횡단보도 옆),202504,4267,4076
광진구,3573.광나루안전체험관,202504,1440,1290
광진구,3575. 자양사거리(서원빌딩),202504,3949,3903
광진구,3579.광진 캠퍼스시티,202504,2707,2517
서대문구,179. 가좌역 4번출구 앞,202504,1904,1929
광진구,3581.광진광장,202504,2770,1970
광진구,3582.화양동 우체국,202504,2957,2699
광진구,3586.군자역 비채온 오피스텔,202504,2357,2414
성동구,3544.한양대역 3번 출구,202504,2113,2046
성동구,3545.한양대역 1번출구,202504,837,760
성동구,3547.상왕십리역 6번 출입구,202504,877,496
서대문구,180. 충정로역 7번출구 아래,202504,637,427
성동구,3548.뚝섬역 6번출구,202504,2496,2192
성동구,3549.건영아파트 앞,202504,2106,2089
성동구,3550.금호나들목,202504,1632,1700
성동구,3551.성동도로사업소,202504,694,739
성동구,3552.서울숲 공영주차장앞,202504,1585,1584
성동구,3553.마장역3번출구,202504,668,692
성동구,3555.양지사거리(센트라스APT 115동앞),202504,226,193
성동구,3556.신금호파크자이APT앞,202504,493,45
성동구,3557.서울숲리버뷰자이APT105동 앞,202504,634,592
성동구,518. 청계천 박물관 앞,202504,902,856
성동구,3558.마장동 금호어울림APT앞,202504,324,278
성동구,3559.성동구민종합체육센터 앞,202504,3119,3236
성동구,3560.성동구 견인차량 보관소 앞,202504,1694,1486
성동구,3561.행당동 삼부APT후문,202504,281,159
성동구,519. 양지사거리,202504,1085,959
동작구,2077.노들역 3번출구,202504,1218,1304
동작구,2078.흑석 아크로리버하임(103동),202504,157,26
동작구,2079.중앙대학교 중앙광장,202504,161,153
동작구,2080. 대방지하보도(대방동경남아너스빌아파트),202504,1421,1545
동작구,2082.7호선 이수역7번출구,202504,923,910
동작구,2083.흑석롯데캐슬에듀포레(107동),202504,520,470
동작구,2084.e편한세상 상도노빌리티 앞,202504,653,541
동작구,2085.강남중학교 앞,202504,1112,998
동작구,2086.삼일수영장 앞,202504,1141,808
성동구,520. 상왕십리역 4번 출구 앞,202504,952,876
동작구,2088.상도중앙하이츠빌 입구,202504,326,273
동작구,2089.사당역10번출구(금강빌딩),202504,853,1045
동작구,2090.기아자동차 사당점 앞,202504,974,1038
동작구,2091. 이수역9번출구,202504,843,1055
동작구,2092.흑석한강푸르지오(110동),202504,272,22
동작구,2093.상도SH빌아파트 입구,202504,22,22
동작구,2094.숭실대학교(중문) ,202504,456,61
동작구,2095.경문고등학교 앞,202504,759,880
동작구,2096.서울특별시 동작관악교육지원청,202504,101,12
성동구,521. 왕십리역 11번 출구 앞,202504,1524,1543
관악구,2186. 낙성대입구삼거리,202504,483,467
관악구,2187. 현대시장사거리,202504,1304,822
관악구,2189. 봉천역 4번출구,202504,1190,1276
관악구,2190.도원맨션,202504,465,424
관악구,2191.대학동주민센터 ,202504,736,727
관악구,2195.은천교회,202504,989,948
성동구,522. 금호역 1번출구 앞,202504,326,325
관악구,2196. 봉천역 3번출구,202504,447,505
관악구,2198.사랑의병원,202504,607,643
관악구,2199.신봉천주유소 A,202504,236,238
성동구,523. 옥수동성당 옆,202504,170,94
관악구,3310.영락고등학교,202504,489,88
관악구,3311.서울대입구역 4번 출구,202504,870,959
양천구,794.양천문화회관,202504,2689,2679
양천구,795.양천 해누리타운,202504,3306,3175
양천구,796.목동아파트 14단지 B상가 앞,202504,2554,2645
양천구,797.목동아파트 1422동 1434동 사잇길,202504,4245,4252
마포구,122. 신성기사식당 앞,202504,825,832
성동구,524. 래미안금호하이리버 아파트 102동 옆,202504,384,350
강북구,1571.북서울 꿈의 숲 입구,202504,376,495
강북구,1572. 우이동 먹거리마을,202504,175,115
강북구,1573.현대성우아파트 옆,202504,232,140
서초구,2539.대한무역투자진흥공사 KOTRA 앞,202504,1494,1530
강북구,1574.송중초등학교 옆,202504,429,497
성북구,1382.래미안월곡아파트 입구,202504,1076,1062
광진구,3587.우성식품 앞,202504,1718,1738
광진구,3588.세종대학교(영실관),202504,795,782
송파구,2658.가락몰 업무동,202504,1729,1769
성동구,525. 한양대병원사거리,202504,1633,1244
송파구,2659.서울친환경유통센터,202504,268,250
강서구,2744.강서세무서 앞,202504,2923,2920
강서구,2745.수명초등학교,202504,2398,2153
서초구,2547. 반포래미안 리오센트,202504,975,1051
서초구,2548.반포1동 자율방범초소 옆,202504,469,250
서초구,2549.LH 서초 4단지 403동,202504,674,669
서초구,2550.양재동 꽃시장 건너편,202504,837,837
강서구,2746.수명산파크 4단지 411동 앞,202504,1771,1675
성동구,526. 용답토속공원 앞,202504,897,930
성동구,3600.사근빗물펌프장 건너편,202504,3534,3738
중구,3013.서울지방고용노동청 앞,202504,2015,2086
강동구,3652. 한영외국어고등학교,202504,278,281
은평구,4652. 신사두산위브2차아파트 앞,202504,1242,1071
성동구,AS센터,202504,1,1
종로구,4711. 올림픽기념 국민생활관 로터리,202504,1587,1480
관악구,3802. 관악구민체육센터,202504,547,523
성동구,529. 장한평역 8번 출구 앞,202504,5525,5327
중구,4760. 서울역 7번출구,202504,201,200
중구,4765. 동대문디자인플라자,202504,1689,1574
중구,4766. 서소문성지역사박물관,202504,450,349
중구,4781. 브라운스위트레지던스,202504,257,196
중구,4782. 서소문역사공원,202504,110,90
구로구,3906. 천왕차량사업소 입구,202504,713,1037
용산구,4604. 원효로다목적체육관 앞,202504,498,467
용산구,"4605. 노들섬 다목적홀(동쪽) 숲, 앞",202504,416,403
용산구,4607. 국립중앙박물관 -용산가족공원 앞,202504,535,431
성동구,530. 청계벽산아파트 앞,202504,1949,2127
용산구,4608. 국립중앙박물관 정문 앞,202504,305,203
용산구,4609. 파크타워 104동 앞,202504,336,351
용산구,4610. 한남나인원 105동 앞,202504,340,349
용산구,4611. 국제루터교회 앞,202504,104,96
용산구,"4612. 한남 준 J,FSS 앞",202504,96,51
용산구,4613. 서울갤러리아 앞,202504,253,190
용산구,4615. 크라운호텔앞 버스정류소,202504,709,760
용산구,4616. 신용산지하차도 앞,202504,611,704
용산구,4617. 동원베네스트 건너편,202504,186,212
용산구,4618. 풍전아파트 건너편,202504,914,1014
성동구,533. 금남시장 교차로,202504,447,667
용산구,4619. 한강트럼프월드3차 앞,202504,1057,1054
용산구,4620. 삼각지역 14번 출구 앞(교통섬),202504,1021,1051
용산구,4622. 한강중학교 앞 버스정류장,202504,408,414
용산구,4623. 라인프랜즈이태원점 앞,202504,175,105
용산구,4627. 효창공원앞역 5번출구 옆,202504,359,281
용산구,4629. 한강초교보도육교 앞,202504,1090,1251
강북구,3703. 삼양입구사거리,202504,341,366
강북구,3707. 드래곤타워 앞,202504,773,769
성동구,534. 금호사거리,202504,347,342
강북구,3714. 송천센트레빌,202504,175,139
구로구,3902. 항동지구5단지 501동 앞,202504,280,296
구로구,3903. 현대아파트 앞,202504,755,827
구로구,3904. 테크노마트 앞,202504,2225,2217
구로구,3905. 희훈타워빌 앞,202504,1908,1790
성동구,4353. 코오롱디지털타워 3차앞,202504,2054,2056
성동구,4360. 르노삼성자동차 성수사업소 앞,202504,1100,1083
성동구,4362. 행당중학교 후문,202504,728,710
용산구,4625. 용산공원갤러리앞,202504,421,452
성동구,535. 응봉삼거리,202504,758,375
은평구,4653. 불광역 9번 출구 맞은편,202504,431,439
종로구,4708. 조계사앞사거리,202504,1312,1360
종로구,4710. 자교교회 앞,202504,727,743
강남구,3602. 한국지역난방공사강남지사,202504,427,442
강서구,3753. 공항중학교 버스정류장,202504,637,542
강서구,3756. 마곡힐스테이트 정문,202504,1828,1614
강서구,3761. 나이아가라관광호텔,202504,581,620
강서구,3763. 등촌태영아파트,202504,1016,1055
성동구,536. 행당역 2번출구 앞,202504,667,670
강서구,3765. 문소빌딩,202504,545,505
강서구,3767. 대원빌딩,202504,1763,1715
강서구,3772. 길성그랑프리텔아파트,202504,2855,2840
강서구,3775. 가양오토갤러리,202504,1137,1233
강서구,3776. 김포공항사거리,202504,501,503
강서구,3778. 김포공항입구 교차로,202504,1515,1530
강서구,3780. 등촌서광아파트,202504,3895,3903
강서구,3781. 강서아동복지센터,202504,92,131
강서구,3782. 겸재정선미술관,202504,1906,1775
성동구,537. 한양대후문역 부근,202504,1320,1304
강서구,3783. 마곡금호어울림아파트,202504,1484,1391
강서구,3784. 벽산아파트,202504,2729,2477
강서구,3787. 가양나들목,202504,671,672
강서구,3788. 정곡나들목,202504,1128,1142
강서구,3789. 염창나들목,202504,3240,3508
동대문구,4102. 휘경1동주민센터 앞,202504,994,1031
동대문구,4103. 휘경sk뷰아파트 앞,202504,312,311
동대문구,4104. 외대앞역 교차로,202504,1024,1022
동대문구,4105. 서울교통공사사거리 교통섬,202504,855,862
서대문구,123. 문화촌 공원,202504,1909,1889
성동구,538. 답십리역 8번출구 앞,202504,361,430
동대문구,4107. 장안동근린공원 입구,202504,787,811
동대문구,4108. 답십리파크자이아파트 앞,202504,3035,3167
동대문구,4110. 용두롯데캐슬리치아파트 앞,202504,1182,917
동대문구,4113. 한국국방연구원 앞,202504,1210,1299
동대문구,4116. 이문e편한세상아파트 앞,202504,808,859
동대문구,4117. 휘경119안전센터 앞,202504,909,881
동대문구,4121. 서울문화재단 앞,202504,1601,1628
동대문구,4122. 청계9가교차로 앞,202504,1839,1947
동대문구,4123. 배봉초교 교차로,202504,930,940
성동구,550. 서울시설공단 앞,202504,1591,1627
종로구,4703. 쌍용아파트2단지 정문,202504,262,32
종로구,4707. 청계3가 사거리,202504,1132,1109
중구,4753. 시청역 10번출구,202504,777,745
중구,4761. 중부경찰서앞사거리 건너편,202504,396,324
중구,4762. 국제빌딩,202504,455,354
중구,4768. 서울도시건축전시관,202504,900,855
중구,4772. 중앙일보,202504,197,189
광진구,539. 군자교교차로,202504,2143,2103
중구,4774. 을지로입구역 8번출구,202504,541,446
중구,4775. 을지로지하쇼핑센터,202504,482,482
중구,4776. 신세계면세점,202504,263,262
중구,4784. 중부경찰서앞 사거리,202504,442,409
중구,4785. 롯데시티호텔,202504,733,604
중구,4791. 명동역9번 출구,202504,964,944
마포구,4202. 프런트원(공덕역4번출구 앞),202504,792,926
광진구,540. 군자역 7번출구 베스트샵 앞,202504,2384,2364
마포구,4206. 광흥창역5번출구,202504,593,591
마포구,4207. 아만티호텔 앞,202504,1497,1680
마포구,4208. 스타벅스(동교동) 앞,202504,753,811
마포구,4210. 가좌행복주택 앞,202504,1122,1095
마포구,4211. 시석빌딩 앞,202504,1061,994
마포구,4212. 한화오벨리스크 앞,202504,998,831
마포구,4213. 마포구중앙도서관 정문 앞,202504,2729,2475
마포구,4214. JTBC 앞,202504,1332,1378
강서구,3760. 발산역 8번 출구,202504,2362,2412
강서구,3766. 강서문화센터,202504,248,203
광진구,542. 강변역 4번출구 뒤,202504,1977,2016
광진구,3853. 어린이대공원역 2번출구,202504,1734,1213
광진구,3860. 건국대학교 정문 앞,202504,1899,1592
광진구,3863. 동일로58길 입구,202504,1220,1065
광진구,3864. 광진소방서 앞,202504,1720,1361
광진구,3865. 이튼타워리버 2차,202504,1684,1671
광진구,3868. 자양한강도서관,202504,2518,2549
광진구,3873. 동서울우편집중국 앞,202504,1280,1112
광진구,3878. 장로회신학대학교 주기철 기념관,202504,142,104
도봉구,4076. 도봉통합복지센터 뒤 중랑천 변,202504,1279,1410
광진구,543. 구의공원(테크노마트 앞),202504,2666,2997
강서구,3769. 증미역 2번출구,202504,1830,2092
강서구,3792. 화곡본동시장 입구,202504,735,719
강서구,3793. 더리브골드타워,202504,1162,1152
강서구,3794. 안양천합수부(현대3차아파트),202504,2022,1960
강서구,3796. 송정역 3번출구 앞,202504,1856,1648
강서구,3797. 마곡수명산파크7단지 710동 앞,202504,620,594
강서구,3798. 그랜드아이파크아파트 앞,202504,4952,4982
강서구,3786. 강서힐스테이트 상가 앞,202504,1008,774
구로구,3907. 신도림7차e편한세상아파트 806동 앞,202504,1191,1050
광진구,544. 광남중학교,202504,1027,1055
동대문구,4114. 휘경여중고삼거리,202504,1287,1362
서대문구,4253. 홍은도담도서관,202504,488,487
서초구,4319. 삼성전자R&D어린이집 뒤,202504,387,253
영등포구,4556. 리버뷰신안인스빌1차 후문,202504,1604,1592
영등포구,4557. 리버뷰신안인스빌2차 후문,202504,1787,1722
종로구,4705. 웰니스센터(민방위교육장 앞),202504,1340,1308
강동구,3653. 강동리버스트4단지아파트 404동 앞,202504,414,511
강동구,3654. 강동리버스트4단지아파트 405동 앞,202504,355,383
강서구,3759. 이대서울병원,202504,1742,2062
광진구,546. 잠실대교북단 교차로,202504,2495,2463
서초구,4320. 비석공원,202504,1126,1317
송파구,4452. 삼성SDS,202504,4299,4324
송파구,4453. 위례중앙푸르지오 201동 앞,202504,1472,1489
송파구,4457. 아산병원 기숙사 부근,202504,5842,5806
송파구,4458. 가락2동주민센터 인근,202504,493,449
송파구,4460. 올림픽훼미리아파트 112동 앞,202504,1297,1310
송파구,4461. 한양3차아파트 3동 앞,202504,135,94
송파구,4462. 가락중학교 앞,202504,799,666
송파구,4463. 방이역 2번 출구,202504,884,901
광진구,548. 자양나들목,202504,2754,2785
송파구,4464. 올림픽공원 북2문 A,202504,1658,1687
송파구,4465. 건영아파트앞 사거리,202504,1669,1665
송파구,4468. 가락1동주민센터 ,202504,1420,1358
송파구,4469. 거여동 어울림아파트  102동앞,202504,557,559
송파구,4472. 송파파크데일 1단지 115동 건너편,202504,592,503
송파구,4473. 마천금호어울림 1차 102동앞,202504,248,239
송파구,4474. 가락현대 1차 11동 앞,202504,599,465
송파구,4475. 송파파인타운 4단지 403동,202504,559,547
송파구,4478. 문정근린공원2,202504,1133,1144
광진구,549. 아차산역 3번출구,202504,2408,2274
송파구,4479. 문정중학교,202504,261,213
송파구,4480. 가락시장 남1문 사거리,202504,831,851
송파구,4481. 올림픽공원 북2문 B,202504,2930,3178
송파구,4483. 잠실나들목4,202504,1857,2013
송파구,4484. 잠실나루역4번출구뒤,202504,2533,2525
송파구,4485. 잠실나루역 고가하부,202504,915,625
송파구,4486. 홈플러스 잠실점,202504,2618,2614
송파구,"4488. 문현중,고등학교 사이",202504,262,255
송파구,4490. 송파파인타운 10단지 1005동,202504,349,285
송파구,4491. 장지역 1번출구,202504,1602,1608
마포구,124. 서강대 정문 건너편,202504,1245,1090
동대문구,600. 휘경2동 주민센터,202504,267,270
송파구,4493. 마천사거리 2,202504,400,392
송파구,4496. 잠실 파크리오 120동 앞,202504,1564,1588
송파구,4497. 아시아선수촌아파트 교차로,202504,1932,1945
송파구,4499. 세양청마루 101동 앞,202504,902,381
송파구,4852. 서울복합물류 게이트 1,202504,1657,1946
송파구,4854. 가락시장역 2번 출구,202504,1510,1494
송파구,4855. 거여5단지 503동 앞,202504,653,640
송파구,4856. 올림픽공원 서1문 앞,202504,1995,2055
송파구,4859. 잠실나루 나들목,202504,2086,2106
강북구,3718. 번동3단지 버스정류장,202504,1138,1387
강서구,3754. 신방화역 8번출구,202504,1564,1558
강서구,3764. 관문주유소(GS칼택스) 앞,202504,1522,1472
관악구,3803. 남서울중학교,202504,988,955
관악구,3804. 낙성대공원,202504,280,238
관악구,3806. 낙성대 교수아파트,202504,305,102
관악구,3807. 관악우체국 교차로,202504,368,338
송파구,4454. 위례 포레샤인 1809동 부근,202504,280,111
동대문구,602. 장안동 사거리,202504,3302,3997
송파구,4857. 올림픽공원 장미광장,202504,630,578
종로구,4713. 현대 뜨레비앙 아파트 앞,202504,1269,1260
중구,4752. 삼성사이버빌리지아파트,202504,394,249
중구,4792. 퇴계로4가 교차로(중구청),202504,1235,1220
중구,4793. 동대문역사문화공원역 5번출구,202504,980,966
강서구,3799. 국립항공박물관,202504,450,473
중랑구,4802. 새우개마을,202504,236,248
중랑구,4803. 상봉2동 주민센터 앞,202504,1097,1087
중랑구,4804. 동서울농협 앞,202504,1420,1550
중랑구,4807. 라코지스테이 앞,202504,615,593
중랑구,4808. 신내2동 주민센터 앞,202504,787,696
중랑구,"4809. 동성1,2차 아파트 앞",202504,1045,757
중랑구,4811. 한양수자인아파트 앞,202504,485,270
중랑구,4812. 묵동 이마트 앞,202504,1398,1557
중랑구,4813. 망우지구대,202504,1676,1790
금천구,3956. 대륭테크노타운21차 앞,202504,1021,1046
금천구,3958. 롯데캐슬2차 마을버스 정류장(18804) 뒤편,202504,564,651
금천구,3959. 시흥사거리(시흥동 994-3 앞),202504,819,928
금천구,3963. 에이스 하드웨어(시흥대로 396) 앞,202504,891,961
금천구,3966. 독산역1번출구 B,202504,2200,2356
영등포구,4579. 국회의사당 본관,202504,541,417
영등포구,4580. 국회제2의원회관,202504,589,608
영등포구,4581. 국회소통관,202504,404,394
영등포구,4582. 국회도서관,202504,482,435
영등포구,4583. 의정관,202504,198,185
영등포구,4584. 국회2문,202504,289,263
동작구,4152. 상도효성해링턴플레이스,202504,453,301
동대문구,605. 신설동역8번출구,202504,1260,1302
동작구,4153. 흑석동효사정앞,202504,291,170
동작구,4158. 노량진근린공원,202504,224,85
동작구,4162. 노량진1동 청소년독서실,202504,352,48
동작구,4167. 구로교 아래,202504,1431,917
동작구,4169. 신대방삼거리,202504,1288,1325
서초구,4303. 매헌역 2번출구앞광역버스 정류장앞(22-297),202504,1067,1086
서초구,4304. 서울고앞,202504,265,232
서초구,4305. 서일스포츠센터,202504,264,204
서초구,4306. 서래공원 앞,202504,793,787
서초구,4307. 고투몰 gate 15옆,202504,587,775
동대문구,606. 서울반도체고 앞,202504,460,504
서초구,4309. 서초케이타운앞,202504,129,93
서초구,4310. 염곡동(염통골) 입구,202504,330,328
서초구,4312. 반포미도2차아파트 옆,202504,531,525
서초구,4313. 반포종합운동장,202504,754,779
서초구,4315. 이투스교육 앞,202504,490,375
서초구,4316. 고속터미널역 3번출구,202504,688,439
서초구,4317. 양재근린공원,202504,1372,1472
서초구,4318. 방배역 2번 출구,202504,897,1076
동대문구,607. 신이문역 2번출구,202504,668,664
강남구,3604. 삼성중앙역 5번출구,202504,799,612
강남구,3606. 신사동주민센터 옆,202504,1070,1204
강남구,3609. 언주초등학교 입구,202504,708,671
강남구,3610. 윗반마을 입구,202504,197,193
강남구,3611. 방죽마을 입구,202504,374,378
강남구,3612. 은곡마을,202504,409,536
강남구,3614. 은마아파트 입구 사거리,202504,1278,1261
강남구,3615. 서울 논현동우체국 앞,202504,402,357
동대문구,608. 전농삼성아파트,202504,328,328
강남구,3616. 역삼중학교 앞(체육관 방향),202504,386,375
강남구,3618. 서울율현초교 삼거리,202504,765,879
강남구,3620. 청담역 11번 출구,202504,316,81
강남구,3622. 은마아파트입구 사거리(1),202504,251,244
강남구,3623. 일원에코파크 앞(개포로 방면),202504,541,549
강남구,3624. 대모산입구역 7번 출구 앞,202504,320,286
강남구,3627. 압구정나들목,202504,2440,2580
강남구,3628. 역삼1동 주민센터,202504,1152,1372
동대문구,609. 제기2교,202504,1492,1457
강남구,3629. 청담사거리(신한오피스텔빌딩 앞),202504,265,385
강남구,3630. 개포우성6차아파트 정문 앞,202504,378,325
양천구,4528. 양천구청역 1번출구,202504,1528,1555
중구,4796. 부산은행,202504,1703,1286
영등포구,4585. 국회6문,202504,392,406
강동구,3676. 강동리엔파크9단지,202504,568,595
강동구,3685. 강동리엔파크14단지(1401동 앞),202504,776,792
노원구,4002. 상계주공 14단지 상가 앞,202504,878,938
동대문구,610. 동대문중 교차로,202504,1240,1139
노원구,4004. 당고개입구오거리 당현천변,202504,1510,1504
노원구,4005. 중계2차 한화꿈에그린 101동 인근,202504,1029,957
노원구,4007. 노원 을지대학교 병원,202504,2069,2335
노원구,4008. 하계 어린이 공원,202504,952,957
노원구,4009. 월계프라자,202504,787,310
노원구,4011. 월계 센트럴 아이파크,202504,1364,1831
노원구,4013. 중계 롯데마트,202504,2105,1924
노원구,4014. 불암산역 3번 출구,202504,760,757
노원구,4017. 월계 청백1단지 아파트 정류장,202504,516,136
노원구,4018. 상계주공15단지 버스정류소,202504,945,963
동대문구,612. 시립동부병원 앞 사거리,202504,2780,2940
노원구,4019. 상계주공10단지 버스정류소,202504,1374,1266
노원구,4020. 중계동 성모빌딩 앞 ,202504,1726,1719
노원구,4021. 중계본동 입구,202504,231,84
노원구,4023. 월계역 1번 출구,202504,1159,1389
노원구,4024. 꿈의숲 SK뷰 아파트,202504,1860,1730
노원구,4025. 한천교 동편,202504,1065,1150
노원구,4026. 상계주공1단지아파트,202504,2074,2103
노원구,4028. 한일유앤아이아파트 105동 인근,202504,1496,1227
노원구,4029. 청소년수련관 후문,202504,4725,5024
노원구,4032. 불암주유소 앞,202504,1676,1660
동대문구,613. 신설동역 10번출구 앞,202504,1781,1896
노원구,4033. 녹천역 4번 출구 옆,202504,524,564
도봉구,4054. 창동한신아파트 버스정류소,202504,690,442
도봉구,4058. 다락원체육공원 전망대 입구,202504,477,449
도봉구,4062. 평화도봉공원 주변,202504,861,906
도봉구,4064. 신창아파트 입구 앞,202504,559,516
도봉구,4065. 창동역 1번출구 앞,202504,4494,5110
도봉구,4074. 도봉구육아종합지원센터(창동),202504,936,1059
송파구,4863. 잠실나들목5,202504,451,446
노원구,4031. 청암예술학교 앞,202504,1666,1555
동대문구,614. 용두동 사거리,202504,2284,2290
도봉구,4073.방아골종합사회복지관,202504,683,672
성북구,4406. 장곡초등학교 앞,202504,971,892
강동구,3657. 서울천호동우체국,202504,2449,2512
강동구,3658. 프라이어팰리스아파트,202504,580,551
강동구,3659. 명일초등학교 옆,202504,285,238
강동구,3661. 명일동신동아아파트 앞,202504,327,314
강동구,3663. 암사정수센터교차로(강동롯데캐슬퍼스트아파트),202504,592,338
강동구,3664. 맥도날드 서울둔촌DT점 앞,202504,3308,3260
강동구,3665. 고덕센트럴 아이파크상가 앞,202504,910,870
동대문구,615. 용두동 래미안허브리츠아파트 앞,202504,1771,1798
강동구,3668. 성내삼성아파트,202504,3875,3966
강동구,3671. 둔촌동역교차로,202504,2619,2727
강동구,3673. 강동리버스트6단지,202504,378,435
강동구,3674. 강동리버스트7단지,202504,368,450
강동구,3675. 강동리버스트8단지,202504,753,732
강동구,3656. 둔촌푸르지오아파트,202504,1561,1552
강동구,3680. 강동역3번출구,202504,3885,3874
강동구,3681. 길동 마루빌딩,202504,3882,4255
동대문구,616. 서울시립대 정문 앞 A,202504,306,122
강동구,3682. 길동 동호빌딩,202504,371,347
강동구,3683. KT&G강동지사,202504,1058,1302
강서구,3770. 남부순환로 205,202504,534,396
구로구,3908. 오류동 다숲오피스텔 앞,202504,890,1137
노원구,4016. 노원 마들스타디움,202504,1165,1169
송파구,4862. 성내교 남단,202504,725,611
송파구,4860. 가락쌍용2차아파트 103동,202504,936,853
양천구,4507. 신정제일시장,202504,998,1085
동대문구,617. 청솔우성아파트 앞,202504,1064,1110
양천구,4508. 유원목동아파트 103동 앞,202504,3522,3657
양천구,4509. 서울영상고교 입구,202504,2992,3243
양천구,4510. 신정네거리역 교차로,202504,1519,1481
양천구,4512. 목동13_14단지 사거리,202504,1251,848
양천구,4514. 목동성당 앞,202504,2939,2644
양천구,4515. 동문굿모닝탑,202504,3133,3206
양천구,4517. 성보하이드로빌딩,202504,1082,1109
양천구,4518. 청기와빌딩,202504,613,741
영등포구,227. 양평1나들목 보행통로 입구,202504,2444,2664
양천구,4520. 대성유니드아파트,202504,966,1295
양천구,4522. 신곡시장,202504,1543,2092
양천구,4523. 구립양천어르신요양센터,202504,98,58
양천구,4526. 목동아파트2단지 222동 앞,202504,1526,1599
양천구,4527. 목동신시가지아파트6단지,202504,2361,2369
은평구,4657. 본 서부병원 교차로 사거리,202504,1125,1168
은평구,4658. 녹번역1번출구앞,202504,497,343
은평구,4659. 신진과학기술고등학교 버스정류장(응암시장 방면),202504,1053,1167
은평구,"4663. 불광역3,6호선 버스정류장(동명여고 방면)",202504,757,762
은평구,4665. 응암역3번 출구(서부경찰서 방면),202504,421,483
영등포구,228. 선유도역 3번출구 앞,202504,4053,4270
은평구,4667. 폭포동입구 교차로,202504,358,236
은평구,4668. 기자촌사거리 B,202504,214,74
은평구,4671. 청구성심병원 앞,202504,606,680
은평구,4672. 준빌딩 앞,202504,205,204
은평구,4674. 녹번역e편한세상 캐슬 정문 앞,202504,987,873
중구,4794. 서울역 서부교차로(3),202504,1558,1746
성동구,4367. kt 행당빌딩 앞,202504,1023,1248
강남구,3634. 국악고교 앞 교차로,202504,624,609
강서구,3774. 마곡9단지 910동 상가앞,202504,1584,1587
영등포구,229. 양평1 보행육교 앞,202504,2955,2995
강서구,3801. 이랜드글로벌R&D센터,202504,333,341
노원구,4027. 한내 행복발전소 옆,202504,2522,2609
노원구,4036. 하계역 6번출구,202504,1908,2219
성북구,4408. 돌곶이역 앞,202504,2111,2306
양천구,4530. 방아다리어린이공원,202504,1043,990
중랑구,4815. 중랑데시앙플렉스 앞,202504,451,442
송파구,4864. 송파사거리,202504,3087,3058
송파구,4865. 한성백제역 1번출구 뒤,202504,3439,3454
송파구,4867. 가락대림아파트 앞,202504,1061,1051
도봉구,4077. 도봉제1교,202504,1631,1794
마포구,126. 서강대 후문 옆,202504,836,829
영등포구,231. 남부고용노동지청 남측,202504,2364,2408
영등포구,4576.보라매sk뷰 108동 앞,202504,884,882
영등포구,4578.보라매sk뷰,202504,514,415
동작구,4175. 대방역2번출구,202504,927,934
노원구,4035. 휴플러스 수락한신아파트 101동 앞,202504,694,616
중구,4777. 약수동 주민센터,202504,79,71
영등포구,4552. 코레일유통본사,202504,893,886
영등포구,4553. 당산삼성2차아파트,202504,2870,2614
영등포구,4555. 대림우성2차아파트,202504,477,471
영등포구,4558. 대영중고 후문,202504,1088,1194
영등포구,232. 양평우림 이비즈센타 앞,202504,2982,2906
영등포구,4559. 신길역 2번출구,202504,2150,1564
영등포구,4560. 양평동성원아파트,202504,1648,1666
영등포구,4561. 양평역 1번출구,202504,4316,4293
영등포구,4563. 여의도 은하아파트,202504,781,711
영등포구,4564. 63스퀘어,202504,2902,3243
영등포구,4565. 영등포 신세계백화점,202504,5103,5100
영등포구,4566. 대림성원상떼빌아파트,202504,1849,2042
영등포구,4567. 한림대학교 강남성심병원 신관,202504,1632,1801
영등포구,4569. 힐스테이트클래시안아파트,202504,1138,1099
영등포구,233. 양평1동 YP센터 앞,202504,999,1033
영등포구,4571. 문래동롯데캐슬아파트,202504,4059,3933
영등포구,4573. 두산위브아파트,202504,899,746
영등포구,4574. 영등포시장역 포레나영등포,202504,4167,4202
영등포구,4575. 대림동 e편한세상영등포아델포레,202504,2382,2436
은평구,4676. 갈현1동 주민센터,202504,292,285
은평구,4677. 백련산 SK뷰 아이파크 해모로 아파트 앞,202504,1141,1188
동작구,4173. 중대후문 마을버스정류장,202504,514,418
구로구,3910. 목양전원교회 앞 로터리,202504,324,336
구로구,3911. 항동하버리안2단지아파트 후문,202504,261,295
광진구,3880. 홍련봉 공원,202504,903,572
강서구,3762. 마곡9단지 907동앞,202504,1291,1210
강서구,3785. 마곡14단지 1408동앞,202504,1868,1646
송파구,4868. 석촌호수 서호 남단,202504,2585,2645
성동구,4370. 성동교 사거리,202504,1127,939
노원구,4037. 물넘이교,202504,2679,2616
강남구,3636. 삼성중앙역·플래티넘아파트 정류소,202504,630,594
강남구,3637. 세곡데이케어센터,202504,278,257
강남구,3638. 신청담나들목,202504,498,520
영등포구,235. 신길동 우리은행 옆,202504,602,547
강동구,3688. 상일동산(동아아파트앞 교차로),202504,330,330
관악구,3812. KT관악지점,202504,889,891
광진구,3879. 중랑천 뚝방길 산책로 입구,202504,1497,1518
양천구,4531. 목동아파트 613동 앞,202504,3874,3856
중구,4797. KG타워 앞,202504,923,964
중랑구,4819. 면목동 새싹어린이공원 앞,202504,1371,1573
강남구,3640. 일원1동주민센터앞 사거리,202504,1505,1548
도봉구,4078. 원당공원 앞,202504,1051,1035
영등포구,236. 문래동자이아파트 앞,202504,3224,3361
관악구,3811.신사로입구,202504,1555,1474
영등포구,4588.양남사거리2,202504,1048,1046
서초구,4322.서울추모공원 입구,202504,52,38
강동구,3684. 고덕자이(105동 앞),202504,1282,1305
구로구,3912. 삼호아파트 앞,202504,672,653
성동구,4363. 신금호역 2번출구 앞,202504,40,41
강서구,3757. 신방화역 6번출구,202504,1781,1771
강서구,3758. 서울남부출입국관리소,202504,2459,1494
노원구,4039. 서울시 북부여성발전센터,202504,1042,985
동작구,237. 보라매 두산위브 건너편,202504,1841,1887
중랑구,4820. 망우역 2번 출구,202504,1700,1743
노원구,4040. 공릉로 26길,202504,846,904
강동구,3686. 고덕 래미안 힐스테이트(101동),202504,704,704
광진구,3881. 신자초교입구 교차로,202504,3506,3560
용산구,4603. 한강GS에클라트 건너편 교통섬,202504,865,820
강남구,3641. 대청역,202504,1089,1105
강남구,3643. 더시그넘하우스 앞,202504,697,700
강남구,3644. 상록수아파트,202504,601,318
영등포구,238. 제2구민체육센타 앞,202504,3037,3013
강남구,4902. 구역삼세무서 교차로,202504,829,831
강서구,5052. 마곡역 7번출구,202504,5335,5905
관악구,3813. 낙성대역 5번출구,202504,422,417
관악구,3814. 난곡사거리 ,202504,1165,1200
마포구,4216. 망원정 앞,202504,901,941
서초구,4323. 내곡도서관,202504,239,266
송파구,4870. 몽촌토성역 3번 출구,202504,6156,6101
송파구,4871. 오금동 대림아파트 정문,202504,751,670
송파구,4872. 개롱역 3번 출구 뒤,202504,1276,1312
양천구,4532. 목동현대아파트 후문 앞,202504,1592,1666
영등포구,239. 유스호스텔 앞,202504,1474,1403
용산구,4632. 용산 푸르지오 파크타운 1단지 앞,202504,407,192
강남구,3646. 선정릉역 4번 출구,202504,475,398
강서구,5053. 신마곡벽산블루밍메트로오피스텔앞,202504,1641,1802
강서구,5055. 마곡역5번출구앞,202504,1773,1878
강서구,5057. 마곡역4번출구,202504,1850,1932
강서구,5059. 화곡2동주민센터,202504,921,1229
강서구,5061. 우장산동 가곡어린이공원앞,202504,3877,4107
영등포구,240. 문래역 4번출구 앞,202504,3921,3782
광진구,3882. 자양2동 주민센터,202504,2138,2168
구로구,3914. 신도림쌍용플래티넘노블아파트 앞,202504,2036,1980
금천구,3967. 혜명양로원 담장 옆(2),202504,366,287
금천구,3968. 독산동 현대홈타운 금천과선교 앞,202504,559,546
금천구,3969. 독산역 롯데캐슬 104동 앞,202504,531,503
노원구,4041. 공릉역3번출구,202504,2056,2286
서대문구,4255. 래미안 루센티아 아파트 108동 앞,202504,1283,901
성북구,4411. 동산어린이공원 앞,202504,1059,1046
영등포구,4589. KRX한국거래소(1),202504,1307,1303
마포구,127. 현대벤처빌 앞,202504,240,149
영등포구,241. 신길우성1차아파트 앞 공원,202504,1003,944
영등포구,4591. 신길자이아파트,202504,856,152
영등포구,4592. 신길우성4차아파트,202504,1650,1922
중구,4798. 황학동롯데캐슬,202504,2096,2136
중랑구,4826. 홈플러스 면목점,202504,868,1003
마포구,4217. 한강공원 망원나들목,202504,12757,13965
중랑구,4825. 신내동 벽산아파트 후문 앞,202504,1016,908
강남구,3642. 강남자곡힐스테이트,202504,850,236
강동구,3689. 강일역 3번출구,202504,747,624
강동구,3690. 강일역 4번출구,202504,507,406
영등포구,242. 신길선원가와인아파트 앞,202504,1296,595
금천구,3970. 시흥4동주민센터 앞,202504,270,266
금천구,3971. 순흥안씨묘 건너편,202504,82,26
금천구,3972. 산기슭공원 앞,202504,160,66
금천구,3973. 독산2동주민센터 앞,202504,347,142
노원구,4042. 상계문화정보도서관,202504,930,930
송파구,4873. 개롱역사거리 2번 출구,202504,1307,1369
송파구,4874. 탄천1교 하부보도,202504,789,774
송파구,4875. 위례포레샤인13단지,202504,404,379
영등포구,243. 이앤씨드림타워 앞,202504,3732,3781
영등포구,4594. 양평교 영등포대여소,202504,2178,2251
중랑구,4823. 방정환교육지원센터 옆,202504,1036,1077
중랑구,4824. 상봉신협 앞,202504,1596,1570
종로구,4715. 돈의문 박물관 마을,202504,831,786
용산구,4633. 센트럴파크타워 앞,202504,1859,2001
강남구,3647. 구룡역 1번 출구,202504,507,497
강남구,3648. 구룡역 4번 출구,202504,103,108
강남구,3649. 구룡역 5번 출구,202504,415,431
강동구,3692. 둔촌오륜역 1번 출구,202504,2531,2505
영등포구,244. 영등포삼환아파트 앞,202504,1961,1799
금천구,3974.  안천중학교,202504,318,319
금천구,3983. 금천구청역 1번 출구,202504,1062,1364
서초구,4324. 세화고등학교,202504,334,352
성북구,4414. 안암역 3번 출구,202504,658,657
송파구,4879. 마천청소년센터,202504,163,155
송파구,4881. 거여동사거리 송파둘레길 입구,202504,233,226
송파구,4882. 위례포레샤인18단지 1802동,202504,414,304
송파구,4883. 위례포레샤인18단지 1812동,202504,254,30
영등포구,245. 삼성생명 당산사옥 앞,202504,3321,3285
송파구,4888. 둔촌오륜역 2번출구,202504,676,588
송파구,4889. 마천역 1번 출구 인근②,202504,781,746
중랑구,4827. 신내SK V1센터 앞,202504,341,271
강서구,5064. 양천향교역8번출구,202504,2328,2339
강서구,5065. 허준박물관삼거리,202504,1743,1741
강서구,5066. 아망떼마곡전시장,202504,1831,2322
강서구,5067. 주원 리젠트 앞,202504,718,736
강서구,5072. 김포공항입구 교통섬,202504,546,470
관악구,3815. 광일빌딩,202504,831,856
구로구,3915. 동선아파트 앞,202504,192,189
영등포구,247. 당산역 10번출구 앞,202504,5349,5373
중랑구,4828. 신내동 한살림 중랑지구 앞,202504,920,980
중랑구,4829. 신내동 한살림 중랑지구 건너편,202504,354,314
노원구,4043. 상계주공13단지 1301동,202504,413,265
노원구,4044. 공릉산 백세문 입구,202504,145,131
은평구,4678. 백련산로 녹번센트레빌 ,202504,540,431
송파구,4880. 송파청소년센터,202504,1098,1081
영등포구,4598. 오목교 동측 지하보도,202504,2297,2326
영등포구,4599. 대림우성아파트 사거리,202504,433,419
영등포구,248. 초원아파트 앞,202504,943,942
양천구,4535. 목동12단지 아파트,202504,2666,2617
양천구,4536. 양천해누리체육공원,202504,1445,1834
서초구,4329. SC제일은행 양재동지점 앞,202504,958,641
금천구,3985. 디폴리스 지식산업센터,202504,1089,1107
강서구,5070. 마곡13단지힐스테이트마스터 후문(1320동 앞),202504,3406,3386
강동구,3694. 강동리엔파크 13단지(1303동 앞),202504,843,838
도봉구,4080. 창동주공19단지앞 ,202504,1306,1303
중랑구,4834. 용마복지센터 앞,202504,585,251
영등포구,249. 여의도중학교 옆,202504,1879,1978
성북구,4415. 미아초교버스승강장,202504,56,56
노원구,4045. 은하수 공원,202504,721,790
송파구,4893. 문정법조단지12,202504,2978,3383
마포구,4218. 디지털매직스페이스,202504,2100,2152
마포구,4220. 신촌 청년주택,202504,1539,1597
마포구,4221. 솔리스타오피스텔(공덕동주민센터),202504,620,123
마포구,4224. 서부운전면허시험장,202504,1024,1079
마포구,4226. 마포프레스티지자이 1,202504,847,791
마포구,4233. 코오롱아파트사거리,202504,3827,3972
영등포구,250. 대림아파트 사거리,202504,733,713
마포구,4234. 에스테반,202504,483,256
마포구,4238. 상암한샘빌딩앞,202504,1520,1490
마포구,4240. 아현문화건강센터,202504,255,38
송파구,4884. H비즈니스파크,202504,2092,2189
송파구,4885. 가든파이브 리빙관,202504,493,545
송파구,4886. 배명고등학교 건너편,202504,1005,1028
송파구,4887. 호돌이상가,202504,855,819
송파구,4895. 송파레이크힐 상가,202504,1180,1183
송파구,4896. 송파레이크힐,202504,149,125
영등포구,251. 서울지방병무청 버스정류장,202504,784,695
송파구,4897. 잠실주공5단지1,202504,3044,3100
강서구,5073. 우장산역 헤링턴타워 앞,202504,1471,1233
강서구,"5074. 마곡엠밸리14단지 버스정류장(마곡엠밸리11,12단지상가방면)",202504,3281,3278
강서구,5075. 등촌역 1번출구,202504,1147,1132
관악구,3816. 관악 GSfresh,202504,848,682
관악구,3818. 은천교회 앞,202504,965,925
구로구,3918. 이좋은집오피스텔 앞,202504,649,891
금천구,3984. 가산롯데아이티캐슬,202504,1313,1434
서대문구,128. 신촌역(2호선) 1번출구 옆,202504,1044,1040
영등포구,252. 보라매역4번출구,202504,1452,1728
성동구,4373. 서울숲 지식산업센터,202504,2605,2785
성동구,4377. 우영테크노센터 앞,202504,2259,2503
송파구,4891. 위례포레나송파,202504,802,738
송파구,4892. 성내유수지 체육공원,202504,491,345
중랑구,4835. 망우동 본죽 앞,202504,816,824
마포구,4222. 서울디자인고등학교 앞,202504,1399,1648
서초구,4327. 몽마르뜨공원입구,202504,320,50
영등포구,4600. 서울 영등포구 우체국,202504,1777,1741
광진구,3886.광진구 민방위교육센터,202504,1727,1582
구로구,3919. 구로역·NC신구로점 버스정류장(구로역 방면),202504,1510,1508
노원구,5301. 상계주공1단지 버스정류장 옆(대원빌딩 앞),202504,2456,2456
마포구,4244. 당인리발전소 공원 앞,202504,1889,1961
마포구,4246. 상수역새마을금고,202504,831,800
영등포구,254. 도림신협 앞,202504,1574,1625
마포구,4247. 서울서부지방법원등기국앞,202504,392,460
마포구,4248. 신촌 교보빌딩,202504,298,234
중랑구,4836. 양원역 1번 출구,202504,630,623
중랑구,4837. 양원지구 힐데스하임 앞,202504,625,453
중랑구,4838.동원사거리 행복오피스텔 앞,202504,606,405
도봉구,4083.도봉아이나라도서관 앞,202504,1280,1332
서대문구,4266.국민연금공단충정로사옥,202504,407,341
은평구,4681.박석고개(은평소방서) 앞,202504,167,157
금천구,3975.현대시티아울렛 가산,202504,1358,1376
영등포구,255. 도림사거리,202504,1335,1389
영등포구,4601.양평역2번출구 뒤,202504,1237,1144
강서구,5076. 메이필드호텔앞,202504,1056,958
금천구,3980. 금천현대홈타운 후문 서부샛길,202504,775,749
서대문구,4264. 홍남교 버스정류장,202504,654,625
중랑구,4840. 서울시 북부병원 앞,202504,520,545
중랑구,4830. 신내 우디안 111동 앞,202504,392,241
구로구,3917. 성공회대학교,202504,728,389
성북구,4419. 성북구 한예종 캠퍼스 본관,202504,704,611
성북구,4420. 성북구 한예종 캠퍼스 별관,202504,712,876
영등포구,256. 동아에코빌입구,202504,1169,1121
영등포구,5851. 도림천 건널목 위,202504,1784,1620
영등포구,5852. 대림동현대2차 201동 앞,202504,331,266
성동구,4381. 더스페이스타워 앞,202504,1728,1783
성동구,4382. 페코텍글로벌허브빌딩 앞,202504,2785,3229
성동구,4383. 푸조비즈타워 앞,202504,2098,3079
성북구,4417. 성북청소년문화의집,202504,187,55
성북구,4418. 종암동 동덕여대 제2생활관 앞,202504,1601,1785
양천구,4537. 서울남부지방검찰청 후문 ,202504,1820,1573
양천구,4538. 양천공영차고지,202504,208,222
강남구,3651. 개포동역 4번출구,202504,1344,1470
도봉구,4084. 도봉동실내스포츠센터,202504,672,598
서대문구,4267. 서대문역 2번 출구,202504,1225,1211
중구,4800. 필동 삼거리,202504,886,894
중구,4801. 충정로역 2호선(엘리베이터 앞),202504,795,160
용산구,4621. 남산도서관 앞,202504,844,143
구로구,3920. 개봉역2번출구 B,202504,457,458
용산구,4634. 이태원역 3번 출구,202504,459,394
은평구,4683. 은평 성모병원 사거리,202504,509,496
양천구,4539. 목동7단지아파트 A상가,202504,905,853
영등포구,258. 신길역3번출구,202504,1859,1873
영등포구,5853. 여의도역2번출구 앞,202504,1745,1761
서대문구,4269. 연희IC 남측,202504,775,763
노원구,5305. 대륜E&S 서울지사 앞,202504,827,964
동작구,4177. 롯데캐슬 101동 앞,202504,323,153
동작구,4178. 이수성결교회 옆,202504,149,163
강남구,4903. 신사스퀘어,202504,507,409
구로구,3922. 서울남부교정시설 앞,202504,518,530
강서구,5078. 왈도강서캠퍼스 앞,202504,1150,1154
송파구,5751. 송파여성축구장,202504,733,679
영등포구,259. 대방역6번출구,202504,3466,3538
송파구,5752. 풍납백제문화공원 옆 인근,202504,2702,2783
송파구,5753. 호반써밋,202504,785,752
종로구,4718. 광화문역 6번출구 옆 A,202504,859,803
은평구,4684. 응암2동주민센터 버스정류장(영락중학교 방면),202504,431,79
강남구,4906. 섬유센터 앞,202504,2051,2034
강남구,4907. 극동스포츠 앞,202504,665,496
강남구,4905. 강남경찰서,202504,1764,1749
양천구,700. KB국민은행 염창역 지점 앞,202504,1473,1306
용산구,4636. 용산구꿈나무종합타운 앞,202504,877,972
용산구,4637. 용산시티파크 101동 앞,202504,540,516
용산구,4638. 청파동삼거리 앞,202504,624,675
용산구,4639. 동빙고근린공원,202504,723,869
강서구,5080. 가양역 1번출구,202504,3356,3735
강동구,3698. 명일역 3번출구 옆,202504,1443,1445
서초구,4332. 이수교차로,202504,1893,2196
강동구,3699. 상일파출소 옆,202504,1298,1404
구로구,3923. 구로공구상가 앞,202504,217,218
양천구,4541. 갈산문화예술센터,202504,2118,2181
양천구,701. 목동사거리 부근,202504,1815,1820
종로구,4719. 종로문화원 건너편,202504,892,879
도봉구,4086. 도봉로 534,202504,412,304
도봉구,4087. 우이교 교차로,202504,2155,2216
도봉구,4088. 김근태도서관,202504,266,170
강서구,5082. 가양역 7번출구,202504,4588,5560
은평구,4685. DMC역 5번 출구(수색역 방향),202504,1867,1834
강남구,4908. SB타워 앞,202504,339,377
노원구,5308. 상계신동아아파트,202504,349,175
강동구,3700. 강변그대가리버뷰 입구 맞은편,202504,1860,2114
성동구,4385. 용답동 우체국 주변,202504,1853,1828
마포구,129. 신촌역(2호선) 6번출구 옆,202504,704,728
양천구,702. 목4동주민센터 옆,202504,2477,2343
강서구,5084. 강서우체국,202504,1591,1275
노원구,5309. 월계 롯데캐슬아파트 뒤,202504,1294,1347
영등포구,5857. U레지던스 앞,202504,826,822
구로구,3924. 오류동 계림웨스트밸리 앞,202504,223,214
양천구,4540. 목동역 3번 출구,202504,3820,4280
동작구,4179. 보라매병원역 1번출구,202504,3651,3868
동작구,4180. 흑석동주민센터 입구,202504,229,234
서대문구,4271. 충정로역 1번 출구,202504,234,143
강남구,4909. 노보텔 앰배서더 앞,202504,470,171
강남구,4911. 도곡동 골프 로데오거리,202504,473,456
양천구,703. 오목교역 7번출구 앞,202504,3379,3786
노원구,5310. 목련아파트,202504,827,774
강남구,4913. 레베쌍트 빌딩 앞,202504,314,293
강남구,4914. 도심공항타워 앞,202504,1159,1182
서대문구,4272. 홍남교 사거리,202504,1281,1295
서대문구,4273. 홍연2교 사거리,202504,762,756
강남구,4915. 영동중앙교회 버스정류장,202504,242,234
노원구,5311. 주공601동 상가 노원지하보도 앞,202504,2323,2399
동작구,4181. 보라매공원역 2번출구,202504,1348,1346
강서구,5086. 가양테크노타운,202504,1862,2101
도봉구,4089. 동부센트레빌 앞,202504,1326,1456
양천구,704. 남부법원검찰청 교차로,202504,2551,2533
성동구,4386. 현대자동차 동부서비스센터 주변,202504,1412,1300
성동구,4387. 성수역 1번출구 주변,202504,2183,2313
노원구,5314. 월계1동주민센터 앞,202504,902,959
노원구,5313. 중계주공2단지 앞,202504,1077,1080
구로구,3925. 중앙유통단지 앞 B,202504,980,1051
강서구,5088. 등촌역 센터스퀘어,202504,1157,1076
은평구,4686. 우물골 근린공원,202504,438,407
은평구,4687. 역촌센트레빌아파트 101동 앞,202504,443,152
강서구,5089. LG사이언스파크 E10동,202504,1942,1947
강서구,5087. 연세강서빌딩,202504,2268,2100
양천구,706. 신정네거리역,202504,1317,1259
마포구,5503. 마포아트센터 앞,202504,1263,1250
송파구,5756. 극동아파트,202504,1133,1107
송파구,5758. 올림픽선수기자촌아파트 123동 근처,202504,881,521
노원구,5315. 불암산역 앞,202504,373,328
용산구,4640. 원효로2가 교차로,202504,795,1023
강서구,5090. 대상연구소,202504,1044,1246
용산구,4641. 아메리칸센터,202504,652,652
서대문구,4270. 우국한마음 아파트 맞은편,202504,1663,1674
서대문구,4274. 신촌 파랑고래 입구,202504,971,1005
송파구,5759. 풍납근린공원,202504,794,792
영등포구,5858. 영등포역5번출구,202504,5145,5794
관악구,3819. 서울대벤처타운역,202504,1466,1553
서초구,4333. 서울고등학교 건너편,202504,355,340
강서구,5091. 보타닉파크타워2,202504,1423,1473
양천구,4542. 월정초 사거리,202504,467,566
강동구,4951. 강동농협 버스정류소 앞(광채빌라),202504,843,775
송파구,5760. 풍납사거리 성내유수지,202504,1051,1020
노원구,5318. 극동의 푸른별 아파트 뒤(중계4동주민센터 앞),202504,956,884
양천구,708. 서울출입국관리사무소 앞,202504,4378,4456
송파구,5763. 세륜초등학교 건너편,202504,289,236
송파구,5764. 한국체육대학교,202504,757,755
강북구,3720. 우이천 창번교,202504,736,780
송파구,5761. 버섯분수대,202504,1257,1247
강동구,3701. 방아삼거리,202504,267,250
동대문구,4128.  종암초등학교 뒤(새울센스빌),202504,662,600
서초구,4334. 인재개발원 데이터센터,202504,94,26
성북구,4421. 롯데캐슬클라시아 입구 앞,202504,156,125
용산구,4642. 용산더프라임아파트 101동 앞,202504,413,424
양천구,709. 신정3동 현장민원실 앞,202504,807,650
영등포구,5859. 여의도 삼부아파트,202504,2453,2441
중구,6053. 중부세무서 앞,202504,198,186
송파구,5765. 삼전동주민센터 건너편,202504,2311,2626
양천구,4543. 오목교역 6번 출구,202504,4067,4514
강남구,4916. 청담역 1번출구,202504,232,181
동대문구,4131. 베네스트 오피스텔 앞,202504,866,834
관악구,3820. 은천삼거리,202504,481,331
노원구,5317. 공릉동 신도1차 아파트 뒤,202504,1109,1303
중랑구,4841. 중화수경공원,202504,1606,1808
은평구,4689. 은평서해그랑블아파트앞,202504,796,502
양천구,710. 금옥여고보도육교,202504,695,690
영등포구,5861. 보라주유소 앞,202504,703,710
영등포구,5860. 어울림병원 앞,202504,1178,1289
도봉구,4091. 방학역2번출구,202504,1386,1458
동대문구,4132. 이문삼익아파트 앞,202504,276,245
노원구,5319. 연해피빌 앞,202504,1424,1574
도봉구,4090. 녹천교 앞 사거리,202504,1264,1186
도봉구,4092. 도봉경찰서 교차로,202504,1614,1736
강남구,4919. 학여울역사거리(은마아파트),202504,243,237
강남구,4917. 일원에코파크 주차장,202504,1323,1415
양천구,711. 신일해피트리아파트 앞,202504,1222,301
서초구,4336. 서울교육청 교육연수원 앞,202504,148,47
서초구,4337. 우면산등산로 입구,202504,157,19
구로구,3927. 구로월드아파트 앞,202504,1675,1891
강북구,3724. 삼양동주민센터 앞,202504,354,296
강남구,4918. 매봉역 1번출구,202504,650,729
영등포구,5862. 당산역11번출구,202504,4216,4273
광진구,3890. 웰츠타워 오피스텔,202504,2456,2458
구로구,3930. 온수역 2번 출구 앞,202504,680,750
양천구,712. 강월초교입구 사거리,202504,660,1127
송파구,5766. 북위례1,202504,462,234
송파구,5767. 북위례2,202504,298,257
노원구,5320. 국제 스케이트장,202504,173,99
강북구,3725. 강북 청소년 문화정보도서관 앞,202504,378,398
구로구,3929. 고척아이파크아파트 205동 앞,202504,1264,1156
구로구,3928.고척아이파크아파트 106동 앞,202504,1317,1301
금천구,3986.청년주택 독산동점,202504,773,742
도봉구,4094.도봉여성센터,202504,380,363
동대문구,4133.래미안허브리츠아파트 앞,202504,918,932
관악구,"3822.신림4,5동교",202504,236,228
마포구,130. 신촌역(2호선) 7번출구 앞,202504,1966,2050
양천구,713. 양서중학교 옆,202504,818,720
영등포구,5864.장훈고 앞,202504,791,975
은평구,4690.은평뉴타운폭포동 힐스테이트4단지,202504,110,48
서대문구,4275.농협생명본사빌딩 서관,202504,591,601
성북구,4423.현대백화점 미아점,202504,692,693
영등포구,5865.더리브오피스텔 앞,202504,2087,1677
성동구,4389. 서울숲역3번출구,202504,479,484
동대문구,4134. 제기동 현대아파트 앞,202504,420,393
강남구,4923.수협대치동지점,202504,882,858
강남구,4924.논현동가구거리,202504,332,300
강동구,4952.천호시장 버스정류소 옆,202504,1344,1311
양천구,714. 한국SGI 양천문화회관 앞,202504,787,588
중구,6054.청구e편한세상아파트 113동 앞,202504,1329,1330
노원구,5321.불암아파트 앞,202504,839,829
영등포구,5866.포레나 당산,202504,3334,3228
마포구,5504.아현교회,202504,311,57
송파구,5768.방이삼거리,202504,4492,5096
양천구,4544.경창시장,202504,827,1275
서초구,4338.새정이마을버스정류장 앞,202504,58,40
노원구,5322.노원성당 앞,202504,559,640
금천구,3987. LG전자가산A와 가산테라타워 사이,202504,1074,1075
용산구,800. 목월공원 앞,202504,1131,1047
서초구,4340. 방배래미안아트힐아파트 앞,202504,415,75
서초구,4341. 영동1교 북단,202504,1113,1255
구로구,3932. 개봉센트레빌레우스아파트 앞,202504,282,235
구로구,3931. 천왕역 3번 출구 뒤,202504,771,662
양천구,4545. 청소년음악센터,202504,914,900
구로구,3934. 철도교통관제센터 정문 앞,202504,1544,1541
강서구,5095. 원당근린공원,202504,2664,2666
양천구,4546. 목동운동장 주경기장,202504,411,465
성동구,4390. 신답역 1번출구,202504,446,425
송파구,5774. 가락본동주민센터 인근,202504,1423,1408
송파구,5773. 송파시그니처롯데캐슬,202504,375,408
중랑구,4842. 면목라온프라이빗 아파트,202504,840,913
강북구,3726.삼양동사거리,202504,440,434
영등포구,5867. H타워 앞,202504,3465,3071
금천구,3988. 엘아르베뉴 102동 앞,202504,976,983
구로구,3933. 오류동부골든아파트 후문 옆,202504,525,68
영등포구,5868. 로프트시티오피스텔,202504,2170,2206
영등포구,5870. LG트윈타워 앞,202504,5566,5651
용산구,802. 한강진역 2번 출구 앞,202504,371,193
강남구,4926. 대치우성아파트 사거리,202504,1347,1336
영등포구,5869. 영등포아트홀 앞,202504,1171,1179
송파구,5775. 가락시장역 5번출구,202504,1014,1092
강남구,4925. 청담백영빌딩 앞,202504,352,368
마포구,5506. 월드컵참누리아파트,202504,967,979
강남구,4928. 교수마을 입구,202504,322,317
송파구,5777. 호반써밋12단지,202504,607,582
강동구,4953. 세양청마루아파트 앞,202504,1628,1621
용산구,4643. 한가람아파트 앞,202504,1074,1117
영등포구,5871. 건영상가 앞,202504,590,545
강서구,5096. LG사이언스파크 E14동,202504,3576,4874
구로구,3935. 고대구로병원 앞,202504,1207,1231
중랑구,4843. 봉화산역 4번 출구,202504,1126,1365
강남구,4929. 파스쿠찌 청담사거리점 앞,202504,556,682
중구,6055. 한국경제,202504,481,509
노원구,5323. 하계역 4번출구 앞,202504,1471,1456
서초구,4343. 헌인릉 입구,202504,33,13
동대문구,4135. 삼성생명 앞,202504,2276,2329
강서구,5097. LG사이언스파크 E2동,202504,1348,1354
용산구,805. 문배어린이공원 앞,202504,970,1043
강서구,5099. LG사이언스파크 E7동,202504,1608,1841
강서구,5098. LG사이언스파크 W4동,202504,1033,1037
노원구,5326. 대진고교앞 교차로,202504,1459,1442
강서구,5100. 강서도로사업소,202504,342,349
성북구,4425. 하늘채코오롱아파트 앞,202504,1371,1394
성동구,4393. 상원삼거리 장안철교 아래,202504,1639,1689
노원구,5325.상계주공7단지 아파트 앞,202504,1141,897
성동구,4392. 답십리역 6번출구,202504,1306,1372
강남구,4930. 학여울역 1번출구,202504,562,412
도봉구,4095. 방학브라운스톤아파트,202504,782,827
용산구,806. 전자랜드 본관 앞,202504,1135,1091
노원구,5327. 태릉선수촌 앞,202504,34,16
마포구,5507. 아현래미안푸르지오아파트 104동 앞,202504,321,66
마포구,5508. 성산유수지공원,202504,1318,1332
송파구,5778. 북위례3,202504,548,289
노원구,5328.롯데캐슬시그니처아파트 앞,202504,934,825
중랑구,4845. 신내역금강펜테리움센트럴파크,202504,148,137
강서구,6171. 월드빌딩 앞,202504,1239,1141
성동구,4394.서울시립24시간게스트하우스,202504,726,879
노원구,5329. 상계주공15단지 1509동 앞,202504,897,907
은평구,4693. 수색감리교회,202504,1803,1921
용산구,807. 서울역 12번 출구 앞,202504,1060,1060
노원구,5330. 구립수락노인종합복지관,202504,740,803
강서구,6172. 가양5단지아파트,202504,369,325
노원구,5331. 공릉동 풍림아파트 112동 앞,202504,266,262
영등포구,5872. 서경팰리스 앞,202504,795,816
강서구,6173. 서울자동차운전전문학원,202504,252,240
송파구,5779. 나래교,202504,402,356
동대문구,4136. 롯데캐슬SKY-L65 D동 앞,202504,1931,2009
노원구,5332. 마들역 4번출구,202504,1019,1029
노원구,5333. 노원역9번-10번 출구 앞,202504,2400,2541
노원구,5335. 하계역 1번 출구,202504,960,872
용산구,808. 서빙고동 금호맨션 앞,202504,536,504
노원구,5334. 화랑대역 3번출구,202504,299,301
중구,6057. 을지로5가(방산시장),202504,625,628
노원구,5336. 월계 고등학교 앞,202504,446,294
노원구,5337. 태강릉 앞,202504,117,98
강남구,4932. 개포래미안포레스트 130동 맞은편,202504,388,395
송파구,5780. 송파세무서,202504,348,346
강남구,4933. 디에이치퍼스티어아이파크 159동 앞,202504,273,239
중구,6058. 서울도시건축전시관 옆,202504,2099,2018
서초구,4344. 양재대로(구룡지하차도 앞),202504,344,281
노원구,5339. 은빛1단지 아파트 앞,202504,151,131
서대문구,131. 증산2교,202504,2125,2456
용산구,809. 한남 유수지 복개주차장,202504,747,735
송파구,5781. 올림픽공원 수영장,202504,3734,3976
노원구,5338. 상계초교 입구 교차로,202504,1142,1206
강남구,4935. 도곡삼성래미안,202504,453,454
구로구,3936. 힐스테이트 신도림역,202504,2181,1989
양천구,4547. 목동역 2번 출구,202504,3070,3050
중구,6059. 덕수중학교,202504,548,511
구로구,3937. 개봉역 신영지웰에스테이트,202504,128,124
강남구,4931. 디에이치퍼스티어아이파크 124동 앞,202504,726,611
광진구,3894. 노룬산시장 앞,202504,1476,1555
용산구,810. 이태원지하보도,202504,594,595
서초구,4345. 반포역 4번출구,202504,553,589
구로구,3939.신도림역 3번출구,202504,4075,4853
강동구,4954. 신명초등학교 건너편,202504,509,330
영등포구,5876. 에이스하이테크시티 4동 앞,202504,898,966
영등포구,5877. 문래동 꽃밭정원,202504,966,888
영등포구,5878. 우리은행 앞,202504,2318,2550
동대문구,4137. 답십리역 4번출구,202504,2848,3339
동대문구,4138. 조일빌딩 앞,202504,810,833
영등포구,5879. 국회도서관 2문 앞,202504,246,182
영등포구,5880. 국회박물관,202504,118,94
용산구,811. 녹사평역1번출구,202504,527,209
성동구,4396. 마장축산물시장 서문 인근,202504,486,508
성동구,4397. 마장축산물시장 북문 건너편,202504,1027,1094
영등포구,5881. 세계청소년NGO교육문화원,202504,1806,1831
영등포구,5882. 휴젠느,202504,3192,2966
강서구,6177. 마곡롯데캐슬르웨스트,202504,2601,2507
성동구,4398. 유원지식산업센터 앞,202504,1669,1670
성동구,4399. 더리브 세종타워 앞,202504,1825,1805
강서구,6176. 유광사 여성병원 앞,202504,737,717
동대문구,4139. 답십리 사거리,202504,1004,1084
강동구,4957. 신명초교 교차로,202504,1280,1114
영등포구,5883. 영문초사거리,202504,2577,2630
영등포구,5884. GS강서타워,202504,2184,2159
서초구,4347. 논현지하보도,202504,996,930
동대문구,4140. 신설동역 4번출구,202504,1414,1478
동대문구,4141. 우리은행장안지점 앞,202504,1876,1999
강동구,4958. 고덕래미안힐스테이트 아파트 211동,202504,400,193
강동구,4959. 암사역사공원역 3번출구,202504,422,549
강서구,6178. 마스터밸류에이스 지식산업센터,202504,838,853
노원구,5342. 상계공원 입구,202504,600,764
광진구,3898. 올림픽대교 북단,202504,1769,1854
용산구,813. 삼각지역 3번출구,202504,832,884
광진구,3899. 아차산역 2번출구,202504,1283,1253
영등포구,5885. 신정교하부(도림천역 방면),202504,1432,1108
중구,6060. 신한은행 본점,202504,1128,1115
송파구,5782. 오금현대 아파트 상가입구 앞,202504,879,855
성북구,4427. 동일하이빌뉴시티,202504,898,900
중랑구,4846. 상봉동양엔파트 앞,202504,822,824
중랑구,4847. 신내역시티프라디움 앞,202504,739,717
서대문구,4277. 서대문우체국 정류소 옆,202504,288,278
강남구,4936. SK텔레콤(T1) 인근,202504,273,124
서대문구,4278. 홍은2동주민센터,202504,388,382
용산구,815. LIG강촌아파트 103동앞,202504,1241,1277
서초구,4348. 사당역 1번출구,202504,75,297
광진구,3900. 건국대학교 신공학관,202504,1535,1902
강동구,4956. 암사역사공원역 1번출구,202504,966,1565
동대문구,4142. 현대썬앤빌 앞,202504,2149,2575
종로구,4721. 통인시장 정자,202504,1363,1393
마포구,5513. 마포음식문화거리,202504,1672,1805
동대문구,4143.서울동물복지지원센터 동대문,202504,1031,1025
노원구,5341.공릉동효성아파트 앞,202504,589,527
강동구,4960.고덕비즈밸리 지식산업센터 A,202504,1783,1910
영등포구,5886.신풍역 2번출구,202504,684,683
종로구,385. 종각역 5번출구,202504,1321,1352
서초구,4346.장학재단빌딩 앞,202504,279,114
서초구,4349.삼성화재서초타워,202504,625,615
동대문구,4145.청량리동 주민센터,202504,594,602
동대문구,4144.시립대학교 박물관 앞,202504,201,130
강남구,4937.개포래미안포레스트 126동 앞,202504,5,6
강서구,6180.양천향교역 3번출구,202504,6,9
강동구,4962.고덕비즈밸리 디엠스퀘어 앞,202504,17,4
중구,387. 훈련원공원주차장 앞,202504,958,917
마포구,181. 망원초록길 입구,202504,1379,1320
마포구,182. 망원2빗물펌프장 앞,202504,1477,1442
마포구,183. 하늘채코오롱아파트 건너편,202504,2733,2558
마포구,184. 7번가피자 서교망원점,202504,2483,2887
마포구,185. 마포 신수공원 앞,202504,1133,962
마포구,186. 월드컵공원,202504,3217,3175
서대문구,177. 북가좌 초등학교,202504,756,799
서대문구,188. 홍은동 정원여중 입구,202504,710,699
서대문구,191. 서우빌딩,202504,911,1143
서대문구,192. 연서어린이공원,202504,439,442
서대문구,178. 증산3교 앞,202504,1389,1443
서대문구,133. 해담는다리,202504,2123,2322
서대문구,194. 증산교 앞,202504,2052,2083
서대문구,195. 모래내고가차도 ,202504,865,811
서대문구,196. 연희교차로 인근,202504,456,403
서대문구,198. 충정2교,202504,413,383
성동구,556. 달맞이공원,202504,1331,1410
성동구,557. 도선동 주민센터 앞,202504,1558,1701
성동구,558. 성동광진 교육지원청 앞,202504,1606,1512
서대문구,134. 연세로 명물길,202504,594,650
성동구,559. 왕십리역 4번 출구 건너편,202504,2158,2266
성동구,560. 비전교회 앞,202504,2634,2614
성동구,561. 서울숲역 2번출구 앞,202504,2039,2037
성동구,563. 성동세무서 건너편,202504,1955,2301
성동구,564. 금호역 3번출구,202504,193,125
성동구,565. 옥수역 3번출구,202504,2748,2905
성동구,568. 청계8가 사거리 B,202504,2526,2628
서대문구,135. 명물길 원형무대 앞,202504,534,577
성동구,569. 응봉현대아파트 정류소,202504,324,288
성동구,578. 성동세무서 부근,202504,2060,2042
성동구,579. 마장역 4번출구,202504,1255,1298
성동구,582. 경일중학교 앞,202504,1869,1876
성동구,583. 청계천 생태교실 앞,202504,5881,6209
광진구,551. 구의삼성쉐르빌 앞,202504,2684,2804
광진구,552. 대림아크로리버 앞,202504,971,1107
광진구,553. 중곡 성원아파트 앞,202504,1345,1431
광진구,555. 구의3동주민센터,202504,476,451
광진구,571. 세종대학교 대양AI센터,202504,2269,2273
광진구,573. 구의문주차장 앞,202504,2820,2814
광진구,574. 아차산역4번출구,202504,2662,1513
광진구,575. 대원중고교 입구(대하빌딩),202504,592,440
광진구,576. 광나루역 3번 출구,202504,2248,2298
광진구,577. 광진청소년수련관,202504,1939,2076
동대문구,621. 전농초등학교 건너편,202504,576,417
서대문구,137. 신촌기차역입구 교차로,202504,584,367
동대문구,622. 전농사거리 교통섬,202504,1279,1448
동대문구,623. 서울시립대 정문 앞 B,202504,1855,1118
동대문구,624. 전농동 동아아파트 앞,202504,1412,1505
동대문구,626. 군자교 서측 녹지대,202504,2247,2276
동대문구,627. 장안동삼거리 교통섬,202504,1244,1260
동대문구,628. 휘봉고등학교 앞,202504,866,872
동대문구,630. 동대문구 보건소,202504,2277,2338
동대문구,631. 답십리역 1번출구,202504,3041,3302
마포구,102. 망원역 1번출구 앞,202504,3348,3558
서대문구,138. 신촌동 제1공영주차장 앞,202504,631,582
동대문구,633. 청량리 기업은행 앞,202504,2316,2471
동대문구,634. 외국어대 정문 앞,202504,2171,2188
동대문구,635. 시조사 앞,202504,1523,1498
동대문구,636. 세종대왕기념관 교차로,202504,552,592
동대문구,637. KAIST 경영대학 앞,202504,1107,922
동대문구,638. 서울시립대 정보기술관,202504,706,677
동대문구,639. 서울시립대 후문,202504,596,474
동대문구,640. 동대문경찰서 교차로,202504,979,1148
동대문구,641. 용두역 4번출구,202504,2256,2396
동대문구,642. 신답역 사거리,202504,1952,1956
서대문구,140. 이화여대 후문,202504,684,720
동대문구,643. 동대문구민체육센터 (육교아래),202504,2458,2975
영등포구,230. 영등포구청역 1번출구,202504,7773,7710
영등포구,260. 여의도 마리나선착장 앞,202504,417,386
영등포구,263. 근로자회관 사거리,202504,3519,3548
영등포구,264. 교보생명보험 앞,202504,1853,1583
영등포구,265. 영등포유통상가 사거리,202504,1962,1800
서대문구,141. 연대 대운동장 옆,202504,620,414
영등포구,266. 영등포청과시장 사거리,202504,1882,1803
영등포구,267. 삼성화재 사옥 옆,202504,2587,2527
영등포구,268. 그랜드컨벤션센터 앞,202504,2309,2300
영등포구,270. 증권거래소후문교차로,202504,1482,1450
영등포구,271. 샛강생태공원방문자센터 앞,202504,1171,908
영등포구,272. 당산육갑문,202504,6848,7374
양천구,716.신정6동 주민센터 인근,202504,1653,1557
서대문구,139. 연세대 정문 건너편,202504,348,275
양천구,719. 홍익병원앞 교차로,202504,1408,1432
양천구,720. 서울강월초등학교 앞,202504,907,508
용산구,816. 신용산역 6번출구 앞,202504,1911,1982
용산구,817. 삼각지역 4번출구 앞,202504,795,817
용산구,818. 숙명여대 입구 교차로,202504,1181,1297
용산구,819. 선린인터넷 고등학교,202504,1676,1761
용산구,820. 청파동입구 교차로,202504,856,855
용산구,822. 이촌1동 마을공원,202504,455,410
용산구,823. 효창동주민센터 앞,202504,324,214
용산구,825. 서빙고동 주민센터 앞,202504,2394,2971
마포구,199. 서울 월드컵 경기장,202504,996,585
종로구,388. 동성중학교 앞,202504,534,537
광진구,584. 광진광장 교통섬,202504,3422,2777
성동구,585. 성수2가1동 공영주차장 인근,202504,4578,4752
성동구,586. 마장동 주민센터,202504,794,832
은평구,900. 은평예술회관,202504,505,464
영등포구,200. 국회의원회관,202504,138,127
은평구,902. 진관동 은빛초등학교,202504,391,393
은평구,903. 은평뉴타운 아이파크,202504,638,717
은평구,904. 은평뉴타운 푸르지오,202504,624,732
은평구,905. 구파발역 2번출구,202504,1959,2341
은평구,906. 연신내역 5번출구,202504,2605,2976
은평구,907. CJ 드림시티,202504,3778,4715
은평구,908. 구산역 4번출구,202504,1212,1266
은평구,909. 백련산 힐스테이트 3차,202504,665,203
은평구,911. 은평평화공원(역촌역4번출구),202504,1989,1950
영등포구,201. 진미파라곤 앞,202504,2531,2595
은평구,912. 응암오거리,202504,2068,2493
은평구,913. 이마트 버스정류장(서부경찰서 방면),202504,1798,1814
은평구,914. 새절역 2번출구,202504,2994,3406
은평구,915. 증산역 4번출구,202504,1280,1497
은평구,916. 평생학습관 앞,202504,1153,1169
은평구,917. 녹번역 3번출구,202504,1510,1490
은평구,919. 서울혁신파크,202504,494,526
은평구,921. 신도고등학교,202504,130,79
영등포구,202. 국민일보 앞,202504,4261,4548
은평구,922. 연신내역 4번출구,202504,561,563
은평구,923. 국민은행 연서지점,202504,544,533
은평구,925. 불광역 2번출구,202504,634,661
은평구,927. 연신내역 3번출구 인근,202504,449,487
은평구,928. 은평역사한옥박물관,202504,234,178
은평구,930. 구 서부경찰서 건너편,202504,882,927
은평구,931. 역촌파출소,202504,3140,3437
은평구,932. 예일여중,202504,1128,1235
은평구,933. 역촌종합시장 버스정류장(예일여고 방면),202504,1640,1934
성동구,587. 유니베라 앞,202504,1944,1998
광진구,588. 뚝섬 유원지역,202504,2216,2210
강동구,1001. 광진교 남단 사거리(천호공원 방면),202504,1754,1875
강동구,1002. 해공공원(천호동),202504,2181,2314
강동구,1003. 해공도서관앞,202504,1160,1176
강동구,1004. 삼성광나루아파트 버스정류장,202504,1582,2250
강동구,1006. 롯데캐슬 115동앞,202504,263,257
강동구,1007.암사동 선사유적지,202504,191,190
강동구,1008. 암사역 3번출구(국민은행앞),202504,3275,4050
강동구,1009. 천호역4번출구(현대백화점),202504,5306,5329
강동구,1010. 강동세무서,202504,3410,3454
강동구,1011. LIGA 아파트 앞,202504,3608,3566
강동구,1012. 천호역효성해링턴타워 앞,202504,2790,2869
강동구,1013. 강동구청역 1번 출입구,202504,2794,2786
강동구,1015. 샛마을 근린공원,202504,852,871
마포구,103. 망원역 2번출구 앞,202504,2589,3098
영등포구,204. 국회의사당역 5번출구 옆,202504,1596,1605
강동구,1016. 해뜨는 주유소옆 리엔파크 109동앞,202504,985,1007
강동구,1017. 둔촌고교입구 교차로(길동주민센터 방면),202504,1672,1674
강동구,1019. 다성이즈빌아파트(호원대 대각선 맞은편),202504,4626,4993
강동구,1020. 강동경찰서,202504,4153,4154
강동구,1021. 강일동 리슈빌 빌딩앞,202504,1494,1833
강동구,1022. 길동 사거리(초소앞),202504,1961,1972
성동구,589. 성수역3번출구,202504,3032,3089
강서구,1101. 상사마을 버스정류장(아라대교방면),202504,188,242
강서구,1102. 방화사거리 마을버스 버스정류장,202504,2485,2716
강서구,1105. 방화근린공원,202504,517,475
영등포구,203. 국회의사당역 3번출구 옆,202504,2203,2268
강서구,1108. 공항시장역 2번출구 뒤,202504,1225,1225
강서구,1109. 공항시장역 4번출구,202504,737,730
강서구,1111. 마곡엠밸리6_7단지 마곡중학교,202504,2513,2229
강서구,1112. 마곡엠밸리4단지 정문,202504,4279,4260
강서구,1113. 서남환경공원 버스정류장,202504,3132,2647
강서구,1118. 증미역 3번출구뒤(등촌두산위브센티움오피스텔),202504,2668,3002
강서구,1119. 염창동 한마음아파트 앞,202504,1316,1301
강서구,1120. 대림경동아파트앞,202504,2035,1871
강서구,1121. 가양레포츠센터 앞,202504,1897,1954
영등포구,205. 산업은행 앞,202504,2232,2295
강서구,1124. 발산역 6번 출구 뒤,202504,5880,5917
강서구,1126. 우장산역 1번출구옆(우장산아이파크105동앞),202504,2391,1738
강서구,1127. 화곡역 버스정류장,202504,1034,1052
강서구,1129. 화곡역 1번 출구 앞,202504,1410,1419
강서구,1130. 화곡본동시장 버스정류장,202504,481,450
강서구,1132. 등촌역 7번출구,202504,2133,2378
영등포구,206. KBS 앞,202504,2738,2730
강서구,1135. 강서구의회,202504,2449,2023
강서구,1136. 등촌2파출소,202504,721,359
강서구,1137. 등촌2동주민센터,202504,439,233
강서구,1139. 용문사 버스정류장,202504,902,587
강서구,1140. 목동사거리 버스정류장,202504,2564,2604
강서구,1141. 곰달래 문화복지센터 A,202504,1633,1974
강서구,1145. 곰달래 문화복지센터 B,202504,942,1004
강서구,1148. 볏골공원,202504,1244,1226
송파구,1205. 종합운동장역 4번출구,202504,2162,1812
송파구,1206. 9호선종합운동장역 9번출구,202504,1510,1468
송파구,1208. 풍납현대아파트쉼터,202504,2651,2633
송파구,1209. 잠실나루역 (2번 출구 쪽),202504,3577,3516
송파구,1213. 백토공원 앞,202504,414,386
송파구,1215. 올림픽공원역 1번출구 앞,202504,2238,2234
송파구,1217. 송파파인타운 7단지,202504,803,795
송파구,1220. 잠실근린공원,202504,2692,2955
송파구,1222. 잠실새내역 5번 출구 뒤,202504,4550,4877
송파구,1224. 아시아지하보도 2번 출구,202504,2099,2074
송파구,1229. 송파체육문화회관 앞,202504,1392,1374
영등포구,209. 유진투자증권빌딩 앞,202504,4827,5782
송파구,1232. 잠실주공 521동 건너편,202504,3131,3114
송파구,1233. 잠실3거리(갤러리아팰리스),202504,1322,1171
송파구,1235. 잠실트리지움310동 옆,202504,2343,2718
서대문구,176. 명지대학교 도서관,202504,2002,2018
중랑구,1401. 극동늘푸른아파트,202504,1556,1756
성북구,1314. 정릉꿈에그린1단지 201동 앞,202504,186,185
성북구,1315. 고려사대부속중고 정문,202504,147,148
중랑구,1402. 금란주차장 앞,202504,729,812
성북구,1316. 고려사대부속중고 건너편 ,202504,256,219
성북구,1318. 길음역 3번출구 뒤,202504,1263,1297
성북구,1319. 종암박스파크,202504,851,844
성북구,1322. 래미안라센트아파트 103동 앞,202504,1069,1158
중랑구,1403. 중화빌딩 앞 (동부시장),202504,985,1022
중랑구,1405. 망우역 1번출구,202504,702,690
중랑구,1408. 먹골역 6번출구 앞,202504,1136,1329
성북구,1325. 상월곡역 4번출구,202504,598,406
성북구,1326. 상월곡역 1번출구,202504,849,759
중랑구,1410. 면목 대원칸타빌아파트,202504,272,108
성북구,1327. 상월곡역 3번출구,202504,998,1071
성북구,1333. 석관초등학교 앞,202504,1425,1498
성북구,1334. 석관동주민센터 앞,202504,1375,1359
중랑구,1418. 새솔초등학교,202504,219,78
중랑구,1441. 신내능말공원,202504,626,271
중랑구,1420. 신내어울공원 앞,202504,853,837
중랑구,1421. 신내역 4번출구,202504,600,548
중랑구,1422. 신내우디안아파트 1단지,202504,246,78
중랑구,1424. 양원역 2번출구,202504,259,229
중랑구,1425. 신성미소지움아파트,202504,867,550
영등포구,213. KT앞,202504,2732,2449
중랑구,1426. 면목도시개발아파트 1동 앞,202504,504,104
중랑구,1435. 능산삼거리,202504,326,271
중랑구,1436. 동원베네스트 건물 앞,202504,397,217
중랑구,1437. 늘푸른공원 앞,202504,847,884
중랑구,1438. 홈플러스 신내점 앞,202504,2115,2403
중랑구,1404. 동일로 지하차도,202504,1290,1275
마포구,104. 합정역 1번출구 앞,202504,1650,1449
영등포구,214. 금융감독원 앞,202504,1533,1591
노원구,1601. 석계역 문화광장 내 자전거 보관소,202504,4776,5186
노원구,1606. 태릉입구역 3번출구 ,202504,1593,1609
노원구,1610. 화랑대역 2번출구 앞,202504,2543,2871
노원구,1611. 과기대 입구(우),202504,3608,3879
노원구,1616. 하계2동 공항버스정류장 옆,202504,770,793
노원구,1617. 하계동 중평어린이공원 앞,202504,2030,2216
노원구,1634. 당고개공원 대여소,202504,536,534
노원구,"1635. 상계3,4동 주민센터 대여소",202504,311,223
노원구,1636. 상계주공2단지 버스정류장 옆,202504,2112,2073
노원구,1637. KT 전화국 버스정류장 옆,202504,3656,3889
노원구,1639. 희성오피앙,202504,927,889
도봉구,1702. 녹천역 1번출구 앞,202504,621,668
도봉구,1705. 도봉구청 정문앞,202504,1589,1597
도봉구,1707. 도봉구민회관,202504,1310,1153
도봉구,1709. 쌍문역4번출구 주변,202504,1169,1226
금천구,1804. 독산역 2번출구 자전거주차장,202504,1456,1456
영등포구,219. 롯데캐슬엠파이어 옆,202504,2978,3001
금천구,1805. 서울디지털운동장 앞,202504,1171,1178
금천구,1806. 에이스하이엔드타워9차 앞,202504,1030,1091
금천구,1808. 에이스하이엔드타워8차 앞,202504,929,959
금천구,1809. LG전자 별관동(호서대 벤처타워 맞은편),202504,1052,1298
금천구,1812. 갑을그레이트밸리 앞,202504,720,726
금천구,1814. 두산위브아파트 옆 상가건물 앞,202504,849,856
금천구,1820. 신한은행 시흥대로금융센터지점,202504,211,233
금천구,1821. 홈플러스 시흥점 맞은편 다비치안경 앞,202504,698,792
영등포구,220. 미성아파트 A동 앞,202504,1729,1624
금천구,1822. 서울 시흥동우체국 앞,202504,572,609
금천구,1823. 상신정비공업 앞,202504,360,152
금천구,1824. 독산근린공원 입구,202504,2068,2073
금천구,1825. 한신아파트 앞 육교 아래,202504,570,618
금천구,1826. 한신코아 앞,202504,434,486
금천구,1828. 한양수자인아파트 앞,202504,980,446
금천구,1829. 홈플러스 금천점 앞,202504,765,846
금천구,1830. 빅마켓 금천점 앞,202504,1709,1729
금천구,1831. 한국전력 구로금천지사 앞,202504,641,651
금천구,1833. 독산역 1번출구 A,202504,966,985
영등포구,215. 여의도고교 앞,202504,2367,2408
금천구,1834. 월드메르디앙 벤처센터 2차,202504,1460,1678
금천구,1835. STX V타워,202504,674,673
금천구,1819. 금천구청 앞 자전거거치대,202504,417,424
강북구,1503. 강북구청사거리(수유역 8번출구),202504,2203,2257
강북구,1504. 삼양시장오거리,202504,257,249
강북구,1506. 강북문화예술회관,202504,1244,1161
강북구,1514. 강북구청 사거리 버스정류소 앞,202504,835,830
강북구,1525. 미아동 복합청사,202504,401,367
강북구,1515. 송천동 주민센터,202504,393,391
강북구,1520. 수유중앙시장,202504,1139,1260
강북구,1519. 장미원시장 건너편,202504,651,633
강북구,1516. 우이동길마을마당,202504,618,528
강북구,1518. 수유2동은행빌딩 앞,202504,682,688
성북구,1321. 국민은행 종암동지점 앞,202504,1839,2223
도봉구,1703. 도봉산광역환승센터앞 ,202504,297,250
도봉구,1708. 도봉보건소사거리,202504,1355,1414
영등포구,217. NH농협은행 앞,202504,4153,4224
금천구,1827. 독산보도육교 앞 자전거 보관소,202504,2179,2284
금천구,1836. 금천구립 독산도서관,202504,206,80
구로구,1901. 신도림동주민센터 앞,202504,2101,2106
구로구,1904. 도림천역 1번 출구 앞,202504,2448,2392
구로구,1906. 신도림역 1번 출구 앞,202504,6242,6292
구로구,1907. 구일우성(아) 육교 밑,202504,1679,1618
구로구,1908. 해원리바파크 육교 밑,202504,2514,2510
구로구,1910. 낙원교회 맞은편,202504,573,418
구로구,1911. 구로디지털단지역 앞,202504,6228,6310
구로구,1912. 한신휴아파트 앞,202504,2231,2187
영등포구,221. 여의도초교 앞,202504,1857,1773
구로구,1916. 구로중학교앞,202504,1093,1132
구로구,1920. 서울미래초등학교 사거리,202504,1351,1116
구로구,1924. 삼부르네상스파크빌,202504,1265,493
구로구,1928. 고척스카이돔구장 광장,202504,1604,1608
구로구,1929. 고척근린공원 고척도서관 앞,202504,1344,1142
구로구,1930. 개봉지구대 개봉치안센터,202504,950,946
구로구,1933. 개봉푸르지오아파트 상가,202504,1805,2031
구로구,1937. 한진아파트 입구,202504,1005,972
영등포구,222. 시범아파트버스정류장 옆,202504,2088,2088
동작구,2002. 노들역 1번출구,202504,3413,4065
동작구,2007. 유한양행앞,202504,13,26
동작구,2008. 노량진근린공원 대방공원,202504,431,283
동작구,2013. 장승배기역 5번출구,202504,1309,1032
동작구,2016. 신대방삼거리역 3번출구쪽,202504,965,1010
영등포구,223. 진주아파트상가 앞,202504,1322,1243
동작구,2020. 장승배기역2번출구뒷편쪽,202504,508,519
동작구,2024. 상도역 1번출구,202504,528,452
동작구,2025. 흑석역 1번출구,202504,2622,2948
동작구,2027. 중앙대학교 정문 1,202504,629,676
동작구,2036. 정금마을 마을버스정류장,202504,618,724
동작구,2037. 동작역 5번출구 동작주차공원,202504,966,840
동작구,2038. 동작역 7번출구,202504,438,398
동작구,2040. 비계 버스정류소,202504,225,147
동작구,2050. 노량진역 5번출구,202504,2437,3043
마포구,105. 합정역 5번출구 앞,202504,985,781
영등포구,224. 롯데캐슬 앞,202504,2371,2336
동작구,2054. 삼익아파트,202504,1266,1321
동작구,2057. 상도 아이파크 아파트,202504,378,141
관악구,2102. 봉림교 교통섬,202504,5820,6138
관악구,2103. 신림동 우방아파트,202504,1101,1075
관악구,2105. 미성동 신림체육센터,202504,1055,1079
관악구,2106. 세이브마트,202504,1462,1880
관악구,2127. 난곡종점,202504,562,267
관악구,2144. 난우길입구,202504,449,462
영등포구,225. 앙카라공원 앞,202504,2016,1777
관악구,2104. 사당역 5번출구,202504,1155,1342
관악구,2108. 은천치안센터,202504,1210,1271
관악구,2112. 서울대입구역 마에스트로,202504,657,742
관악구,2116. 에이스에이존빌딩,202504,541,584
관악구,2122. 낙성대로 입구,202504,593,608
영등포구,226. 샛강역 1번출구 앞,202504,2944,2512
관악구,2128. 관악구청교차로,202504,490,482
관악구,2129. 낙성대 과학전시관,202504,427,173
관악구,2130. 영어마을 관악캠프,202504,203,93
관악구,2137. KT&G 관악지점,202504,562,484
관악구,2140. 신림1교 교차로,202504,2212,2323
관악구,2145. 은천초등학교 육교,202504,645,548
동작구,2009. 보라매역 8번출구,202504,748,765
동작구,2012. 대림사거리(동작상떼빌아파트),202504,873,853
동작구,2015. 신대방삼거리역 6번출구쪽,202504,1812,1864
동작구,2033. 사당동 아르테스 웨딩앞,202504,962,1039
영등포구,207. 여의나루역 1번출구 앞,202504,7959,7591
동작구,2041. 사당중학교 버스정류소,202504,184,141
동작구,2048. 삼일초등학교 인근,202504,621,348
동작구,2056. 동작구민 체육센터,202504,1155,1070
노원구,1608. 공릉역 1번 출구 앞,202504,4107,4407
노원구,1619. 중계동 하나프라자빌딩 앞(중1-1),202504,2073,2058
송파구,1203. 밀리아나2빌딩 앞,202504,1334,1331
송파구,1207. 마천중앙시장,202504,685,699
송파구,1214. 오금역 7번 출구 인근,202504,997,924
서초구,2202.청계산입구역 1번출구,202504,1592,1516
서초구,2205. 내곡3단지 어린이공원 앞,202504,787,659
서초구,2206. 언남초등학교 앞,202504,1130,1135
서초구,2210. 반포1동 주민센터 앞,202504,384,231
서초구,2212.서초현대4차아파트 201동 맞은편,202504,881,839
서초구,2213. 고속터미널역 5번출구 앞,202504,1203,981
서초구,2214. 신반포역 2번출구 앞,202504,1388,1906
서초구,2217.아크로리버뷰 부지 앞,202504,3207,3965
서초구,"2219. 고속터미널역 8-1번, 8-2번 출구 사이",202504,4118,4226
서초구,2221. 방일초교 마을버스 정류장,202504,995,1044
서초구,2222.사당역 12번출구 뒤,202504,1484,1950
서초구,2223. 방배래미안 정문 앞,202504,298,352
서초구,2225.백석예술대학교 제3캠퍼스 앞,202504,165,115
서초구,2226. 신동아럭스빌아파트 앞,202504,323,69
서초구,2227.방배열린문화센터 앞,202504,793,793
서초구,2228.뒷벌공원 옆,202504,1391,1638
서초구,2229.로고스교회 맞은 편,202504,442,447
마포구,401. 상암월드컵파크 10단지 앞,202504,873,832
서초구,2230.이수역 4번 출구,202504,1619,1698
서초구,2231. 삼성타운(삼성생명) A동 맞은편,202504,1624,1727
서초구,2233. 서초신동아1차아파트 옆,202504,439,444
서초구,2235.KT 서초지사 앞,202504,321,135
서초구,2237.서울남부터미널 대합실 입구,202504,894,731
서초구,2239.교대역 6번출구,202504,731,793
서초구,2241.양재전화국 사거리,202504,992,904
서초구,2242.양재역 10번 출구 앞,202504,940,937
서초구,2243.서울가정법원,202504,850,567
서초구,2244. 말죽거리공원 사거리,202504,1621,1666
마포구,402. 상암월드컵파크 9단지 앞,202504,615,544
서초구,2245.양재초등학교 맞은편,202504,960,982
서초구,2247.섬들근린공원,202504,1511,1562
서초구,2255. 양재시민의숲역 1번출구,202504,2781,2781
서초구,2256.양재동 꽃시장 입구,202504,455,434
서초구,2257. 청계산 입구 삼거리,202504,174,202
서초구,2258.구룡사 삼거리,202504,486,193
강남구,2301. 현대고등학교 건너편,202504,1790,1953
강남구,2344. 리엔파크 2단지 앞,202504,544,616
마포구,403. 부엉이공원 앞,202504,995,488
서초구,2259. 잠원역 3번-4번 출구사이 ,202504,1239,1529
서초구,2251. 더케이호텔 입구(양재2) ,202504,814,854
강남구,2337. 대모산입구역 2번출구 앞,202504,563,494
강남구,2309. 청담역(우리들병원 앞),202504,481,208
강남구,2317. 삼성도로공원,202504,1326,1354
강남구,2311. 학동로 래미안 아파트 앞,202504,477,151
강남구,2302. 교보타워 버스정류장(신논현역 3번출구 후면),202504,1178,1205
강남구,2303. 논현역 10번출구,202504,1419,978
강남구,2304. 대현그린타워,202504,474,127
강남구,2305. MCM 본사 직영점 앞,202504,361,355
강남구,2306. 압구정역 2번 출구 옆,202504,2248,2184
강남구,2307. 압구정 한양 3차 아파트,202504,498,433
강남구,2308. 압구정파출소 앞,202504,1268,1242
강남구,2310. 청담동 맥도날드 옆(위치),202504,367,414
강남구,2312. 청담역 13번 출구 앞,202504,565,562
강남구,2313. 금원빌딩 앞,202504,628,626
강남구,2348. 포스코사거리(기업은행),202504,2278,2456
강남구,2314. 청담나들목입구,202504,171,140
강남구,2315. 봉은사역 5번출구 옆,202504,948,940
마포구,106. 합정역 7번출구 앞,202504,2992,2839
마포구,405. DMC빌 앞,202504,729,691
강남구,2318. 삼성중앙역4번출구(문화센터더 리빌),202504,296,228
강남구,2319. 포스코사거리 서측(수협 삼성동 지점),202504,683,672
강남구,2320. 도곡역 대치지구대 방향,202504,664,795
강남구,2321. 학여울역 사거리,202504,363,324
강남구,2323. 주식회사 오뚜기 정문 앞,202504,584,564
강남구,2324. 천주교 대치 2동 교회 옆,202504,888,901
강남구,2325. 대치삼성아파트 앞 교차로,202504,839,809
강남구,2326. 대치동 삼성로,202504,727,431
마포구,406. 상암월드컵파크 7단지 앞,202504,767,773
강남구,2327. 뱅뱅사거리 랜드마크타워 앞,202504,1223,1447
강남구,2328. 르네상스 호텔 사거리 역삼지하보도 7번출구 앞,202504,841,648
강남구,2329. 르네상스호텔사거리 역삼지하보도 2번출구,202504,481,405
강남구,2330. 역삼월드메르디앙아파트 앞,202504,695,697
강남구,2331. 동영문화센터앞,202504,705,576
강남구,2332. 선릉역3번출구,202504,1789,1753
강남구,2333. 양재역 3번출구 주변,202504,1315,742
강남구,2334. 삼호아파트 2동 ( 간선도로),202504,308,295
강남구,2335. 3호선 매봉역 3번출구앞,202504,2218,2394
강남구,2336. 강남세브란스교차로  래미안그레이튼 104동 앞,202504,532,488
마포구,421. 마포구청 앞,202504,2313,2308
강남구,2339. 현대아파트 정문 앞,202504,680,641
강남구,2340. 삼호물산버스정류장(23370) 옆,202504,2672,2912
강남구,2341. 일원역 4~5번 출구 사이,202504,671,419
강남구,2342. 대청역 1번출구  뒤,202504,1637,1621
강서구,1106. 신방화사거리,202504,3071,3145
성북구,1302. 한성대입구역6번출구 뒤,202504,820,807
성북구,1304. 만해공원,202504,229,28
성북구,1308. 안암로터리 버스정류장 앞,202504,3359,3956
강서구,1110. 공항중학교앞,202504,987,989
강서구,1128. 화곡역 6번출구,202504,1429,1425
마포구,407. 마포구 육아종합지원센터,202504,1069,1238
강동구,1018. 둔촌 주공 GS 맞은편,202504,2493,2514
강서구,1103. 방화역 4번출구앞,202504,2945,2655
강서구,1117. 등촌5단지아파트 버스정류장,202504,3871,3887
송파구,1201. 가락시장역 3번 출구,202504,2066,2083
송파구,1212. 송파역 2번 출구앞,202504,1588,1730
마포구,408. LG CNS앞,202504,888,857
송파구,1231. 잠실역 6번출구,202504,3469,3654
성북구,1306. 한성대입구역2번출구,202504,1653,1644
중랑구,1407. 먹골역 1번출구 뒤,202504,1534,1664
마포구,420. 서울시 공공자전거 상암센터,202504,1422,1153
중랑구,1416. 상봉역 3번출구,202504,1612,1830
중랑구,1427. 용마산역 1번출구,202504,344,219
중랑구,1428. 원묵고등학교,202504,1255,689
중랑구,1429. 장안중학교,202504,773,866
중랑구,1430. 중랑구청,202504,1301,662
중랑구,1431. 중랑구청 사거리,202504,1113,873
중랑구,1433. 중화역 2번출구,202504,1494,1689
강북구,1509. 서울북부수도사업소,202504,472,469
마포구,409. 누리꿈스퀘어 옆,202504,2307,2311
강북구,1510. 번동주공5단지 관리사무소 앞,202504,459,503
강북구,1512. 강북중학교 앞,202504,1853,1923
강북구,1513. 강북구청 뒷편,202504,344,343
노원구,1605. 헬스케어,202504,1295,1373
노원구,1620. 중계구민체육센터,202504,968,962
노원구,1628. 노일초등학교 앞,202504,668,679
노원구,1630. 수연빌딩 앞,202504,1093,1121
마포구,419. 홈플러스 마포점 앞,202504,2849,2546
구로구,1936. 개봉역 1번 출구 자전거보관서쪽,202504,889,1016
구로구,1941. 오류동역 2번출구,202504,1095,1256
구로구,1943. 온수역 북측,202504,290,281
구로구,1946. 구로역 광장,202504,2836,3038
구로구,1951. 천왕이펜하우스 4단지 후문,202504,308,193
구로구,1952. 천왕연지타운2단지 앞,202504,1325,1869
구로구,1953. 천왕역 4번출구 뒤,202504,1170,649
동작구,2003. 사육신공원앞,202504,1085,1129
서초구,2263. 바우뫼문화복지회관,202504,762,673
마포구,410. 상암중학교 옆,202504,319,217
서초구,2249. 우솔초등학교 맞은편,202504,318,306
서초구,2250. 서초유치원 맞은편,202504,925,930
관악구,2109. 은천로입구 가로공원,202504,2444,2441
관악구,2115. 관악구시설관리공단,202504,1303,1059
관악구,2119. 중앙동 동진빌딩,202504,603,580
관악구,2143. 서울산업정보학교,202504,216,218
관악구,2148. 낙성대역 3번출구 뒤,202504,749,743
서초구,2246. 서울시 품질시험소 앞,202504,808,824
마포구,418. 월드컵경기장역 3번출구 옆,202504,2219,2180
서초구,2252. 잔디마을 마을버스 정류장,202504,1642,1624
송파구,1210. 롯데월드타워(잠실역2번출구 쪽),202504,11297,11243
송파구,1218. 방이역 4번출구,202504,2955,2912
송파구,1226. 잠실4동 주민센터 옆,202504,2502,2581
송파구,1227. 거여역 8번출구 뒤,202504,1495,1521
송파구,1228. 마천사거리 ,202504,841,1007
송파구,1230. 송파중학교 정문,202504,734,582
송파구,1239. 문정 법조단지3,202504,736,736
마포구,107. 수협 연남동지점,202504,1172,1346
마포구,411. DMC홍보관,202504,1620,1635
송파구,1240. 문정 법조단지4,202504,846,781
송파구,1241. 문정 법조단지5,202504,661,639
송파구,1242. 문정 법조단지6,202504,212,208
송파구,1243. 문정 법조단지7,202504,2602,2637
송파구,1244. 문정 법조단지8,202504,2548,2510
송파구,1245. 문정 법조단지9,202504,1685,1624
송파구,1246. 문정 법조단지10,202504,2291,2235
송파구,1247. 문정 법조단지11,202504,843,819
송파구,1248. 방이초등학교,202504,2954,2391
마포구,412. DMC산학협력연구센터 앞,202504,1460,1458
성북구,1328. 월곡역 3번출구,202504,2463,2662
중랑구,1411. 상봉시장앞 교차로 한성빌딩 앞,202504,1139,1144
노원구,1602. 광운대역 앞,202504,1813,1838
노원구,1625. 상계역 3번출구,202504,5057,5195
노원구,1627. 수락산역 4번출구,202504,1193,1193
도봉구,1706. 방학동우체국 건너편,202504,1105,1089
구로구,1914. 대림역4번출구,202504,2875,2883
구로구,1925. 동양미래대학교 정문 옆,202504,4976,5051
마포구,413. 상암월드컵파크 3단지 후문,202504,926,933
구로구,1931. 개봉역2번출구 A,202504,1622,1843
동작구,2032. 이수역 11번출구쪽,202504,1654,2189
동작구,2034. 사당역 7번출구쪽,202504,639,671
서초구,2203. 청계산입구역 2번출구,202504,347,213
서초구,2207. 내곡파출소 뒤 정자,202504,250,189
서초구,2211. 서초구립반포도서관 앞,202504,1196,1182
서초구,2215. 반포종합운동장 입구,202504,836,906
서초구,2248. 서초리슈빌S 글로벌 앞,202504,194,188
마포구,417. DMC역 2번출구 옆,202504,1833,1701
송파구,1204. 거여역 3번출구,202504,1540,1631
성북구,1303. 돈암초교 입구,202504,826,825
동작구,2026. 흑석역 4번출구,202504,729,793
송파구,1221. 삼전역 4번출구,202504,2014,2110
서초구,2264. 이수역 1번출구,202504,2509,2872
구로구,1955. 디지털입구 교차로,202504,2262,2280
강남구,2351. 청소년수련관(수영장)앞,202504,410,314
종로구,446. 상명대입구,202504,480,375
종로구,447. 신영동삼거리,202504,130,122
마포구,414. 상암동주민센터 옆,202504,1935,2128
종로구,449. 일성아파트,202504,285,75
중랑구,1440. 면목2동 사거리,202504,1466,1713
중구,389. 을지로4가역 1번출구,202504,1202,1172
중구,390. 충무로역 1번출구,202504,795,779
중구,826. 서울역 서부교차로2,202504,1112,1248
성북구,1305. 성북구청,202504,1528,1706
강북구,"1501. 미아역 3번,4번 출구 사이",202504,1275,1279
서초구,2265. 이수고가차도 남단,202504,1371,1591
마포구,415. DMC역 9번출구 앞,202504,3072,2874
관악구,2110. 조원동 미성아파트,202504,1630,1668
관악구,2139. 서울신성초등학교,202504,370,329
관악구,2156. 신림푸르지오아파트,202504,934,890
강남구,2354. 청담역 2번출구,202504,192,156
강남구,2356. 강남구청,202504,537,351
강남구,2360. 도곡1동 주민센터 교차로,202504,744,716
강남구,2358. 구룡초사거리 (현대아파트10동 앞 ),202504,617,564
강남구,"2359. 국립국악중,고교 정문 맞은편",202504,1121,1217
강남구,2349. 역삼빌딩 앞(하나은행 옆),202504,764,275
마포구,416. 상암월드컵파크 1단지 교차로,202504,720,373
강남구,2350. 래미안그레이튼102동앞,202504,319,288
강남구,2347. 두산건설 본사,202504,374,149
강남구,2352. 서울본부세관(건설회관 앞),202504,487,162
강남구,2353. 강남구청역 2번출구 뒤,202504,942,485
노원구,1642. 서울여대 남문,202504,942,666
관악구,2111. 서울대입구역 1번출구,202504,993,1000
강남구,2357. 르네상스호텔사거리 역삼지하보도 3번출구 앞 (더 오번 빌딩 명동칼국수 앞),202504,544,411
성동구,594. 중랑물재생센터(서울새활용플라자),202504,957,1049
마포구,422. 문화비축기지,202504,343,335
광진구,500. 어린이대공원역 3번출구 앞,202504,2498,2255
노원구,1641. 한내근린공원 남측,202504,672,698
노원구,1640. 한내근린공원 북측,202504,1250,1433
광진구,590. 건국대학교 (입학정보관),202504,2511,2527
광진구,591. 건국대학교 (행정관),202504,1234,1234
광진구,592. 건국대학교 학생회관,202504,3585,4429
강서구,1149. 신방화역환승주차장,202504,3700,3676
관악구,2136. 신림역 8번출구,202504,3407,3639
중구,391. 시립미술관,202504,956,1042
종로구,450. 효자동 삼거리,202504,967,685
종로구,451. 청와대앞길,202504,274,213
광진구,501. 광진구의회 앞,202504,2199,1938
광진구,593.자양중앙나들목,202504,2036,2222
송파구,1250.문정2동 주민센터,202504,200,173
광진구,3500. 군자역2번출구,202504,2660,2693
광진구,3501. 광진구청 앞,202504,2257,2126
광진구,3502. 중곡역 1번출구,202504,1171,1097
광진구,3503. 광진유진스웰,202504,229,107
광진구,3504. 원일교회,202504,3032,2711
광진구,3505. 신양초교앞 교차로,202504,936,907
광진구,502. 자양(뚝섬한강공원)역 1번출구 앞,202504,12232,13795
마포구,424. 롯데하이마트 (상암월드컵점) ,202504,507,493
마포구,425. DMC첨단산업센터,202504,481,480
마포구,426. 서울신용보증재단,202504,1307,1654
양천구,722. 경서농협 버스정류장(우리은행신정동지점방향),202504,1142,1296
양천구,723. SBS방송국,202504,1996,2170
양천구,724. 계남공원 입구 주출입구 좌측,202504,321,204
양천구,725. 양강중학교앞 교차로,202504,374,212
양천구,726. 목동3단지 시내버스정류장,202504,4049,4060
마포구,108. 서교동 사거리,202505,1773,1838
양천구,729. 서부식자재마트 건너편,202505,1764,1877
양천구,731. 서울시 도로환경관리센터,202505,3391,3529
양천구,733. 신정이펜하우스314동,202505,1064,466
양천구,734. 신트리공원 입구,202505,3400,3393
양천구,735. 영도초등학교,202505,2901,3097
양천구,736. 오솔길공원,202505,1214,1377
양천구,737. 장수공원,202505,673,571
양천구,739. 신월사거리,202505,1258,1323
양천구,740. 으뜸공원,202505,1400,1660
양천구,741. 화곡로 입구 교차로,202505,670,669
양천구,742. 등촌역 5번 출구 뒤,202505,1168,1140
양천구,743. 현대6차아파트 101동 옆,202505,1143,1352
양천구,744. 신목동역 2번 출구,202505,3650,3646
양천구,745. 강서초등학교,202505,725,779
양천구,746. 목동2단지 상가,202505,4146,4097
양천구,747. 목동3단지 상가,202505,2866,2854
양천구,748. 목동운동장,202505,703,762
광진구,505. 자양사거리 광진아크로텔 앞,202505,2349,2143
은평구,937. 상림마을 롯데캐슬2단지 옆,202505,148,154
은평구,938. 금암 문화공원,202505,243,259
은평구,939. 은평구청 교차로,202505,655,647
은평구,941. 은평뉴타운 도서관,202505,684,314
은평구,942. 상림마을 생태공원,202505,393,371
은평구,943. 은평구청 보건소,202505,1783,2024
성동구,506. 금호 어울림 아파트 앞,202505,928,912
은평구,945. 기자촌 사거리 A,202505,193,95
은평구,946. 독바위역 ,202505,625,595
은평구,947. 연신내 선일하이츠빌 정류소,202505,299,294
은평구,948. 디지털미디어 시티역 4번출구(DMC역),202505,857,903
은평구,949. 연신내역 1번 출구 ,202505,1237,1461
은평구,950. 구산역 2번 출구 예일여고 버스정류장,202505,1068,1405
은평구,952. 서울연신중학교,202505,463,440
은평구,953. 서울연신초등학교,202505,348,330
강동구,1023. 한국종합기술사옥 앞,202505,2627,2648
강동구,1024.  강동구청 앞,202505,3862,3925
강동구,1025. 상일초등학교,202505,816,796
강동구,1027. 프라자 아파트 앞,202505,1097,1071
강동구,1028. 포레스 주상복합 빌딩,202505,1919,1891
강동구,1029. 성내어울터,202505,3678,3592
강동구,1030. 미호 플랜트 앞,202505,1744,1734
강동구,1031. 올림픽로 836(아리수로),202505,816,916
강동구,1032. 선사고등학교,202505,837,899
성동구,508. 성수아카데미타워 앞,202505,5287,5050
강동구,1033. 고덕동 아남아파트,202505,1637,1279
강동구,1034. 고덕동 래미안 힐스테이트,202505,672,629
강동구,1036. 고덕동 주양쇼핑,202505,1150,1065
강동구,1037. 강일리버파크 6단지,202505,295,318
강동구,1038. 강일 다솜 어린이 공원,202505,377,420
강동구,1039. 고덕초등학교,202505,305,293
강동구,1041. 묘곡초등학교,202505,711,744
강동구,1042. 강일리버파크 2~5단지,202505,656,838
강동구,1044. 굽은다리역,202505,4261,4444
강서구,1150. 송정역 1번출구,202505,3133,3205
강서구,1151. 마곡역1번출구,202505,4784,4807
강서구,1152. 마곡역교차로,202505,4511,4675
강서구,"1153. 발산역 1번, 9번 인근 대여소",202505,8429,8426
강서구,1155. 기쁜우리복지관,202505,2766,2633
강서구,1157. 강서구청,202505,4175,4488
성동구,510. 뚝도아리수정수센터 버스정류소 옆,202505,1409,1460
송파구,1251. 석촌역 2번출구,202505,3432,3407
송파구,1253. 오금역 3번 출구 뒤,202505,877,860
송파구,1256. 문정현대아파트 교차로,202505,738,735
송파구,1257. 가락시장역 사거리,202505,1472,1415
송파구,1258. 가락미륭아파트 앞,202505,632,395
송파구,1259. 방이역 1번출구,202505,1987,1975
송파구,1260. 방이동 한양3차아파트 옆,202505,1686,1669
성동구,511. 서울숲역 5번 출구 옆,202505,1632,1643
송파구,1262. 송파여성문화회관 앞,202505,2744,2775
송파구,1263. 장지공영차고지,202505,346,395
송파구,1264. 천호역 10번 출구 앞,202505,4117,4112
송파구,1265. 문정동 근린공원,202505,1502,1529
송파구,1266. 문정동 글샘 공원,202505,781,677
송파구,1267. 올림픽공원 남2문 앞,202505,1620,1621
송파구,1268. 몽촌토성역 1번출구 옆,202505,3250,3271
송파구,1269. 리센츠아파트 ,202505,2030,1825
송파구,1271. 송파도서관,202505,1103,1103
성동구,512. 뚝섬역 1번 출구 옆,202505,3376,3385
송파구,1274. 영파여고 앞,202505,1706,1655
중랑구,1442. 중랑구청 중화동 별관 앞,202505,2180,2290
중랑구,1444. 면목4치안센터,202505,1193,1610
중랑구,1445. 용마지구대 A,202505,230,220
중랑구,1446. 중랑전화국 교차로,202505,1897,2094
중랑구,1447. 면목역 3번출구,202505,2959,3436
중랑구,1448. 코스트코 상봉점,202505,2252,2277
마포구,400. 상암한화오벨리스크 1차 앞,202505,1178,1195
강북구,1526. 강북종합시장 앞,202505,905,912
강북구,1527. 미아역 1번 출구 뒤,202505,796,790
강북구,1528. 삼각산동 주민센터,202505,611,285
강북구,1529. 미아동 한국전력공사,202505,1489,1524
강북구,1530. 광산사거리,202505,1600,1726
강북구,1531. 미아사거리 1번 출구,202505,2405,2536
강북구,1532. 번3동 주민센터 교차로,202505,994,1055
강북구,"1533. 번동 주공3, 4단지 교차로",202505,1003,1197
강북구,1535. 효성인텔리안 앞,202505,2180,2214
성동구,513. 뚝섬역 5번 출구 정류소 옆,202505,1355,1347
강북구,1536. 번동 두산위브 101동 옆,202505,768,748
노원구,1643. 태릉입구역 8번출구,202505,1963,2027
노원구,1646. 삼육대 입구,202505,482,443
노원구,1650. 중계근린공원내,202505,3502,3674
노원구,1651. 상계동 우방유쉘아파트 앞,202505,1075,1115
성동구,514. 성수사거리 버스정류장 앞,202505,3001,2943
노원구,1652. 파르코 앞,202505,385,399
노원구,1653. 노원역1번출구,202505,3823,3854
노원구,1654. 당고개입구 오거리,202505,762,755
노원구,1655. 공릉1단지아파트,202505,3069,3068
노원구,1656. 중앙하이츠 아파트 입구,202505,2538,2417
노원구,1657. 노원구청 ,202505,2600,2614
노원구,1659. 중계동 을지중학교,202505,920,834
노원구,1660. 서울시립과학관,202505,546,404
도봉구,1713. 쌍문동 이안아파트 앞,202505,965,297
도봉구,1714. 도봉문화정보도서관 삼거리,202505,512,134
도봉구,1715. 서울특별시교육청도봉도서관,202505,693,630
도봉구,1716. 창동역 1번출구 건너편,202505,1328,1362
도봉구,1719. 신도봉사거리 버스정류장,202505,858,903
도봉구,1720. 도봉구청 옆(중랑천변),202505,1887,1962
광진구,516. 광진메디칼 앞,202505,1792,1769
금천구,1839. 수출의 다리 아래,202505,749,753
금천구,1840. 솔브레인이엔지 뒤편,202505,737,746
금천구,1841. 가산동 주민센터,202505,1466,1490
금천구,1842. 한울중학교,202505,220,46
금천구,1843. 독산고등학교,202505,613,475
금천구,1846. 롯데캐슬골드파크1차 동문,202505,1003,1011
금천구,1847. 독산주공 14단지 버스정류소,202505,288,304
금천구,1848. 벽산 디지털밸리 5차,202505,1031,1342
동작구,2058. 동작경찰서,202505,1853,2183
동작구,2059. 보라매공원 정문,202505,1777,1956
동작구,2060. 남성역3번출구 뒤,202505,1465,1713
동작구,2062. 사당새마을금고,202505,398,403
관악구,2159. 인헌초교,202505,350,298
서초구,2266. 서초역 3번출구,202505,823,823
중구,300. 정동사거리,202505,975,925
서초구,2269. 주홍교 하부,202505,258,160
서초구,2270. 서초포레스타 7단지,202505,462,448
서초구,2271. 내방역 8번출구 앞,202505,754,784
서초구,2272. 교대입구 교차로,202505,640,622
서초구,2273. 일동제약 사거리,202505,736,727
서초구,2274. 양재시민의숲역 3번출구,202505,1656,1607
서초구,2276. 영동1교 (양재천근린공원),202505,1058,1048
서초구,2277. 길마중4교 하부,202505,1335,1370
종로구,301. 경복궁역 7번출구 앞,202505,1197,645
강남구,2362. 신사동 가로수길 입구,202505,952,854
강남구,2363. 강남 을지병원 교차로,202505,349,338
강남구,2364. 도산공원교차로,202505,538,535
강남구,2365. K+ 타워 앞,202505,674,670
강남구,2368. 도곡동 경남아파트 건너편,202505,488,381
강남구,2369. KT선릉타워,202505,1399,1400
강남구,2370. 한티역 3번출구,202505,441,438
종로구,302. 경복궁역 6번출구 뒤,202505,2465,2412
강남구,2371. 한국우편사업진흥원,202505,233,133
강남구,2372. 대치역 사거리,202505,1303,1350
강남구,2373. 개포동역 사거리,202505,442,435
강남구,2375. 수서역 1번출구 앞,202505,1433,1687
강남구,2376. 수서역 6번출구 앞,202505,1176,1269
강남구,2377. 수서역 5번출구,202505,2910,3161
서대문구,3100. 북성초교,202505,296,278
서대문구,3101. 서대문구청,202505,386,379
종로구,303. 광화문역 1번출구 앞,202505,2694,2441
서대문구,3102. 연희삼거리,202505,1260,1250
광진구,3506. 영동대교 북단,202505,1626,1613
광진구,3507. 어린이회관,202505,1342,968
광진구,3508. 화양사거리,202505,1228,1007
광진구,3509. 세종사이버대학교,202505,3556,3610
성동구,3511. 응봉역 1번출구,202505,4483,4993
성동구,3513. 상왕십리역 1번출구,202505,2431,1481
성동구,3514. 왕십리교회옆,202505,2881,2927
성동구,3515. 서울숲 관리사무소,202505,3493,3219
서대문구,115. 마스타 빌딩 앞,202505,1015,804
성북구,1336. 성북3교 위,202505,876,869
성북구,1337. 돈암성당 옆,202505,2647,2796
성북구,1338. 용문2교 옆,202505,2219,2308
성북구,1339. 삼성전자서비스 성북센터,202505,1013,1072
성북구,1340. 광운초등학교 앞,202505,1020,977
성북구,1342. 성북쉼터 앞,202505,222,82
성북구,1343. 한성대7번출구 앞,202505,525,518
성북구,1344. 아리랑시네센터 앞,202505,293,187
종로구,305. 종로구청 옆,202505,2751,2545
성북구,1346. 길음8골어린이공원 옆,202505,829,834
성북구,1347. 길음래미안아파트817동 상가 앞,202505,326,331
성북구,1348. 성북제일새마을금고 본점 앞,202505,537,562
성북구,1349. 월계2교 버스정류장 앞,202505,494,509
성북구,1351. 안암2교 옆,202505,1129,1140
성북구,1352. e 편한세상 보문아파트 내,202505,236,216
성북구,1353. 금호어울림센터힐 내,202505,326,353
구로구,1956. 동아1차APT105동 버스정류장(신도림중학교 방면),202505,1854,1894
구로구,1957. 구일고등학교 정문 ,202505,2340,2457
구로구,1958. 강서수도사업소민원센터,202505,2568,2726
구로구,1959. 구로구의회 앞,202505,426,439
구로구,1960. 구로거리공원 동측(신도림역 방면),202505,1225,1079
구로구,1961. 신도림테크노근린공원,202505,2344,2378
구로구,1962. 가리봉동주민센터,202505,1602,1590
구로구,1964. 원메디타운 앞,202505,2534,2530
구로구,1965. 삼환로즈빌아파트 105동 옆,202505,1217,1100
구로구,1966. 한마을아파트 정문상가,202505,1817,1850
구로구,1967. 참새공원(백곡경노당),202505,595,648
종로구,307. 서울역사박물관 앞,202505,1064,1023
구로구,1969. 궁동생태공원,202505,166,167
구로구,1971. 오정초교 앞 보도육교,202505,191,142
구로구,1973. 오리로와 서해안도로 교차로 앞,202505,451,323
구로구,1974. 신도림2차e편한세상아파트 203동 앞,202505,1230,1149
구로구,1975. 대림역 1번 출입구 밑,202505,1690,1695
구로구,1976. 남구로역 5번 출입구 앞,202505,738,453
구로구,1977. 천왕역 1번 출입구 앞,202505,1994,1515
종로구,308. 광화문 S타워 앞,202505,2560,2320
구로구,1979. 구로1동우체국 앞,202505,263,228
구로구,1981. 천왕지구삼거리 앞,202505,659,980
강남구,2380. 봉은사로68길 북측,202505,459,435
강남구,2381. 언주역 3번출구앞,202505,591,569
강남구,2382. 역삼동 sk뷰 501동앞,202505,484,474
강남구,2383. 보금자리정원,202505,300,363
강서구,1158. 가양역 8번출구,202505,4517,4617
종로구,309. 광화문역 6번출구 옆 B,202505,780,500
강서구,1159. 서서울모터리움 앞,202505,847,817
강서구,1160. 양천향교역 7번출구앞,202505,5502,5458
강서구,1161. 강서면허시험장 앞,202505,454,326
강서구,1162. 공항초등학교건너편,202505,2790,2727
강서구,1163. 방화동강서기동대앞,202505,2906,2898
관악구,2164. 관악우체국,202505,784,778
중구,310. 청계광장 옆,202505,1794,1535
관악구,2165. JK장평타워,202505,203,190
관악구,2167. 낙성대역 1번출구,202505,438,432
광진구,3518. 군자역 7번출구뒤,202505,5024,5002
관악구,2169. 봉천역 2번출구,202505,1397,1447
관악구,2170. 조원동 강남힐병원,202505,937,939
광진구,3517. 용마사거리,202505,2044,2247
관악구,2172. 나들목공원,202505,801,635
관악구,2173. 당곡사거리,202505,2856,2927
관악구,2174. 삼성디지털프라자관악점,202505,662,629
관악구,2175. 신림동걷고싶은문화의거리입구,202505,1142,1157
광진구,3516. 구의아리수정수센터앞,202505,1020,847
구로구,1983. 구로동롯데아파트,202505,863,877
구로구,1985. 구로도서관,202505,4176,3810
금천구,1849. 대륭포스트타워5차,202505,531,533
금천구,1850. 코오롱테크노밸리,202505,332,331
노원구,1661. 당현천근린공원,202505,1893,1817
노원구,1662. 노원역7번출구,202505,3208,3359
노원구,1663. 동해문화예술관앞,202505,3425,3542
노원구,1664. 노해근린공원내,202505,977,953
노원구,1665. 양지근린공원앞,202505,1648,1163
노원구,1666. 노원소방서인근,202505,760,663
노원구,1667. 중계중학교,202505,2001,1836
노원구,1668. 중계역 6번출구,202505,3219,3440
노원구,1669. 중계역 3번출구,202505,2650,2663
노원구,1670. 노원경찰서교차로,202505,1687,1575
노원구,1671. 인덕대학교,202505,835,1080
노원구,1672. 상계동수락리버시티,202505,547,570
노원구,1674. 서울북부고용센터앞,202505,3382,3427
도봉구,1722. 창동청소년수련관,202505,1097,1093
도봉구,1723. 방학동학마을도서관,202505,336,335
도봉구,1725. 창1동주민센터,202505,470,521
도봉구,1726. 삼익세라믹아파트교차로,202505,1338,1323
도봉구,1727. 서울도봉초등학교인근,202505,676,638
종로구,314. 국립현대미술관,202505,1572,1555
동대문구,648. 장안동위더스빌옆,202505,3087,3202
동대문구,650. 중랑교사거리,202505,1875,1657
서초구,2279. 교대역 5번출구뒤,202505,1521,1574
서초구,2280. 서울서초고용센터앞,202505,542,457
서초구,2281. 연세사랑병원신관앞,202505,303,298
서초구,2283. 그룹한빌딩옆,202505,404,132
서초구,2284. CJ오쇼핑앞,202505,246,87
서초구,2285. LH서초3단지 301동 맞은편,202505,411,394
서초구,2286. 탑성마을입구,202505,35,8
서초구,2287. 능안마을입구,202505,59,24
서초구,2288. 안골마을입구,202505,55,25
서초구,2289. 남태령역 2번출구,202505,114,59
성북구,1354. 고려대학교 2번출구,202505,1933,1969
종로구,316. 종각역 1번출구 앞,202505,1881,1765
영등포구,275. 신동아아파트,202505,3234,3275
영등포구,276. 영등포로터리2,202505,1345,1312
영등포구,278. 쌍용플레티넘오피스텔,202505,2919,2763
용산구,827. 국군복지단,202505,272,206
용산구,828. 숙대입구역 8번,202505,1136,1279
용산구,829. 한강대교 북단 교차로,202505,2819,2676
용산구,830. 강변삼성스위트아파트 앞,202505,104,96
은평구,954. 은평뉴타운구파발9단지,202505,659,657
은평구,956. 응암시장교차로,202505,2275,2915
중랑구,1449. 상봉역 1번출구,202505,2441,2445
중랑구,1450. 화랑대역 7번출구,202505,2237,2290
중랑구,1451. 중랑세무서,202505,3350,3682
중랑구,1452. 겸재교 진입부,202505,1925,2224
관악구,2171. 서울대입구역 5번출구,202505,1348,1338
강서구,1165. 마곡중학교 후문,202505,1711,1227
용산구,832. 이촌1동 주민센터 뒤,202505,1169,1179
중구,318. 광교사거리 남측,202505,1261,1265
용산구,834. 효창공원앞역 3번출구 뒤,202505,1490,1647
용산구,835. 남영역 건너편,202505,797,813
용산구,836. 현대자동차서비스 앞,202505,1582,1685
용산구,837. 한남나들목 입구,202505,1542,1683
중랑구,1453. 중랑캠핑숲,202505,239,211
중랑구,1454. 한국전력공사(동대문 중랑지사),202505,993,1039
노원구,1675. 월계문화체육센터,202505,299,229
노원구,1677. 육군사관학교  앞,202505,1641,1763
양천구,749. 이대목동병원보도육교,202505,1854,1872
강서구,1166. 강서구립등빛도서관,202505,5466,5448
강서구,1167. 마곡수명산파크3단지 교차로,202505,3782,3719
영등포구,279. 영등포 푸르지오 아파트 B,202505,2178,1772
동작구,2064. 흑석한강푸르지오 106동앞,202505,33,30
동작구,2065. 서울시여성가족재단,202505,329,333
관악구,2176. 보라매공원 보도육교,202505,2441,2476
중구,320. 을지로입구역 4번출구 앞,202505,1455,1444
서초구,2293. SPC 앞,202505,889,813
서초구,2294. 두상빌딩 앞,202505,1460,1554
강남구,2384. 자곡사거리,202505,2065,2409
강남구,2385. 학동역,202505,675,655
강남구,2386. 크린랩 본사,202505,290,214
송파구,1275. 거여초등학교 옆,202505,653,696
중구,321. KEB 하나금융그룹 명동사옥 옆,202505,1082,1078
강동구,1048. 둔촌어린이공원,202505,2422,2473
강동구,1049. 강일리버파크 10단지,202505,630,687
종로구,393. 동대문역 8번 출구,202505,2336,2512
종로구,394. 경희궁 자이 3단지,202505,887,899
종로구,395. 경희궁 자이 2단지,202505,1001,985
중랑구,1455. 상봉역 2번 출구,202505,2527,2629
용산구,838. 숙대입구역 4번출구,202505,1480,1757
광진구,3520. 광진경찰서,202505,3434,3359
광진구,3521. 현대홈타운 뒷길,202505,434,365
중구,322. 명동성당 앞,202505,606,602
중랑구,1456. 상아빌딩(우림시장 교차로),202505,1291,1415
중랑구,1457. 동원사거리,202505,635,583
성북구,1357. 북한산보국문역,202505,298,297
성북구,1358. 정릉도서관 앞,202505,440,437
성북구,1360. 정릉역,202505,586,582
강북구,1537. 북한산 우이역,202505,524,420
강북구,1538. 솔밭공원역,202505,162,151
강북구,1539. 4.19민주묘지역,202505,536,599
강북구,1540. 가오리역,202505,957,957
강북구,1541. 삼양역,202505,276,188
강북구,1542. 삼양사거리역,202505,381,331
노원구,1678. 성서대학교 밀알관,202505,470,470
노원구,1679. 삼육대 도서관,202505,547,383
노원구,1680. 삼육대 제3과학관,202505,69,47
마포구,427. 성산시영아파트,202505,1419,1549
양천구,750. 연의근린공원 건너편,202505,1002,1041
중구,324. 신세계백화점 본점 앞,202505,838,857
양천구,752. 성원2차 아파트,202505,1070,879
강서구,1168. 마곡엠밸리10단지 앞,202505,1944,1766
금천구,1851. 가산디지털단지 9번출구 인근,202505,3009,3025
서초구,2297. 남부터미널역 1번출구,202505,696,537
서초구,2299. 한전아트센터 앞,202505,766,770
강남구,2387. 래미안강남힐즈 사거리,202505,1229,1221
송파구,1277. 성내7교,202505,1270,1271
송파구,1278. 송파구청 교차로,202505,2578,2564
송파구,1279. 마천금호어울림 1차아파트 건너편,202505,349,345
송파구,1280. 송파파크데일 2단지입구 앞 주차장,202505,501,506
송파구,1282. 송파소방서 맞은편(성내4교),202505,1648,1998
송파구,1283. 오금공원 사거리,202505,234,132
송파구,1285. 위례별 유치원 뒤,202505,503,506
송파구,1286. 위례중앙푸르지오 1단지 앞,202505,1351,1325
송파구,1287. 위례아이파크 101동 맞은편,202505,551,535
송파구,1288. 문정중교 사거리,202505,1649,1584
종로구,326. 안국역 5번출구 앞,202505,1433,1202
강동구,1050.  둔촌역 3번 출입구,202505,5465,5832
강동구,"1051. 강일중,선사고 버스정류장(신암중학교 방면)",202505,1085,1082
송파구,1289. 풍납토성 서성벽터B,202505,833,870
강북구,1543. 수유1동 주민센터,202505,739,727
성북구,1361. 홍익중고 입구,202505,834,698
노원구,1681. 현대6차 아파트,202505,1690,1213
노원구,1682. 중계종합사회복지관 교차로,202505,672,669
광진구,3510. 중곡SK아파트앞,202505,737,535
광진구,3523. 건국대학교 과학관(이과대) 앞,202505,724,809
종로구,327. 낙원상가 옆,202505,1279,1285
종로구,397. 종묘공영주차장 건너편,202505,548,523
강남구,2388. 강남구 도시관리공단,202505,462,234
도봉구,1728. 서울북부지방법원,202505,409,388
중구,398. 을지로3가역 3번출구,202505,1981,1994
중구,399. 서울역 센트럴 자이아파트,202505,960,574
중구,428. 명보사거리,202505,639,604
중구,429. 송도병원,202505,98,79
중구,430. 장충동먹자골목 앞,202505,830,853
종로구,328. 탑골공원 앞,202505,701,687
중구,431. 청계천 영도교,202505,3833,3703
용산구,839. 보광동 삼성리버빌아파트 앞,202505,866,888
용산구,840. 용산 파크타워 앞,202505,523,528
용산구,841. 신용산역 1번 출구,202505,2154,2230
용산구,843. 이태원관광특구B(용산구청쪽),202505,629,345
용산구,844. 이촌2동 동원베네스트 아파트 앞,202505,1303,1336
동대문구,652. 답십리 래미안엘파인아파트 입구,202505,807,833
동대문구,654. 전농동 텃골공원,202505,802,570
종로구,329. 청계2가 사거리 옆,202505,1611,1443
중랑구,1458. 상봉터미널2,202505,1979,2066
중랑구,1459. 용마한신아파트사거리,202505,638,604
성북구,1362. 보문역6번출구 앞,202505,3,0
성북구,1363. 보문4교 인근,202505,2618,2705
성북구,1364. 성북동 치안센터 앞,202505,718,711
성북구,1365. 선잠단지 앞,202505,290,231
성북구,1366. 일신초등학교 옆,202505,357,375
성북구,1367. 길음문화복합미디어센터,202505,718,718
성북구,1368. 성신여대입구 교차로,202505,922,972
도봉구,1729. 도봉한신아파트 버스정류장,202505,1109,1158
도봉구,1730. 도봉산역 교차로 앞,202505,239,314
도봉구,1731. 도봉고등학교 맞은편,202505,270,166
도봉구,1732. 방학역사거리,202505,646,703
도봉구,1733. 방학사거리 (봄마당 앞),202505,617,620
도봉구,1734. 쌍문현대1차아파트 108동 앞,202505,973,798
도봉구,"1735. 도봉역 1,2번 출구사이 건너편",202505,926,967
도봉구,1736. 버스정류장 앞,202505,519,438
도봉구,1737. 신창시장,202505,1975,2208
중구,331. 을지로2가 사거리 북측,202505,1215,1217
도봉구,1738. 창동주공17단지 상가앞,202505,1757,1861
노원구,1683. 노원문화예술회관,202505,2064,2067
노원구,1684. 태릉입구역 5번출구,202505,5090,5569
노원구,1685. 불암고등학교 앞 횡단보도,202505,1612,1595
노원구,1686. 상계주공10단지 종합상가 앞,202505,2295,2277
은평구,958. 본 서부병원 버스정류장(은평 세무서 방면),202505,1285,1335
중구,332. 을지로2가 사거리 남측,202505,841,835
은평구,959. 구파발10단지 인근,202505,425,438
은평구,960. 구파발역 환승센터,202505,780,950
은평구,961. 불광역 9번 출구,202505,222,242
은평구,962. 은평뉴타운 힐데스하임,202505,935,992
은평구,963. 불광롯데캐슬아파트 앞,202505,753,776
은평구,964. 북한산힐스테이트 7차아파트,202505,501,308
은평구,965. 서울특별시 은평병원,202505,560,192
은평구,966. 서울혁신파크1,202505,146,142
은평구,967. 서울혁신파크2,202505,269,277
은평구,968. 은평뉴타운 상림마을 13단지,202505,132,121
은평구,969. 은평 지웰테라스,202505,133,126
서대문구,3103. 홍제삼거리 북측,202505,857,852
서대문구,3104. e편한세상 신촌4단지 앞,202505,759,744
서대문구,3105. 홍은센트레빌 아파트 앞,202505,448,199
마포구,432. 마포중앙도서관,202505,275,105
양천구,754. 목동1단지아파트 118동 앞,202505,2214,2285
양천구,755. 목동1단지아파트 상가 앞,202505,3132,3125
양천구,756. 목동주차장,202505,1748,1790
양천구,757. 신정이펜하우스 1단지아파트 입구 사거리,202505,676,335
양천구,758. 한사랑교회 앞,202505,1452,1458
마포구,111. 상수역 2번출구 앞,202505,2014,2034
종로구,334. 종로3가역 2번출구 뒤,202505,1263,1254
양천구,759. 보아스아파트 앞,202505,541,586
양천구,760. 잣절보도육교 아래,202505,508,494
양천구,762. 오목로 무중력지대 앞,202505,1162,993
양천구,763. 목동11단지 아파트,202505,1293,1135
강서구,1169. 염창역 1번 출구,202505,2392,2458
강서구,1170. 강서구보건소,202505,928,536
강서구,1171. 염창동 새마을금고 건너편,202505,1051,1178
강서구,1172. 가양3동 주민센터,202505,1990,2143
종로구,335. 종로3가역 15번출구 앞,202505,1195,1190
강서구,1173. 강서구청사거리(SH타워),202505,3837,3684
강서구,1174. 강서구청사거리(부민병원),202505,1776,1785
강서구,1175. 대한항공 인력개발센터,202505,1357,944
강서구,1177. 수명중?고교,202505,1997,2012
강서구,1178. 개화산역 2번 출구,202505,1029,1023
강서구,1180. 마곡엠밸리 15단지(1502동) 건너편,202505,2667,2692
강서구,1181. 농수산식품공사 (강서지사),202505,340,331
강서구,1182. KBS 스포츠월드,202505,3692,3700
중구,336. 충무로역 6번출구 앞,202505,1197,1169
강서구,1183. 강서대학교,202505,613,501
구로구,1986. 태평양물산,202505,2715,3133
구로구,1987. 개봉아이파크아파트 앞,202505,1526,1642
구로구,1988. 고척LIGA아파트 앞,202505,2041,2043
구로구,1991. 오류동역 맞은편,202505,1561,2014
구로구,1992. 구로구배드민턴실내체육관 앞,202505,354,462
구로구,1993. 금강수목원아파트 앞,202505,767,740
구로구,1994. 삼성전자 물류센터 앞,202505,1675,1674
종로구,337. 창경궁 입구,202505,710,715
구로구,1996. 구일역 1번 출입구 앞,202505,2773,2772
금천구,1853. 서울디자인직업전문학교 앞,202505,354,355
금천구,1854. 가산아네스트 오피스텔 앞,202505,705,232
금천구,1855. 성지아파트 옆 도로변,202505,133,158
금천구,1856. 모두의학교,202505,694,663
금천구,1857. 주공14단지,202505,336,339
영등포구,280. 양평동6차현대아파트 앞,202505,3547,3512
종로구,338. 세운스퀘어 앞,202505,692,698
영등포구,281. 대림신동아아파트 앞,202505,1180,1165
영등포구,282. 신한은행 대림동지점,202505,849,928
동작구,2066. 양문교회 앞,202505,1331,1411
동작구,2067. 보라매역?동작세무서 버스정류장(강남중학교방면),202505,1726,1786
동작구,2068. 총신대 앞(육교),202505,153,80
동작구,2070. 노량진역 2번 출구 앞,202505,1567,1823
관악구,2177. 신대방역 2번 출구,202505,6087,6562
관악구,2178. 서울대학교 정문,202505,755,429
관악구,2179. 양녕로 입구,202505,971,1003
종로구,339. 종로4가 사거리,202505,1201,1161
서초구,2501. 서초 포레스타5단지,202505,604,561
서초구,2502. 서초역1번출구 앞,202505,564,511
서초구,2503. 반포1동 서초빌딩 앞,202505,1411,1486
서초구,2504. 신사역 4번출구 뒤,202505,1329,1144
서초구,2505. 우성아파트사거리 (기업은행앞),202505,1191,1184
서초구,2506. LG유플러스 (방배사옥),202505,124,75
강남구,2389. 경기여자고등학교 후문 (삼성로3길 입구),202505,1004,990
종로구,340. 혜화동 로터리,202505,1437,1413
강남구,2390. 구룡마을 입구 (래미안블레스티지 아파트),202505,745,709
강남구,2391. 구룡터널 입구(개포1단지아파트),202505,22,27
강남구,2392. 구룡산 입구 (구룡산 서울둘레길 입구),202505,152,93
강남구,2394. 개포래미안포레스트아파트 107동 앞,202505,798,663
강남구,2396. 영동3교 북단(우성캐릭터 앞 보도),202505,587,561
강남구,2398. 더라움,202505,253,235
종로구,341. 혜화역 3번출구 뒤,202505,1241,1218
강남구,2401. 밀알학교 입구 (삼성서울병원 입구),202505,389,209
강남구,2403. 공무원연금매점 교차로 (개포주공9단지 입구),202505,1202,1076
강남구,2404. 대모산입구역 4번 출구 앞,202505,1961,2079
강남구,2405. 청담공원앞 교차로,202505,921,290
강남구,2406. 논현동 광명빌딩 앞,202505,438,338
강남구,2407. 역삼서초삼성 세무서 앞 (역삼빌딩 앞),202505,1527,1501
강남구,2408. 강남한양수자인아파트,202505,1328,1309
송파구,1290. 위례송파꿈에그린아파트24단지 앞 성벽 다리 밑,202505,915,988
종로구,342. 대학로 마로니에공원,202505,2369,2207
송파구,1291. 서울체육고등학교 앞,202505,2656,2733
송파구,1293. 석촌호수 서호 사거리,202505,3487,3627
송파구,1295. 잠실역 8번출구,202505,4762,4737
송파구,1296. 석촌호수교차로 (송파나루근린공원 앞),202505,899,855
송파구,1297. 석촌호수교차로(동호 팔각정 앞),202505,4120,4087
송파구,1299. 송파소방서 (방이119안전센터),202505,761,689
송파구,1300. 오륜사거리,202505,922,929
종로구,343. 힐스테이트창경궁 아파트 앞,202505,1046,1013
송파구,2601. 석촌호수 아뜰리에,202505,2845,2837
송파구,2603. 송파 글마루 도서관,202505,1190,1104
강동구,1053. 동명근린공원 진입로 (아리수로),202505,421,401
강동구,1056. 강일리버파크 7~11단지,202505,548,585
강동구,1057. 능골근린공원,202505,765,829
성동구,3525. 금호스포츠센터앞,202505,877,988
종로구,344. 성균관대 E하우스 앞,202505,928,871
성동구,3527. 왕십리 자이아파트(101동 앞),202505,20,13
광진구,3528. 광진정보도서관,202505,1354,1722
광진구,3529. 어린이대공원정문,202505,1134,942
종로구,452. 동대문 종합시장 버스정류장,202505,940,940
종로구,453. 종로오가 지하쇼핑센터 14번출구,202505,1295,1297
종로구,454. 종로2가 버스정류장 (종각방향),202505,1095,1089
종로구,455. 종로6가역 버스정류장(동대문 방향),202505,1407,1434
종로구,456. 숭인2동 주민센터 입구,202505,1462,1546
종로구,345. 서울보증보험본사 앞,202505,1247,1304
종로구,457. 종로꽃시장 입구 옆,202505,1019,1050
종로구,458. 광화문역 5번출구,202505,3146,2899
용산구,845. 용산 선인상가,202505,628,656
성동구,3530. 왕십리자이아파트 후문(삼거리),202505,403,296
성동구,3531. 논골사거리(금호도서관 입구),202505,251,41
성동구,3532. 왕십리KCC스위첸아파트,202505,195,136
종로구,461. 서울지방경찰청,202505,1000,963
중구,346. 맥스타일 앞,202505,1008,1049
강동구,1060. 천일초교 사거리,202505,945,918
강동구,1061. 천호초교 입구 사거리(일주빌딩),202505,1188,1190
강동구,1058. 고덕숲 아이파크 1,202505,417,382
동대문구,661. 경희대학교 청운관,202505,1189,1134
강동구,1059. 래미안 강동팰리스(102동),202505,2086,1397
송파구,2604. 풍납토성 서성벽터A,202505,1602,1804
동대문구,656. 영휘원 교차로,202505,995,1115
동대문구,657. 동대문롯데캐슬아파트 앞,202505,1694,1775
중구,347. 동대문역사문화공원역 9번출구 앞,202505,754,689
동대문구,659. 제기동역 1번출구,202505,1681,1662
동대문구,660. 동의보감타워,202505,2261,2357
성북구,1370. 복자사랑 피정의 집,202505,123,122
성북구,1372. KEB은행 고대점,202505,1015,821
성북구,1373. 성북구보건소 건너편,202505,868,845
도봉구,1741. 제일강산수산입구,202505,1524,1297
노원구,1688. 마들역 7번출구,202505,2619,2684
노원구,1689. 마들역 3번출구,202505,1758,1805
노원구,1690. 도봉운전면허시험장 버스정류장 옆,202505,1412,1416
노원구,1691. 노원정보도서관,202505,1702,1709
강서구,1184. 마곡13단지,202505,3701,3725
강서구,1185. 등촌9단지,202505,1894,1759
강서구,1186. 송정중학교,202505,1191,1231
금천구,"1858. 500번,507번 버스 종점 앞",202505,364,410
영등포구,283. 아크로타워 스퀘어(영등포시장),202505,3111,2920
종로구,349. 어린이도서관,202505,663,662
영등포구,284. 센트럴 푸르지오 시티 앞,202505,2644,2347
영등포구,285. 콤텍시스템 앞,202505,893,923
영등포구,286. 우성아파트 교차로,202505,1108,1159
영등포구,287. 영등포전화국사거리 (서강어린이공원),202505,2624,2617
서초구,2508. 양재이스타빌 앞,202505,1027,1292
서초구,2509. 심산기념문화센터,202505,753,702
송파구,2605. 복정역 1번 출구 앞,202505,1908,2021
송파구,2606. 위례동주민센터,202505,2289,2456
광진구,3533. 건대입구역 사거리(롯데백화점),202505,6864,7321
광진구,3534. 건대입구역 5번출구 뒤,202505,5750,5952
광진구,3536. 중앙농협(자양동),202505,2918,2967
광진구,3537. 아차산 휴먼시아 아파트 옆,202505,592,245
강북구,1546. 송천동우체국,202505,407,572
동작구,2069. 숭실대 입구역3번 출구 앞,202505,567,441
중구,433. 을지로입구역 2번출구,202505,1874,1717
중구,434. 신당 래미안 버스정류장,202505,601,36
종로구,351. 청운초교 앞 삼거리,202505,618,559
중구,435. SK 남산빌딩,202505,310,302
동대문구,663. 외대앞역 3번출구,202505,2060,2131
노원구,1692. 온곡초교 교차로,202505,2315,1568
은평구,971. 역촌 센트레빌 아파트,202505,549,120
마포구,436. 이대역 5번출구,202505,654,260
강서구,1187. 강서수산물도매시장,202505,1090,1130
영등포구,288. 쌍용예가(구청별관),202505,1457,1468
강남구,2409. 역삼동 디오슈페리움 (우성아파트 사거리),202505,980,984
종로구,352. 중앙고입구 삼거리,202505,216,137
강남구,2410. 포스코피앤에스타워 (역삼역 3번출구 부근),202505,984,740
송파구,2608. 송파구청,202505,7522,7722
송파구,2609. 보성중고등학교 후문 앞,202505,326,327
송파구,2611. 송파지역자활센터 뒤,202505,3005,3244
송파구,2612. 광평교사거리 인근,202505,51,49
강동구,3539. 서원마을,202505,160,192
강동구,1084. 윤선생빌딩(JYP사옥),202505,4091,4381
강서구,1193. 마곡센트럴타워 1차,202505,2867,3085
강서구,"1191. 마곡역 버스정류장(마곡나루역1번출구, 웰튼병원 방면)",202505,3708,3668
종로구,353. 재동초교 앞 삼거리,202505,893,869
마포구,437. 대흥역 1번출구,202505,1015,1055
마포구,438. 성산2-1 공영주차장,202505,1598,1471
강서구,1199. 우장산역 3번출구,202505,1648,1260
강서구,1200. 개화광역환승센터,202505,389,386
구로구,1998. 고척교 교차로,202505,635,526
영등포구,289. 대림3동사거리,202505,1387,1452
영등포구,290. 새말소공원,202505,2778,2595
영등포구,291. 문래동 하이테크 시티,202505,2645,2555
서대문구,117. 홍은사거리,202505,3544,3508
종로구,354. 포르투갈 대사관 앞,202505,1008,803
영등포구,292. 영일 어린이공원,202505,1400,1341
영등포구,293. 충북 미래관,202505,3657,3322
강남구,2411. 세곡동 성당,202505,1014,1071
송파구,2613. 잠실나들목,202505,3220,3496
송파구,2614. 가락고등학교 앞,202505,599,523
송파구,2615. 테라타워2,202505,3058,3071
강서구,1188. 롯데중앙연구소,202505,440,449
강서구,1190. 마곡역 교차로(2번출구),202505,3531,3517
종로구,355. 서울사대부설초등학교 앞,202505,1452,1405
강서구,1192. 마곡수명산파크 209동 건너편,202505,3155,2293
강서구,1195. 코오롱One&Only타워,202505,1970,2085
강서구,1196. 서울식물원(문화센터) 건너편,202505,571,498
강서구,1197. 엠펠리체 호텔 건너편,202505,2364,2365
강서구,1198. LG 사이언스파크,202505,2323,2332
송파구,2616. 거여동 사거리,202505,449,443
송파구,2617. 가락삼환아파트 앞,202505,579,542
강서구,2701. 마곡나루역 5번출구 뒤편,202505,10179,10399
송파구,2621. 한성백제역 2번 출구,202505,3936,3938
종로구,356. KT혜화지사 앞,202505,1492,1485
송파구,2622. 올림픽공원역 3번출구,202505,8361,8335
용산구,846. 용산중학교,202505,1029,1015
광진구,3542. 래미안 구의파크 스위트,202505,2950,2909
성북구,1375. 생명의 전화 종합복지관 앞 교차로,202505,1169,1232
강북구,1547. 꿈의숲 롯데캐슬,202505,520,282
강북구,1548. 북서울 꿈의숲 서문,202505,819,529
도봉구,1742. 북한산 코오롱 하늘채,202505,1903,1936
강서구,2702. 마곡 엠밸리2단지,202505,2168,2172
송파구,2618. 삼전역 1번출구,202505,2220,2323
송파구,2619. 석촌고분역 4번출구,202505,2244,2343
종로구,358. 성균관대입구 사거리 A,202505,765,738
송파구,2620. 송파나루역 4번 출구옆,202505,5664,6196
양천구,765. 오목교역 3번출구,202505,5698,6197
구로구,1999. 수궁동 성당 주변,202505,481,527
구로구,2000. 신도림4차 e편한세상 아파트 1109동 앞,202505,1923,1658
금천구,1859. 대륭테크노타운 18차,202505,610,627
서초구,2510. JW타워,202505,390,262
양천구,766. 신목동역 3번출구,202505,1831,1864
서초구,2511. 이수역 6번출구 앞,202505,983,975
종로구,359. 원남동사거리,202505,1221,1267
노원구,1693. 원자력 병원,202505,682,321
동작구,2071. 대림아파트 후문 상가 옆,202505,486,130
성북구,1376. 한국과학기술연구원 중문,202505,212,197
성북구,1377. 한국과학기술연구원 북문,202505,295,251
종로구,361. 동묘앞역 1번출구 뒤,202505,3412,3570
구로구,2801. 대륭포스트타워1차,202505,1985,2052
마포구,440. 하늘공원 입구,202505,1423,1443
종로구,464. 삼청동 골목,202505,931,905
관악구,2185. 대학동 고시촌,202505,1024,999
동대문구,664. 서울시립대 건설공학관,202505,455,435
종로구,465. 삼청공원 앞,202505,133,96
종로구,362. 청계8가사거리 A,202505,2481,2528
광진구,3543. 세종대학교(학술정보원),202505,647,648
중구,441.염천교사거리,202505,615,620
강동구,1063.강동롯데캐슬퍼스트 아파트(관리동),202505,546,547
강동구,1064.중앙보훈병원역 1번출구,202505,662,577
강동구,1065.보훈병원 후문옆(더 원커피),202505,932,802
강동구,1066.생태공원앞 교차로(조명탑),202505,227,178
강동구,1067.한영중고앞사거리,202505,654,622
강동구,1068.명일파출소,202505,1062,983
중구,442.서울역 서부,202505,428,439
중구,443.호암아트홀,202505,233,229
종로구,363. 신설동역 11번출구 뒤,202505,1833,1897
중구,445.대한상공회의소,202505,1139,1094
중구,466.롯데호텔,202505,125,96
중구,467.한국은행,202505,491,491
중구,468.웨스틴 조선호텔,202505,548,544
중구,469.회현역 1번출구,202505,311,296
중구,470.회현역 7번출구,202505,321,275
중구,471.회현사거리 남측,202505,624,617
중구,472.삼일교(시그니쳐 타워),202505,1247,1179
중구,473.을지로4가역 9번출구,202505,1866,1796
종로구,364. 창신역 1번출구 앞,202505,445,391
중구,474.동대문역사문화공원역 1번출구 뒤편,202505,2497,1989
중구,475.DDP 패션몰,202505,1780,1466
중구,476.광희문,202505,834,846
중구,477.앰배서더 호텔 주변,202505,715,194
중구,479.동대입구역 3번 출구,202505,401,417
중구,480.약수역 6번 출구,202505,391,389
중구,483.남산타운아파트 버스정류장,202505,127,108
중구,485.서울역5번출구,202505,1150,1189
송파구,2641.송파역 4번출구,202505,3760,3804
송파구,2642.마천동 성내천 쉼터,202505,1237,1288
송파구,2643.풍납중학교 측면,202505,627,473
송파구,2644. 성내5교,202505,1569,1739
송파구,2645.잠실나들목2(엘스아파트136동),202505,2810,2912
종로구,3401.창신두산아파트,202505,195,199
종로구,3402.이화공영주차장,202505,456,426
마포구,113. 홍대입구역 2번출구 앞,202505,6344,7678
종로구,367. 독립문역 3-1번출구 ,202505,1271,902
종로구,3404.서울특별시 중부교육지원청,202505,157,157
종로구,3405.파크팰리스,202505,954,812
종로구,3407.안국동사거리(신),202505,1652,1627
종로구,3408.종로타워빌딩,202505,1334,1332
종로구,3410.종로3가역 8번출구,202505,2806,2823
종로구,3411.종묘,202505,1137,1157
종로구,3412.세운상가,202505,816,812
종로구,368. SK 서린빌딩 앞,202505,2036,2162
종로구,3413.종로플레이스,202505,2455,2507
종로구,3414.종로5가역 4번출구,202505,1420,1426
종로구,3415.동대문역6번출구,202505,1578,1606
종로구,3416.동묘앞역 6번출구,202505,1790,1867
종로구,3417.창신3동주민센터,202505,1038,1001
종로구,3418.창신역2번 출구,202505,143,127
종로구,3419.국립어린이과학관,202505,480,445
종로구,3420. 성균관대입구 사거리 B,202505,1021,1009
종로구,3421.혜화역 1번출구,202505,2093,2099
종로구,3422.성균관대 정문,202505,1885,1706
종로구,3425.광화문 풍림스페이스본 1단지앞,202505,954,512
종로구,3426.독립문역 2번출구 뒤,202505,238,198
종로구,3427.인왕산 아이파크 정문,202505,284,238
종로구,3428.서울미술관,202505,153,106
종로구,3429.HW컨벤션센터 앞,202505,154,35
종로구,3430.구기치안센터 앞,202505,190,48
종로구,3431.로제우스 레포츠센터,202505,160,98
종로구,3432.종로2가 사거리,202505,1235,1106
종로구,348. 독립문역 사거리,202505,1046,802
강동구,1070.(시립)고덕평생학습관,202505,1257,975
강동구,1072.고덕역 5번출구,202505,2292,1989
강동구,1073. SSTS 몰 앞,202505,881,889
강동구,1074.대명초교입구 사거리,202505,1529,1516
강동구,1075.천동초교 삼거리,202505,2171,2154
강동구,1076. 천동초교입구사거리 버스정류장(십자성마을 방면),202505,2116,2270
강동구,1077.강동역 1번출구 앞,202505,3089,2800
강동구,1078.둔촌사거리,202505,4948,4897
강동구,1079.강일동입구교차로,202505,884,875
강동구,1080.천호지하주차장 5번 출입구,202505,1440,1372
강동구,1081.트레빌빌딩,202505,2081,1680
강동구,1083.광문고교사거리(아이파크),202505,784,757
강동구,1085.래미안 솔베뉴(고덕로),202505,1378,830
강동구,1086.래미안 솔베뉴(구천면로),202505,575,579
강동구,1088.풍납사거리(강동),202505,1788,1782
강동구,1089.고덕 래미안힐스테이트(201동),202505,718,294
중구,370. 시청역(2호선) 9번출구 뒤,202505,2135,1888
강동구,1090.상일동역 2번출구 앞,202505,2234,2382
송파구,2623.석촌동 주민센터,202505,3780,3661
송파구,2625.가락종합 사회복지관,202505,393,343
송파구,"2626.경찰병원역 1,2번 출구 사이",202505,713,705
송파구,2627.문정시영아파트 5동 앞 공원,202505,1638,750
송파구,2628.문정역 1번출구,202505,3982,4220
송파구,2630.서울방이동 고분군,202505,2365,2247
송파구,2631.배명고등학교,202505,886,976
송파구,2632.석촌고분역 2번 출구,202505,2783,2911
중구,371. 동대입구역 6번출구 뒤,202505,613,620
송파구,2633.송파학사 옆,202505,1176,1051
송파구,2634.위례포레샤인아파트 2318동,202505,768,884
송파구,2635.잠실새내역 1번출구,202505,2957,2733
송파구,2637. 아시아지하보도 14번 출구,202505,3064,3119
송파구,2639.석촌역 8번출구,202505,4232,4163
송파구,2646.레이크펠리스101동앞,202505,3689,3939
송파구,2647.잠실 자전거 수리센터 앞,202505,1876,1971
송파구,2648.헬리오시티 112동 앞,202505,1608,1500
중구,372. 약수역 3번출구 뒤,202505,579,572
송파구,2649.오금공원사거리2,202505,415,274
송파구,2650.위례22단지 2208동 다리앞,202505,534,519
송파구,2651.경찰병원역 3번출구 앞,202505,1504,1511
송파구,2652.송파 레미니스1단지 102동 앞,202505,848,756
송파구,2653.올림픽공원사거리(선수촌아파트),202505,1555,1521
송파구,2654.올림픽선수촌아파트 136동 앞,202505,888,693
송파구,2655.송이공원,202505,1178,873
송파구,2657.송파 파인타운 11단지 ,202505,788,751
송파구,2656.풍납동 아이파크 107동 앞,202505,1520,1500
강남구,2413.도곡역 1번 출구,202505,1494,1609
강남구,2414. 도곡역 아카데미스위트 앞,202505,1567,1630
강남구,2415.한티역 롯데백화점 앞,202505,1099,1078
강남구,2416.한티역 6번 출구,202505,731,726
강남구,"2417.선정릉 디캠프(D,CAMP)앞",202505,342,310
강남구,2418.봉은사역 7번 출구 ,202505,813,811
강남구,"2419.봉은사역 1,2번 출구 ",202505,849,855
강남구,2420.학여울역 사거리(LG베스트샵 앞),202505,978,913
강남구,2422.수서동 성당 맞은편,202505,682,708
강남구,2423.영희초교 사거리(래미안개포루체하임),202505,1462,1543
중구,374. 청구역 2번출구 앞,202505,1483,1596
강남구,2425.세곡동 사거리(대왕초등학교 정류장),202505,186,241
강남구,2426.강남한신휴플러스 6단지,202505,643,561
강남구,2427.개포고등학교 정문앞,202505,858,843
강남구,2429.압구정로데오역 6번출구,202505,1019,1014
강남구,2430.강남파이낸스센터앞(역삼역2번출구),202505,681,450
강남구,2431.대치역 7번출구,202505,1470,1457
서초구,2514.사평역 2번출구,202505,738,673
마포구,118. 광흥창역 2번출구 앞,202505,786,773
서초구,2515.서초초등학교 후문,202505,1351,1369
서초구,2516.본마을 노인복지센터 앞,202505,247,293
서초구,2517. 서초그랑자이 앞,202505,580,590
서초구,2518. 서초동 현대아파트 앞,202505,449,486
서초구,2519.서초2교(사임당로 방면),202505,201,210
서초구,2520.서초1교 (진흥아파트 방면),202505,521,514
서초구,2521.서초 크로바타워 앞,202505,756,831
서초구,2523.뉴코아 킴스클럽 앞,202505,1337,1326
서초구,2524.반포쇼핑타운 8동 앞,202505,1039,1057
서초구,2525.반포쇼핑타운 2동 앞,202505,3619,4253
서초구,2529.우리은행 방배동지점 앞,202505,884,904
서초구,2530.삼호3차아파트 앞,202505,1279,1328
서초구,2531.멤피스아파트 앞,202505,1808,1856
서초구,2532.국립국악원 앞,202505,238,50
서초구,2533.한가람미술관 앞,202505,284,239
서초구,2535.신반포역 3번출구 뒤,202505,553,591
서초구,2536.서초종합체육관 입구,202505,167,161
서초구,2537.양재역 8번출구 앞,202505,1469,1094
서초구,2538.사평리근린공원,202505,1712,1787
서초구,2540.반포천 앞,202505,1171,1182
서초구,2541.옛골 입구,202505,143,40
서초구,2542.신논현타워 앞,202505,1345,1297
서초구,2545.국립중앙도서관(국제회의장옆),202505,411,156
금천구,1861.IBK기업은행 석수역 지점 앞,202505,125,114
금천구,1862.스타즈호텔독산 빌딩 앞,202505,863,773
금천구,1863.위너스 스포츠클럽 골프연습장옆,202505,391,359
금천구,1864.산호시티빌 옆,202505,324,173
금천구,1865.금천구청앞(M빌딩),202505,340,355
금천구,1866.서울안천초등학교 옆,202505,188,193
금천구,1867.대륭포스트타워6차 앞,202505,4874,5273
금천구,1868.우리은행 시흥남자동화점 앞,202505,440,439
중구,379. 서울역9번출구,202505,1008,1031
금천구,1869.롯데캐슬골드파크3차 301동 앞,202505,1015,1003
금천구,1870.독산3동주민센터 앞,202505,776,384
구로구,2804.항동지구 6단지 602동 앞,202505,324,308
구로구,2805.구로자원순환센터 ,202505,168,120
구로구,2806.항동지구 4단지 입구,202505,189,114
구로구,2807.항동지구 1단지 105동 앞,202505,233,274
구로구,2808.항동지구 2단지 202동 앞,202505,198,213
구로구,2809.항동지구 11단지 1103동 앞,202505,148,201
중구,380. CJ제일제당 앞,202505,1216,1360
구로구,2810.항동지구 3단지 311동 앞,202505,131,172
구로구,2812.항동프라자,202505,459,535
구로구,2813.항동지구 3단지 302동 앞,202505,103,87
구로구,2814.항동지구 10단지 1001동 앞,202505,252,207
구로구,2815.항동지구 7단지 정문,202505,449,403
구로구,2816.항동지구 8단지 803동옆(주차장입구),202505,71,73
구로구,2817.천왕이펜하우스5단지 앞,202505,297,171
구로구,2818.천왕이펜하우스3단지 앞,202505,434,145
구로구,2819.하늘숲초등학교 앞,202505,899,1376
중구,381. 장충체육관,202505,120,88
구로구,2820.신세기아파트 앞,202505,796,865
구로구,2821.청구아파트 앞,202505,1176,1160
구로구,2822.제니스스포츠 앞,202505,494,444
구로구,2823.중앙유통단지 앞,202505,1051,1051
구로구,2824.미래사랑어린이공원 앞,202505,4118,4191
구로구,2825.초롱타운 앞,202505,356,336
구로구,2826.가마산지하보도 옆,202505,627,672
영등포구,295.영등포공원 분수대 앞,202505,355,349
영등포구,296.KT플라자 영등포점,202505,2877,2776
영등포구,297.국회3문,202505,296,298
중구,382. 약수역 10번출구 앞,202505,473,477
영등포구,298.KBS 연구동 건너편,202505,564,440
영등포구,299.여의도 순복음교회,202505,669,672
영등포구,3201.당산skv1센터,202505,1744,1768
영등포구,3202.당산롯데캐슬프레스티지,202505,3221,3136
영등포구,3203.도림동배드민턴체육관,202505,1391,1378
영등포구,3204.도림고가도로 밑,202505,1375,1300
영등포구,3205.문래현대2차,202505,2571,2556
영등포구,3206.문래동 주민센터,202505,1573,1563
영등포구,3207.양남사거리1,202505,662,641
중구,383. 신당역 12번 출구 뒤,202505,4460,4673
영등포구,3211.신길 래미안 프레비뉴,202505,673,649
영등포구,3212.신풍역 6번출구,202505,1369,1375
영등포구,3214.영등포 푸르지오 아파트 A,202505,2010,1780
영등포구,3215.강변삼성래미안,202505,1741,1534
중구,384. 종로학원본원 ,202505,386,382
영등포구,3219.영등포역 1번출구,202505,3781,4288
영등포구,3220.래미안에스티움 앞 (신풍로),202505,1388,1385
영등포구,3221.서울특별시 남부교육지원청,202505,1014,994
양천구,767.신정숲속마을아파트,202505,760,318
양천구,768.목동5단지아파트 501동,202505,2295,2265
양천구,769.CBS방송국 앞,202505,5888,6150
양천구,770.목동역5번출구,202505,4297,4541
양천구,771.목동아파트 703동 앞,202505,2755,2823
양천구,"773.염창역 3, 4번 출구 사이",202505,1771,1761
마포구,114. 홍대입구역 8번출구 앞,202505,1960,1958
마포구,142. 아현역 4번출구 앞,202505,810,800
양천구,774.등촌역 4번 출구 ,202505,845,842
양천구,775.세종그랑시아 앞(102동),202505,963,727
양천구,776.목마공원,202505,520,510
양천구,777.신월6차보람아파트 앞,202505,1245,1290
양천구,779. 신정1동 주민센터 앞,202505,3886,4128
양천구,780.신정교 하부,202505,3648,4091
양천구,781.신정보도육교 아래,202505,5119,5137
양천구,782.서남병원 후문,202505,826,653
마포구,143. 공덕역 2번출구,202505,1735,2222
양천구,"785.양천구청, 보건소 사잇길",202505,5627,5784
양천구,786.목동아파트 8단지 상가동 앞,202505,2355,2368
양천구,787.양천아파트 입구,202505,3666,3515
양천구,788.양천구청역 2번출구 옆,202505,3068,3216
양천구,791.현대하이페리온,202505,3179,3199
양천구,792.목동트라팰리스 웨스턴에비뉴,202505,5674,5829
강서구,2703.서울도시가스 앞 ,202505,1134,845
종로구,486. 평창동주민센터 앞,202505,171,86
강서구,2704.홈플러스(강서점),202505,3556,3713
강서구,2706.강서공업고등학교 앞,202505,1095,1091
강서구,2707.한강아파트,202505,2735,2546
강서구,2708.강서한강자이타워 앞,202505,3779,3816
강서구,2709.강변아파트 310동 앞,202505,1668,1538
강서구,2710.라이품 공영주차장 앞,202505,1338,1211
강서구,2711.가로공원공영주차장 1번 출구,202505,1382,1470
강서구,2712.화곡터널입구교차로,202505,915,284
강서구,2713.우장초등학교 앞,202505,2132,2149
마포구,145. 공덕역 5번출구,202505,1751,2012
강서구,2715.마곡나루역 2번 출구 ,202505,15575,15677
강서구,2716.롯데 R&D 센터,202505,752,766
강서구,2717.LG유플러스 마곡사옥,202505,4392,5161
강서구,2718.마곡수명산파크1단지,202505,2440,2342
강서구,2719.마곡문화공원,202505,3734,4418
강서구,2720.힐스테이트에코,202505,3252,3266
강서구,2721.등촌1-10단지 교차로,202505,5107,5042
양천구,793.목동5단지아파트 534동,202505,3232,3145
마포구,146. 마포역 2번출구 뒤,202505,2667,2733
강서구,2723.마곡 필네이처,202505,3454,3688
강서구,2724.(재)FITI시험연구원,202505,1918,1594
강서구,2725.서울식물원 식물문화센터,202505,1674,1407
강서구,2727.서울식물원 잔디마당 앞,202505,2315,2365
강서구,2728.마곡나루역 3번 출구,202505,10211,10229
강서구,2729.넥센 유니버시티 앞,202505,2155,2163
강서구,2730.마곡메가박스 앞,202505,2454,2522
강서구,2731.명덕고교,202505,1590,2004
강서구,2732.마곡수명산 1-2단지 ,202505,2557,2034
마포구,147. 마포역 4번출구 뒤,202505,3883,4350
강서구,2733.마곡13단지 정문 앞,202505,5381,4933
강서구,2737.까치산역 3번 출구,202505,1499,1671
강서구,2739.수명산파크1단지교차로,202505,4288,4263
강서구,2740.마곡레포츠센터,202505,1293,1303
강서구,2741.마곡수명산파크5-6단지,202505,1985,1587
강서구,2742.강서구민올림픽체육센터,202505,2736,3065
마포구,148. 용강동 주민센터 앞,202505,1469,1475
노원구,1696.수락리버시티4단지,202505,621,657
노원구,1697.상계주공2단지 219동,202505,1780,1752
노원구,2901.공릉동풍림아파트 101동,202505,1501,1530
노원구,2902.공릉풍림아파트 108동,202505,1390,1460
노원구,2903.월계초안아파트 1단지,202505,507,509
마포구,150. 서강대역 2번출구 앞,202505,1356,1346
노원구,2904.중계3차청구아파트,202505,1351,1306
노원구,2907. 월계중학교,202505,567,102
노원구,2908. 광운대학교 중앙도서관,202505,2180,2157
노원구,2909. 석계역 3번 출구,202505,1777,1849
노원구,2910.도깨비시장,202505,1784,2037
노원구,2911.상계역중앙시장,202505,1533,1539
노원구,2912.대진고등학교,202505,1241,874
노원구,2913.상계8동 주민센터,202505,2052,2163
노원구,2914.서울과학기술대학교(미래관),202505,1127,1306
노원구,2915.서울과학기술대학교(어학교육원),202505,2894,2227
노원구,2917.신창중학교 후문 맞은편 버스정류장,202505,1180,1342
노원구,2919.등나무 근린공원(시립북서울미술관 앞) ,202505,3656,3758
노원구,2920.상계중학교(당현2교사거리),202505,948,917
노원구,2921.중계역 2번출구,202505,2663,2967
도봉구,1743.창동19단지아파트 관리사무소앞,202505,1281,1277
도봉구,1744.도봉소방서 옆,202505,2265,2383
도봉구,1749. ESA아파트 상가 앞,202505,1373,1350
도봉구,1750. 창포원 남쪽 입구,202505,998,1125
도봉구,1751. 창원초등학교 교차로,202505,836,771
도봉구,1752. 창동 주공 4단지 입구 옆,202505,695,765
도봉구,1754. 창동시장입구 사거리,202505,939,853
마포구,119. 서강나루 공원,202505,1974,1994
마포구,153. 성산2교 사거리,202505,2422,2369
도봉구,1756.서울북부광역등기국,202505,306,290
도봉구,1757.솔밭공원역 1번출구 앞,202505,472,469
도봉구,1758.솔밭공원역 1번출구 주변,202505,766,685
도봉구,1759.서울북부지방법원 앞,202505,712,756
도봉구,1761.방학중학교 앞,202505,338,264
도봉구,1762.북한산 한신휴플러스APT앞,202505,1775,1777
마포구,154. 마포구청역 ,202505,2987,3404
도봉구,1765.쌍문역 1번출구 주변,202505,1385,1280
도봉구,1767.방학초등학교 앞,202505,1373,1687
도봉구,1768.신동아타워 버스정류소,202505,524,519
도봉구,1770.도봉한신아파트 주변,202505,1276,1348
도봉구,1771.성원APT버스정류소,202505,1113,646
도봉구,1772.시립도봉노인복지관 버스정류소,202505,766,744
도봉구,1774.정의여중고 버스정류소,202505,443,445
마포구,155. 가좌역1 번출구 앞,202505,1497,1430
도봉구,1775.신원리베르텔 앞,202505,1395,1504
강북구,1550.삼각산아이원아파트(105동 옆),202505,184,10
강북구,1551.4.19탑 앞,202505,816,516
강북구,1552. 강북구청사거리,202505,1558,1560
강북구,1553.서울북부고용노동지청,202505,825,820
강북구,1554.번동사거리,202505,485,447
강북구,1557.신창교,202505,1032,1065
마포구,156. 서울서부지방법원 앞,202505,846,932
강북구,1558.강북문화정보도서관,202505,313,235
강북구,1560. 도봉세무서 앞,202505,923,926
강북구,1564.4.19민주묘지역 1번출구,202505,1018,1032
강북구,1565.수유사거리,202505,1043,1034
강북구,1568.4.19민주묘지 입구사거리,202505,729,731
강북구,1569.수유역2번출구,202505,3102,3166
마포구,157. 애오개역 4번출구 앞,202505,1714,1767
마포구,488.푸르메병원,202505,1521,1520
마포구,489.구룡근린공원,202505,431,366
마포구,490.가온문화공원,202505,1574,1510
마포구,491.월드컵파크 4단지,202505,561,450
마포구,493.홍대입구역 6번출구,202505,1641,1643
마포구,494.신수동주민센터,202505,462,459
마포구,495.염리초등학교 앞,202505,1263,1427
마포구,497.합정동주민센터 앞,202505,2819,2138
마포구,498.연남동주민센터 앞,202505,2662,2859
서대문구,159. 이대역 4번 출구,202505,368,255
마포구,3002.벽산상암스마트큐브 ,202505,3017,2992
마포구,3003.래미안신공덕3차아파트,202505,105,50
마포구,3005.마포구청 청사내,202505,366,365
마포구,3006. 상암월드컵파크5단지(상암중학교),202505,752,753
마포구,3007.MBC 앞,202505,783,808
마포구,3008.DMC역7번출구,202505,922,674
마포구,3009. 홍대입구역 사거리,202505,1572,1594
마포구,3010.홍대입구역 3번출구,202505,3986,4023
서대문구,160. 북아현동 가구거리,202505,588,482
용산구,848. 삼각지12번 출구,202505,671,714
용산구,849. 삼각지 자이아파트,202505,1145,1152
용산구,850. KCC용산월츠타워 ,202505,538,570
용산구,851.효창 푸르지오 앞,202505,567,195
용산구,852. 청암자이아파트 앞,202505,256,207
용산구,853.용산역 맞은편,202505,4185,4262
용산구,854.HID 유족동지회 앞,202505,136,72
용산구,855.이촌역5번출구 앞,202505,270,218
서대문구,161. 무악재역1번 출구,202505,226,227
용산구,857. 현대 안성타워,202505,377,143
용산구,858.녹사평역3번 출구,202505,530,271
용산구,859.남산공원 야외식물원 앞,202505,209,70
용산구,860.LG한강 자이아파트 앞,202505,1773,1777
용산구,863.이촌역2번 출구,202505,591,559
용산구,864.순천향대학병원(한남오거리),202505,840,860
서대문구,162. 봉원고가차도 밑,202505,710,226
용산구,866.브라운스톤 남산아파트,202505,766,473
용산구,867.서빙고역 광장(1번출구),202505,424,416
서대문구,3109.북한산더? 106동 앞,202505,358,338
서대문구,3110.홍은 현대아이파크 아파트 202동 앞,202505,768,754
서대문구,3111.무악재역 4번 출구,202505,272,273
서대문구,3114.충정로역 3번 출구,202505,275,240
서대문구,3113. 독립문 앞,202505,715,655
마포구,120. 신수동 사거리,202505,561,569
서대문구,163. 명지전문대학교 정문 앞,202505,598,602
서대문구,3115.북아현 치안센터 인근,202505,756,656
서대문구,3116.신촌역 4번출구,202505,685,684
서대문구,3117.이화여대 인문관 인근,202505,281,223
서대문구,3119.연희 브라운스톤 아파트 앞,202505,1589,1591
서대문구,3120.DMC엘가아파트 앞,202505,1301,1295
서대문구,3121.가좌삼거리,202505,1355,1319
서대문구,3122.북가좌삼거리2,202505,802,769
서대문구,3123.DMC파크뷰자이1단지 110동 앞,202505,1096,1031
서대문구,164. 북가좌1동 주민센터 ,202505,549,466
서대문구,3125.연희파크푸르지오아파트 앞,202505,1495,1420
서대문구,3127.홍은2파출소 옆,202505,712,714
서대문구,3128.동신병원 맞은편,202505,1717,1712
서대문구,3129.DMC래미안e편한세상203동옆,202505,721,719
서대문구,3130.가재울사거리,202505,901,596
서대문구,3131.연가교 교차로,202505,1323,1205
서대문구,3132.홍제교,202505,677,672
서대문구,3134.SK리쳄블(서울아리수본부),202505,403,363
서대문구,165. 중앙근린공원,202505,1336,1155
성북구,1379.길음뉴타운푸르지오아파트 3단지,202505,213,17
성북구,1380.월곡역 5번출구 앞,202505,1910,2191
성북구,1381.석계역 4번출구 뒤,202505,3115,3212
성북구,1384.성신여대입구역 5번출구,202505,1430,1433
성북구,1385.성신여대입구역 3번출구 앞,202505,1547,1525
성북구,1386.동선고가차도 초입,202505,373,370
성북구,1388. 돈암초교입구 버스정류장(한성대입구역 방면),202505,593,589
서대문구,166. 가재울 초등학교,202505,1743,1759
성북구,1390.석관래미안아트리치,202505,1598,1661
성북구,1391.성북청소년센터,202505,723,724
성북구,1392.돈암삼성풍림아파트,202505,227,29
성북구,1393.돈암육교 하단,202505,188,76
성북구,1394.길음뉴타운 래미안9단지,202505,678,673
성북구,1395.래미안장위포레카운티(102동),202505,1169,1125
성북구,1396.래미안장위퍼스트하이(513동),202505,1335,1372
용산구,869.노들섬 동측 앞,202505,630,621
서대문구,167. 연가초등학교 옆,202505,545,133
용산구,870.노들섬 서측 앞,202505,4224,4342
은평구,973.제각말푸르지오 5-1단지 아파트,202505,214,125
은평구,974.연신초등학교옆 마을마당,202505,200,157
은평구,975.백련산 힐스테이트상가앞,202505,584,153
은평구,976.진관고등학교앞,202505,688,697
은평구,977.신도중학교앞,202505,237,78
은평구,978.녹번 힐스테이트상가앞,202505,317,217
은평구,979.원풍빌라앞,202505,759,660
은평구,982. 녹번초등학교(서오릉로),202505,1001,1027
은평구,984.상신초등학교앞 버스정류장,202505,1002,1010
은평구,985. 은평세무서 버스정류장(은평구청 방면),202505,1300,1300
은평구,989. 신응교(가좌로) 앞,202505,1605,2107
은평구,991.흥국사 정류장,202505,114,121
서대문구,169. 북가좌 삼거리,202505,633,560
은평구,992.북한산입구 정류장,202505,225,224
은평구,993.은평뉴타운 은뜨락아파트앞,202505,559,295
은평구,994.북한산생태공원입구(교통섬),202505,230,216
은평구,995.은평다목적체육관,202505,392,346
은평구,996.응암역2번출구 국민은행 앞,202505,3979,5332
동대문구,665.이문동 쌍용아파트 정문,202505,875,981
동대문구,666.이문대성유니드아파트 앞,202505,1058,1120
동대문구,667.청량차도 육교 밑,202505,497,399
동대문구,669.청계한신휴플러스앞 삼거리,202505,1531,1524
서대문구,170. DMC파크뷰자이아파트 302동 앞,202505,1172,1165
동대문구,670.삼육서울병원 버스정류장,202505,3842,3942
동대문구,671.대광빌딩,202505,522,516
동대문구,672.대광고등학교,202505,1461,1585
동대문구,673.안암골벽산아파트(후문),202505,985,869
동대문구,674.고대앞사거리 교통섬,202505,1450,1527
동대문구,676.FITI시험연구원 앞,202505,848,841
동대문구,678.장안힐스테이트(아) 앞,202505,2017,2256
동대문구,679.전농SK아파트 앞,202505,363,317
서대문구,171. 임광빌딩 앞,202505,534,531
동대문구,680.꿈마루어린이도서관 앞,202505,1729,1647
동대문구,681.서울특별시 동부교육지원청(육교),202505,242,243
중랑구,1461.동양엔파트 앞,202505,989,993
중랑구,1462.동부시장 북문 앞,202505,1959,2082
중랑구,1463.중랑구민회관,202505,369,392
중랑구,1464.중화역 4번출구,202505,1196,1307
중랑구,1466.두산대림아파트 삼거리,202505,467,590
중랑구,1467.sk신내 주유소앞(용마산로),202505,284,342
중랑구,1468.먹골역 7번 출구,202505,1030,1120
중랑구,1469.먹골역 4번출구,202505,1080,1140
중랑구,1470.중화동 우리은행 앞,202505,1574,1701
중랑구,1471.동양쇼핑 정류소 앞,202505,1579,1778
중랑구,1472.영성빌딩(PAT),202505,947,1187
중랑구,1473.중랑역 1번 출구(중화문화복지센터),202505,1106,1372
중랑구,1474.서울중랑우체국,202505,684,663
중랑구,1477.면목삼익아파트 앞,202505,387,389
중랑구,1478.홈플러스 상봉점 앞,202505,1689,1706
마포구,121. 마포소방서 앞,202505,856,856
서대문구,173. 서대문역 8번출구 앞,202505,295,296
중랑구,1479.면목 홈플러스 2 ,202505,730,842
중랑구,1480. 용마지구대 B,202505,767,846
광진구,3563.구의7단지현대아파트,202505,301,291
광진구,3566.우성4차아파트,202505,1914,1859
광진구,3569.건대병원후문,202505,5138,5211
광진구,3570.구의역 리버비스타 오피스텔,202505,3560,3614
서대문구,175. 홍연2교옆,202505,1189,1182
광진구,3571.화양 APT(횡단보도 옆),202505,4318,4120
광진구,3573.광나루안전체험관,202505,1564,1435
광진구,3575. 자양사거리(서원빌딩),202505,4206,4180
광진구,3579.광진 캠퍼스시티,202505,2777,2471
서대문구,179. 가좌역 4번출구 앞,202505,1814,1808
광진구,3581.광진광장,202505,2831,2121
광진구,3582.화양동 우체국,202505,3055,2832
광진구,3586.군자역 비채온 오피스텔,202505,2450,2463
성동구,3544.한양대역 3번 출구,202505,2011,1987
성동구,3545.한양대역 1번출구,202505,880,782
성동구,3547.상왕십리역 6번 출입구,202505,817,539
서대문구,180. 충정로역 7번출구 아래,202505,681,443
성동구,3548.뚝섬역 6번출구,202505,2518,2256
성동구,3549.건영아파트 앞,202505,2122,2154
성동구,3550.금호나들목,202505,1762,1861
성동구,3551.성동도로사업소,202505,693,701
성동구,3552.서울숲 공영주차장앞,202505,1207,1207
성동구,3553.마장역3번출구,202505,657,629
성동구,3555.양지사거리(센트라스APT 115동앞),202505,242,213
성동구,3556.신금호파크자이APT앞,202505,430,55
성동구,3557.서울숲리버뷰자이APT105동 앞,202505,645,609
성동구,518. 청계천 박물관 앞,202505,897,911
성동구,3558.마장동 금호어울림APT앞,202505,498,355
성동구,3559.성동구민종합체육센터 앞,202505,3079,3114
성동구,3560.성동구 견인차량 보관소 앞,202505,1688,1543
성동구,3561.행당동 삼부APT후문,202505,231,155
성동구,519. 양지사거리,202505,1084,874
동작구,2077.노들역 3번출구,202505,1318,1431
동작구,2078.흑석 아크로리버하임(103동),202505,158,33
동작구,2079.중앙대학교 중앙광장,202505,153,145
동작구,2080. 대방지하보도(대방동경남아너스빌아파트),202505,1538,1598
동작구,2082.7호선 이수역7번출구,202505,1068,1071
동작구,2083.흑석롯데캐슬에듀포레(107동),202505,449,411
동작구,2084.e편한세상 상도노빌리티 앞,202505,677,592
동작구,2085.강남중학교 앞,202505,1072,987
동작구,2086.삼일수영장 앞,202505,1216,902
성동구,520. 상왕십리역 4번 출구 앞,202505,962,866
동작구,2088.상도중앙하이츠빌 입구,202505,358,279
동작구,2089.사당역10번출구(금강빌딩),202505,876,1110
동작구,2090.기아자동차 사당점 앞,202505,1004,1001
동작구,2091. 이수역9번출구,202505,1024,1070
동작구,2092.흑석한강푸르지오(110동),202505,284,51
동작구,2093.상도SH빌아파트 입구,202505,18,18
동작구,2094.숭실대학교(중문) ,202505,386,94
동작구,2095.경문고등학교 앞,202505,878,978
동작구,2096.서울특별시 동작관악교육지원청,202505,125,27
성동구,521. 왕십리역 11번 출구 앞,202505,1672,1622
관악구,2186. 낙성대입구삼거리,202505,516,477
관악구,2187. 현대시장사거리,202505,1480,953
관악구,2189. 봉천역 4번출구,202505,1281,1333
관악구,2190.도원맨션,202505,552,527
관악구,2191.대학동주민센터 ,202505,853,873
관악구,2195.은천교회,202505,1031,1027
성동구,522. 금호역 1번출구 앞,202505,329,332
관악구,2196. 봉천역 3번출구,202505,524,559
관악구,2198.사랑의병원,202505,713,702
관악구,2199.신봉천주유소 A,202505,216,206
성동구,523. 옥수동성당 옆,202505,111,37
관악구,3310.영락고등학교,202505,494,78
관악구,3311.서울대입구역 4번 출구,202505,890,898
양천구,794.양천문화회관,202505,2958,2992
양천구,795.양천 해누리타운,202505,2900,2813
양천구,796.목동아파트 14단지 B상가 앞,202505,2607,2599
양천구,797.목동아파트 1422동 1434동 사잇길,202505,4241,4298
마포구,122. 신성기사식당 앞,202505,955,953
성동구,524. 래미안금호하이리버 아파트 102동 옆,202505,374,353
강북구,1571.북서울 꿈의 숲 입구,202505,443,420
강북구,1572. 우이동 먹거리마을,202505,192,136
강북구,1573.현대성우아파트 옆,202505,252,176
서초구,2539.대한무역투자진흥공사 KOTRA 앞,202505,1394,1388
강북구,1574.송중초등학교 옆,202505,512,570
성북구,1382.래미안월곡아파트 입구,202505,1158,1119
광진구,3587.우성식품 앞,202505,1333,1337
광진구,3588.세종대학교(영실관),202505,863,857
송파구,2658.가락몰 업무동,202505,1884,1908
성동구,525. 한양대병원사거리,202505,1612,1339
송파구,2659.서울친환경유통센터,202505,274,255
강서구,2744.강서세무서 앞,202505,3023,3001
강서구,2745.수명초등학교,202505,2301,2223
서초구,2547. 반포래미안 리오센트,202505,1050,1081
서초구,2548.반포1동 자율방범초소 옆,202505,450,274
서초구,2549.LH 서초 4단지 403동,202505,653,662
서초구,2550.양재동 꽃시장 건너편,202505,863,865
강서구,2746.수명산파크 4단지 411동 앞,202505,1813,1744
성동구,526. 용답토속공원 앞,202505,775,793
성동구,3600.사근빗물펌프장 건너편,202505,3769,3988
중구,3013.서울지방고용노동청 앞,202505,1606,1620
강동구,3652. 한영외국어고등학교,202505,323,319
은평구,4652. 신사두산위브2차아파트 앞,202505,1311,1198
종로구,4711. 올림픽기념 국민생활관 로터리,202505,1488,1417
관악구,3802. 관악구민체육센터,202505,482,458
성동구,529. 장한평역 8번 출구 앞,202505,5585,5472
중구,4760. 서울역 7번출구,202505,223,220
중구,4765. 동대문디자인플라자,202505,2085,1938
중구,4766. 서소문성지역사박물관,202505,357,307
중구,4781. 브라운스위트레지던스,202505,262,235
중구,4782. 서소문역사공원,202505,96,89
구로구,3906. 천왕차량사업소 입구,202505,755,1096
용산구,4604. 원효로다목적체육관 앞,202505,571,581
용산구,"4605. 노들섬 다목적홀(동쪽) 숲, 앞",202505,901,890
용산구,4607. 국립중앙박물관 -용산가족공원 앞,202505,487,414
성동구,530. 청계벽산아파트 앞,202505,1644,1775
용산구,4608. 국립중앙박물관 정문 앞,202505,313,248
용산구,4609. 파크타워 104동 앞,202505,399,363
용산구,4610. 한남나인원 105동 앞,202505,398,392
용산구,4611. 국제루터교회 앞,202505,195,173
용산구,"4612. 한남 준 J,FSS 앞",202505,108,80
용산구,4613. 서울갤러리아 앞,202505,308,163
용산구,4615. 크라운호텔앞 버스정류소,202505,785,852
용산구,4616. 신용산지하차도 앞,202505,699,764
용산구,4617. 동원베네스트 건너편,202505,142,153
용산구,4618. 풍전아파트 건너편,202505,483,540
성동구,533. 금남시장 교차로,202505,467,612
용산구,4619. 한강트럼프월드3차 앞,202505,1625,1636
용산구,4620. 삼각지역 14번 출구 앞(교통섬),202505,1291,1337
용산구,4622. 한강중학교 앞 버스정류장,202505,501,497
용산구,4623. 라인프랜즈이태원점 앞,202505,187,160
용산구,4627. 효창공원앞역 5번출구 옆,202505,344,306
용산구,4629. 한강초교보도육교 앞,202505,1256,1552
강북구,3703. 삼양입구사거리,202505,314,343
강북구,3707. 드래곤타워 앞,202505,867,877
성동구,534. 금호사거리,202505,353,354
강북구,3714. 송천센트레빌,202505,141,117
구로구,3902. 항동지구5단지 501동 앞,202505,291,348
구로구,3903. 현대아파트 앞,202505,767,815
구로구,3904. 테크노마트 앞,202505,2340,2318
구로구,3905. 희훈타워빌 앞,202505,2047,1935
성동구,4353. 코오롱디지털타워 3차앞,202505,1980,1990
성동구,4360. 르노삼성자동차 성수사업소 앞,202505,1044,1073
성동구,4362. 행당중학교 후문,202505,718,699
용산구,4625. 용산공원갤러리앞,202505,403,416
성동구,535. 응봉삼거리,202505,661,385
은평구,4653. 불광역 9번 출구 맞은편,202505,677,723
종로구,4708. 조계사앞사거리,202505,1378,1439
종로구,4710. 자교교회 앞,202505,908,939
강남구,3602. 한국지역난방공사강남지사,202505,434,427
강서구,3753. 공항중학교 버스정류장,202505,596,536
강서구,3756. 마곡힐스테이트 정문,202505,1795,1652
강서구,3761. 나이아가라관광호텔,202505,759,790
강서구,3763. 등촌태영아파트,202505,1510,1643
성동구,536. 행당역 2번출구 앞,202505,770,812
강서구,3765. 문소빌딩,202505,589,556
강서구,3767. 대원빌딩,202505,1867,1865
강서구,3772. 길성그랑프리텔아파트,202505,3192,3141
강서구,3775. 가양오토갤러리,202505,1270,1300
강서구,3776. 김포공항사거리,202505,645,684
강서구,3778. 김포공항입구 교차로,202505,2024,1991
강서구,3780. 등촌서광아파트,202505,4240,4244
강서구,3781. 강서아동복지센터,202505,73,130
강서구,3782. 겸재정선미술관,202505,2042,1959
성동구,537. 한양대후문역 부근,202505,1338,1333
강서구,3783. 마곡금호어울림아파트,202505,1535,1470
강서구,3784. 벽산아파트,202505,3267,3023
강서구,3787. 가양나들목,202505,861,868
강서구,3788. 정곡나들목,202505,1703,1803
강서구,3789. 염창나들목,202505,3741,4189
동대문구,4102. 휘경1동주민센터 앞,202505,1203,1209
동대문구,4103. 휘경sk뷰아파트 앞,202505,402,366
동대문구,4104. 외대앞역 교차로,202505,1152,1159
동대문구,4105. 서울교통공사사거리 교통섬,202505,850,841
서대문구,123. 문화촌 공원,202505,2090,2067
동대문구,4107. 장안동근린공원 입구,202505,819,910
동대문구,4108. 답십리파크자이아파트 앞,202505,3044,3143
동대문구,4110. 용두롯데캐슬리치아파트 앞,202505,1279,1079
동대문구,4113. 한국국방연구원 앞,202505,1221,1285
동대문구,4116. 이문e편한세상아파트 앞,202505,891,1015
동대문구,4117. 휘경119안전센터 앞,202505,934,913
동대문구,4121. 서울문화재단 앞,202505,1602,1661
동대문구,4122. 청계9가교차로 앞,202505,2655,2827
동대문구,4123. 배봉초교 교차로,202505,1026,1023
성동구,550. 서울시설공단 앞,202505,1482,1482
종로구,4703. 쌍용아파트2단지 정문,202505,335,23
종로구,4707. 청계3가 사거리,202505,1348,1335
중구,4753. 시청역 10번출구,202505,690,648
중구,4761. 중부경찰서앞사거리 건너편,202505,356,324
중구,4762. 국제빌딩,202505,550,361
중구,4768. 서울도시건축전시관,202505,1039,931
중구,4772. 중앙일보,202505,129,120
광진구,539. 군자교교차로,202505,2327,2376
중구,4774. 을지로입구역 8번출구,202505,663,663
중구,4775. 을지로지하쇼핑센터,202505,631,632
중구,4776. 신세계면세점,202505,350,326
중구,4784. 중부경찰서앞 사거리,202505,448,401
중구,4785. 롯데시티호텔,202505,549,485
중구,4791. 명동역9번 출구,202505,1095,1082
마포구,4202. 프런트원(공덕역4번출구 앞),202505,885,1046
광진구,540. 군자역 7번출구 베스트샵 앞,202505,2612,2585
마포구,4206. 광흥창역5번출구,202505,758,764
마포구,4207. 아만티호텔 앞,202505,1668,1811
마포구,4208. 스타벅스(동교동) 앞,202505,1200,1336
마포구,4210. 가좌행복주택 앞,202505,1217,1203
마포구,4211. 시석빌딩 앞,202505,1086,1073
마포구,4212. 한화오벨리스크 앞,202505,976,852
마포구,4213. 마포구중앙도서관 정문 앞,202505,2664,2519
마포구,4214. JTBC 앞,202505,1313,1381
강서구,3760. 발산역 8번 출구,202505,2340,2377
강서구,3766. 강서문화센터,202505,319,288
광진구,542. 강변역 4번출구 뒤,202505,1970,1998
광진구,3853. 어린이대공원역 2번출구,202505,1671,1268
광진구,3860. 건국대학교 정문 앞,202505,1790,1578
광진구,3863. 동일로58길 입구,202505,1104,1040
광진구,3864. 광진소방서 앞,202505,1677,1412
광진구,3865. 이튼타워리버 2차,202505,1861,1844
광진구,3868. 자양한강도서관,202505,2703,2735
광진구,3873. 동서울우편집중국 앞,202505,1258,1178
광진구,3878. 장로회신학대학교 주기철 기념관,202505,90,57
도봉구,4076. 도봉통합복지센터 뒤 중랑천 변,202505,1501,1642
광진구,543. 구의공원(테크노마트 앞),202505,2975,3174
강서구,3792. 화곡본동시장 입구,202505,828,787
강서구,3793. 더리브골드타워,202505,1151,1198
강서구,3794. 안양천합수부(현대3차아파트),202505,2247,2216
강서구,3796. 송정역 3번출구 앞,202505,1988,1785
강서구,3797. 마곡수명산파크7단지 710동 앞,202505,650,639
강서구,3798. 그랜드아이파크아파트 앞,202505,5582,5603
강서구,3786. 강서힐스테이트 상가 앞,202505,900,794
구로구,3907. 신도림7차e편한세상아파트 806동 앞,202505,1188,1066
광진구,544. 광남중학교,202505,1317,1410
동대문구,4114. 휘경여중고삼거리,202505,1328,1422
서대문구,4253. 홍은도담도서관,202505,535,532
서초구,4319. 삼성전자R&D어린이집 뒤,202505,288,220
영등포구,4556. 리버뷰신안인스빌1차 후문,202505,1654,1626
영등포구,4557. 리버뷰신안인스빌2차 후문,202505,1882,1769
종로구,4705. 웰니스센터(민방위교육장 앞),202505,1519,1513
강동구,3653. 강동리버스트4단지아파트 404동 앞,202505,506,560
강동구,3654. 강동리버스트4단지아파트 405동 앞,202505,418,460
강서구,3759. 이대서울병원,202505,1951,2136
광진구,546. 잠실대교북단 교차로,202505,2433,2407
서초구,4320. 비석공원,202505,908,1054
송파구,4452. 삼성SDS,202505,4119,4157
송파구,4453. 위례중앙푸르지오 201동 앞,202505,1822,1782
송파구,4457. 아산병원 기숙사 부근,202505,5560,5664
송파구,4458. 가락2동주민센터 인근,202505,589,561
송파구,4460. 올림픽훼미리아파트 112동 앞,202505,1373,1413
송파구,4461. 한양3차아파트 3동 앞,202505,247,226
송파구,4462. 가락중학교 앞,202505,798,738
송파구,4463. 방이역 2번 출구,202505,955,924
광진구,548. 자양나들목,202505,2866,2917
송파구,4464. 올림픽공원 북2문 A,202505,1701,1727
송파구,4465. 건영아파트앞 사거리,202505,1784,1775
송파구,4468. 가락1동주민센터 ,202505,1496,1521
송파구,4469. 거여동 어울림아파트  102동앞,202505,583,592
송파구,4472. 송파파크데일 1단지 115동 건너편,202505,500,487
송파구,4473. 마천금호어울림 1차 102동앞,202505,229,229
송파구,4474. 가락현대 1차 11동 앞,202505,574,464
송파구,4475. 송파파인타운 4단지 403동,202505,565,519
송파구,4478. 문정근린공원2,202505,1103,1094
광진구,549. 아차산역 3번출구,202505,2625,2458
송파구,4479. 문정중학교,202505,236,214
송파구,4480. 가락시장 남1문 사거리,202505,788,770
송파구,4481. 올림픽공원 북2문 B,202505,2979,3059
송파구,4483. 잠실나들목4,202505,2281,2437
송파구,4484. 잠실나루역4번출구뒤,202505,2584,2578
송파구,4485. 잠실나루역 고가하부,202505,807,621
송파구,4486. 홈플러스 잠실점,202505,2831,2839
송파구,"4488. 문현중,고등학교 사이",202505,265,249
송파구,4490. 송파파인타운 10단지 1005동,202505,345,314
송파구,4491. 장지역 1번출구,202505,1639,1681
마포구,124. 서강대 정문 건너편,202505,1184,1070
동대문구,600. 휘경2동 주민센터,202505,327,328
송파구,4493. 마천사거리 2,202505,443,462
송파구,4496. 잠실 파크리오 120동 앞,202505,1722,1715
송파구,4497. 아시아선수촌아파트 교차로,202505,2114,2129
송파구,4499. 세양청마루 101동 앞,202505,1022,447
송파구,4852. 서울복합물류 게이트 1,202505,1646,1906
송파구,4854. 가락시장역 2번 출구,202505,1644,1635
송파구,4855. 거여5단지 503동 앞,202505,595,590
송파구,4856. 올림픽공원 서1문 앞,202505,2100,2102
송파구,4859. 잠실나루 나들목,202505,2405,2409
강북구,3718. 번동3단지 버스정류장,202505,1047,1202
강서구,3754. 신방화역 8번출구,202505,1709,1691
강서구,3764. 관문주유소(GS칼택스) 앞,202505,1636,1532
관악구,3803. 남서울중학교,202505,974,941
관악구,3804. 낙성대공원,202505,383,351
관악구,3806. 낙성대 교수아파트,202505,225,95
관악구,3807. 관악우체국 교차로,202505,446,409
송파구,4454. 위례 포레샤인 1809동 부근,202505,346,110
동대문구,602. 장안동 사거리,202505,3598,4190
송파구,4857. 올림픽공원 장미광장,202505,1039,1002
종로구,4713. 현대 뜨레비앙 아파트 앞,202505,1266,1271
중구,4752. 삼성사이버빌리지아파트,202505,379,235
중구,4792. 퇴계로4가 교차로(중구청),202505,1303,1288
중구,4793. 동대문역사문화공원역 5번출구,202505,1019,1012
강서구,3799. 국립항공박물관,202505,506,501
중랑구,4802. 새우개마을,202505,292,307
중랑구,4803. 상봉2동 주민센터 앞,202505,1115,1110
중랑구,4804. 동서울농협 앞,202505,1623,1775
중랑구,4807. 라코지스테이 앞,202505,643,639
중랑구,4808. 신내2동 주민센터 앞,202505,803,727
중랑구,"4809. 동성1,2차 아파트 앞",202505,1193,954
중랑구,4811. 한양수자인아파트 앞,202505,524,249
중랑구,4812. 묵동 이마트 앞,202505,1557,1711
중랑구,4813. 망우지구대,202505,1845,1877
금천구,3956. 대륭테크노타운21차 앞,202505,868,864
금천구,3958. 롯데캐슬2차 마을버스 정류장(18804) 뒤편,202505,527,573
금천구,3959. 시흥사거리(시흥동 994-3 앞),202505,826,1005
금천구,3963. 에이스 하드웨어(시흥대로 396) 앞,202505,896,999
금천구,3966. 독산역1번출구 B,202505,2054,2161
영등포구,4579. 국회의사당 본관,202505,576,386
영등포구,4580. 국회제2의원회관,202505,588,567
영등포구,4581. 국회소통관,202505,545,537
영등포구,4582. 국회도서관,202505,657,617
영등포구,4583. 의정관,202505,279,233
영등포구,4584. 국회2문,202505,251,238
동작구,4152. 상도효성해링턴플레이스,202505,564,368
동대문구,605. 신설동역8번출구,202505,1368,1387
동작구,4153. 흑석동효사정앞,202505,269,197
동작구,4158. 노량진근린공원,202505,229,109
동작구,4162. 노량진1동 청소년독서실,202505,358,100
동작구,4167. 구로교 아래,202505,1431,980
동작구,4169. 신대방삼거리,202505,1314,1390
서초구,4303. 매헌역 2번출구앞광역버스 정류장앞(22-297),202505,1018,1021
서초구,4304. 서울고앞,202505,269,257
서초구,4305. 서일스포츠센터,202505,321,309
서초구,4306. 서래공원 앞,202505,748,744
서초구,4307. 고투몰 gate 15옆,202505,737,901
동대문구,606. 서울반도체고 앞,202505,627,651
서초구,4309. 서초케이타운앞,202505,105,82
서초구,4310. 염곡동(염통골) 입구,202505,332,312
서초구,4312. 반포미도2차아파트 옆,202505,503,503
서초구,4313. 반포종합운동장,202505,756,774
서초구,4315. 이투스교육 앞,202505,355,307
서초구,4316. 고속터미널역 3번출구,202505,737,519
서초구,4317. 양재근린공원,202505,1518,1592
서초구,4318. 방배역 2번 출구,202505,908,1070
동대문구,607. 신이문역 2번출구,202505,836,814
강남구,3604. 삼성중앙역 5번출구,202505,742,579
강남구,3606. 신사동주민센터 옆,202505,911,988
강남구,3609. 언주초등학교 입구,202505,672,668
강남구,3610. 윗반마을 입구,202505,193,193
강남구,3611. 방죽마을 입구,202505,447,507
강남구,3612. 은곡마을,202505,522,579
강남구,3614. 은마아파트 입구 사거리,202505,1296,1287
강남구,3615. 서울 논현동우체국 앞,202505,427,355
동대문구,608. 전농삼성아파트,202505,364,336
강남구,3616. 역삼중학교 앞(체육관 방향),202505,330,318
강남구,3618. 서울율현초교 삼거리,202505,739,944
강남구,3620. 청담역 11번 출구,202505,209,83
강남구,3622. 은마아파트입구 사거리(1),202505,256,261
강남구,3623. 일원에코파크 앞(개포로 방면),202505,523,532
강남구,3624. 대모산입구역 7번 출구 앞,202505,287,251
강남구,3627. 압구정나들목,202505,2951,3070
강남구,3628. 역삼1동 주민센터,202505,1189,1249
동대문구,609. 제기2교,202505,1758,1765
강남구,3629. 청담사거리(신한오피스텔빌딩 앞),202505,268,317
강남구,3630. 개포우성6차아파트 정문 앞,202505,360,359
양천구,4528. 양천구청역 1번출구,202505,1572,1595
중구,4796. 부산은행,202505,2250,1721
영등포구,4585. 국회6문,202505,422,414
강동구,3676. 강동리엔파크9단지,202505,691,729
강동구,3685. 강동리엔파크14단지(1401동 앞),202505,818,785
노원구,4002. 상계주공 14단지 상가 앞,202505,983,994
동대문구,610. 동대문중 교차로,202505,1306,1199
노원구,4004. 당고개입구오거리 당현천변,202505,1585,1572
노원구,4005. 중계2차 한화꿈에그린 101동 인근,202505,1134,1065
노원구,4007. 노원 을지대학교 병원,202505,2146,2474
노원구,4008. 하계 어린이 공원,202505,1021,1006
노원구,4009. 월계프라자,202505,736,296
노원구,4011. 월계 센트럴 아이파크,202505,1420,1939
노원구,4013. 중계 롯데마트,202505,2371,2222
노원구,4014. 불암산역 3번 출구,202505,940,948
노원구,4017. 월계 청백1단지 아파트 정류장,202505,517,154
노원구,4018. 상계주공15단지 버스정류소,202505,1058,1068
동대문구,612. 시립동부병원 앞 사거리,202505,2691,2772
노원구,4019. 상계주공10단지 버스정류소,202505,1527,1472
노원구,4020. 중계동 성모빌딩 앞 ,202505,1708,1706
노원구,4021. 중계본동 입구,202505,295,98
노원구,4023. 월계역 1번 출구,202505,1211,1358
노원구,4024. 꿈의숲 SK뷰 아파트,202505,2052,1924
노원구,4025. 한천교 동편,202505,229,249
노원구,4026. 상계주공1단지아파트,202505,2277,2213
노원구,4028. 한일유앤아이아파트 105동 인근,202505,1473,1298
노원구,4029. 청소년수련관 후문,202505,5421,5499
노원구,4032. 불암주유소 앞,202505,1542,1526
동대문구,613. 신설동역 10번출구 앞,202505,1919,1966
노원구,4033. 녹천역 4번 출구 옆,202505,526,593
도봉구,4054. 창동한신아파트 버스정류소,202505,671,512
도봉구,4058. 다락원체육공원 전망대 입구,202505,560,543
도봉구,4062. 평화도봉공원 주변,202505,968,1015
도봉구,4064. 신창아파트 입구 앞,202505,544,541
도봉구,4065. 창동역 1번출구 앞,202505,4960,5443
도봉구,4074. 도봉구육아종합지원센터(창동),202505,1070,1257
송파구,4863. 잠실나들목5,202505,551,561
노원구,4031. 청암예술학교 앞,202505,1861,1799
동대문구,614. 용두동 사거리,202505,2465,2494
도봉구,4073.방아골종합사회복지관,202505,683,631
성북구,4406. 장곡초등학교 앞,202505,1080,960
강동구,3657. 서울천호동우체국,202505,2845,2877
강동구,3658. 프라이어팰리스아파트,202505,622,616
강동구,3659. 명일초등학교 옆,202505,325,229
강동구,3661. 명일동신동아아파트 앞,202505,350,334
강동구,3663. 암사정수센터교차로(강동롯데캐슬퍼스트아파트),202505,587,418
강동구,3664. 맥도날드 서울둔촌DT점 앞,202505,3481,3483
강동구,3665. 고덕센트럴 아이파크상가 앞,202505,1163,1127
동대문구,615. 용두동 래미안허브리츠아파트 앞,202505,2006,2019
강동구,3668. 성내삼성아파트,202505,4080,4319
강동구,3671. 둔촌동역교차로,202505,2786,2925
강동구,3673. 강동리버스트6단지,202505,419,473
강동구,3674. 강동리버스트7단지,202505,439,484
강동구,3675. 강동리버스트8단지,202505,790,801
강동구,3656. 둔촌푸르지오아파트,202505,1756,1753
강동구,3680. 강동역3번출구,202505,4105,4124
강동구,3681. 길동 마루빌딩,202505,4328,4794
동대문구,616. 서울시립대 정문 앞 A,202505,341,173
강동구,3682. 길동 동호빌딩,202505,398,406
강동구,3683. KT&G강동지사,202505,1221,1465
강서구,3770. 남부순환로 205,202505,505,425
구로구,3908. 오류동 다숲오피스텔 앞,202505,989,1287
노원구,4016. 노원 마들스타디움,202505,777,791
송파구,4862. 성내교 남단,202505,689,590
송파구,4860. 가락쌍용2차아파트 103동,202505,904,864
양천구,4507. 신정제일시장,202505,1157,1169
동대문구,617. 청솔우성아파트 앞,202505,1012,1091
양천구,4508. 유원목동아파트 103동 앞,202505,3514,3760
양천구,4509. 서울영상고교 입구,202505,3465,3731
양천구,4510. 신정네거리역 교차로,202505,1688,1626
양천구,4512. 목동13_14단지 사거리,202505,1260,966
양천구,4514. 목동성당 앞,202505,3148,2831
양천구,4515. 동문굿모닝탑,202505,3196,3215
양천구,4517. 성보하이드로빌딩,202505,1195,1217
양천구,4518. 청기와빌딩,202505,810,917
영등포구,227. 양평1나들목 보행통로 입구,202505,2909,3275
양천구,4520. 대성유니드아파트,202505,986,1356
양천구,4522. 신곡시장,202505,1842,2510
양천구,4523. 구립양천어르신요양센터,202505,118,80
양천구,4526. 목동아파트2단지 222동 앞,202505,1602,1606
양천구,4527. 목동신시가지아파트6단지,202505,2470,2456
은평구,4657. 본 서부병원 교차로 사거리,202505,1248,1270
은평구,4658. 녹번역1번출구앞,202505,572,471
은평구,4659. 신진과학기술고등학교 버스정류장(응암시장 방면),202505,1155,1268
은평구,"4663. 불광역3,6호선 버스정류장(동명여고 방면)",202505,907,950
은평구,4665. 응암역3번 출구(서부경찰서 방면),202505,467,587
영등포구,228. 선유도역 3번출구 앞,202505,4416,4574
은평구,4667. 폭포동입구 교차로,202505,405,264
은평구,4668. 기자촌사거리 B,202505,245,62
은평구,4671. 청구성심병원 앞,202505,709,706
은평구,4672. 준빌딩 앞,202505,257,259
은평구,4674. 녹번역e편한세상 캐슬 정문 앞,202505,1157,1062
중구,4794. 서울역 서부교차로(3),202505,1562,1612
성동구,4367. kt 행당빌딩 앞,202505,1061,1147
강남구,3634. 국악고교 앞 교차로,202505,602,617
강서구,3774. 마곡9단지 910동 상가앞,202505,1623,1605
영등포구,229. 양평1 보행육교 앞,202505,2696,2751
강서구,3801. 이랜드글로벌R&D센터,202505,372,372
노원구,4027. 한내 행복발전소 옆,202505,2898,2998
노원구,4036. 하계역 6번출구,202505,2133,2303
성북구,4408. 돌곶이역 앞,202505,2602,2878
양천구,4530. 방아다리어린이공원,202505,1097,1057
중랑구,4815. 중랑데시앙플렉스 앞,202505,462,446
송파구,4864. 송파사거리,202505,3238,3243
송파구,4865. 한성백제역 1번출구 뒤,202505,3700,3694
송파구,4867. 가락대림아파트 앞,202505,1086,1051
도봉구,4077. 도봉제1교,202505,1964,2118
마포구,126. 서강대 후문 옆,202505,892,888
영등포구,231. 남부고용노동지청 남측,202505,2523,2509
영등포구,4576.보라매sk뷰 108동 앞,202505,917,917
영등포구,4578.보라매sk뷰,202505,601,533
동작구,4175. 대방역2번출구,202505,1016,1003
노원구,4035. 휴플러스 수락한신아파트 101동 앞,202505,865,726
중구,4777. 약수동 주민센터,202505,88,88
영등포구,4552. 코레일유통본사,202505,757,753
영등포구,4553. 당산삼성2차아파트,202505,2941,2641
영등포구,4555. 대림우성2차아파트,202505,587,590
영등포구,4558. 대영중고 후문,202505,1186,1314
영등포구,232. 양평우림 이비즈센타 앞,202505,3106,2986
영등포구,4559. 신길역 2번출구,202505,2011,1538
영등포구,4560. 양평동성원아파트,202505,1816,1862
영등포구,4561. 양평역 1번출구,202505,4128,4033
영등포구,4563. 여의도 은하아파트,202505,821,755
영등포구,4564. 63스퀘어,202505,2737,2815
영등포구,4565. 영등포 신세계백화점,202505,5800,5812
영등포구,4566. 대림성원상떼빌아파트,202505,1857,2059
영등포구,4567. 한림대학교 강남성심병원 신관,202505,1725,1856
영등포구,4569. 힐스테이트클래시안아파트,202505,1242,1276
영등포구,233. 양평1동 YP센터 앞,202505,1124,1114
영등포구,4571. 문래동롯데캐슬아파트,202505,4390,4251
영등포구,4573. 두산위브아파트,202505,874,765
영등포구,4574. 영등포시장역 포레나영등포,202505,4361,4349
영등포구,4575. 대림동 e편한세상영등포아델포레,202505,2482,2545
은평구,4676. 갈현1동 주민센터,202505,349,348
은평구,4677. 백련산 SK뷰 아이파크 해모로 아파트 앞,202505,1302,1411
동작구,4173. 중대후문 마을버스정류장,202505,481,458
구로구,3910. 목양전원교회 앞 로터리,202505,330,361
구로구,3911. 항동하버리안2단지아파트 후문,202505,238,276
광진구,3880. 홍련봉 공원,202505,874,602
강서구,3762. 마곡9단지 907동앞,202505,1314,1275
강서구,3785. 마곡14단지 1408동앞,202505,1732,1645
송파구,4868. 석촌호수 서호 남단,202505,3204,3206
성동구,4370. 성동교 사거리,202505,1013,927
노원구,4037. 물넘이교,202505,2863,2782
강남구,3636. 삼성중앙역·플래티넘아파트 정류소,202505,738,674
강남구,3637. 세곡데이케어센터,202505,254,225
강남구,3638. 신청담나들목,202505,582,631
영등포구,235. 신길동 우리은행 옆,202505,660,616
강동구,3688. 상일동산(동아아파트앞 교차로),202505,398,419
관악구,3812. KT관악지점,202505,1074,1085
광진구,3879. 중랑천 뚝방길 산책로 입구,202505,1619,1745
양천구,4531. 목동아파트 613동 앞,202505,3799,3766
중구,4797. KG타워 앞,202505,808,791
중랑구,4819. 면목동 새싹어린이공원 앞,202505,1520,1771
강남구,3640. 일원1동주민센터앞 사거리,202505,1325,1427
도봉구,4078. 원당공원 앞,202505,1214,1246
영등포구,236. 문래동자이아파트 앞,202505,3382,3471
관악구,3811.신사로입구,202505,1643,1604
영등포구,4588.양남사거리2,202505,971,949
서초구,4322.서울추모공원 입구,202505,57,40
강동구,3684. 고덕자이(105동 앞),202505,1609,1666
구로구,3912. 삼호아파트 앞,202505,787,750
성동구,4363. 신금호역 2번출구 앞,202505,47,46
강서구,3757. 신방화역 6번출구,202505,1840,1854
강서구,3758. 서울남부출입국관리소,202505,2082,1433
노원구,4039. 서울시 북부여성발전센터,202505,1000,990
동작구,237. 보라매 두산위브 건너편,202505,1972,2012
중랑구,4820. 망우역 2번 출구,202505,1895,1886
노원구,4040. 공릉로 26길,202505,896,924
강동구,3686. 고덕 래미안 힐스테이트(101동),202505,805,818
광진구,3881. 신자초교입구 교차로,202505,3556,3629
용산구,4603. 한강GS에클라트 건너편 교통섬,202505,876,855
강남구,3641. 대청역,202505,1050,1076
강남구,3643. 더시그넘하우스 앞,202505,735,777
강남구,3644. 상록수아파트,202505,619,295
영등포구,238. 제2구민체육센타 앞,202505,2786,2765
강남구,4902. 구역삼세무서 교차로,202505,833,833
강서구,5052. 마곡역 7번출구,202505,5386,5661
관악구,3813. 낙성대역 5번출구,202505,449,428
관악구,3814. 난곡사거리 ,202505,1266,1249
마포구,4216. 망원정 앞,202505,955,960
서초구,4323. 내곡도서관,202505,225,255
송파구,4870. 몽촌토성역 3번 출구,202505,6585,6559
송파구,4871. 오금동 대림아파트 정문,202505,808,708
송파구,4872. 개롱역 3번 출구 뒤,202505,1323,1334
양천구,4532. 목동현대아파트 후문 앞,202505,1734,1734
영등포구,239. 유스호스텔 앞,202505,1498,1438
용산구,4632. 용산 푸르지오 파크타운 1단지 앞,202505,469,274
강남구,3646. 선정릉역 4번 출구,202505,421,370
강서구,5053. 신마곡벽산블루밍메트로오피스텔앞,202505,1841,2001
강서구,5055. 마곡역5번출구앞,202505,1969,1954
강서구,5057. 마곡역4번출구,202505,2031,2063
강서구,5059. 화곡2동주민센터,202505,1095,1381
강서구,5061. 우장산동 가곡어린이공원앞,202505,4224,4348
영등포구,240. 문래역 4번출구 앞,202505,4169,4002
광진구,3882. 자양2동 주민센터,202505,2276,2303
구로구,3914. 신도림쌍용플래티넘노블아파트 앞,202505,1995,2009
금천구,3967. 혜명양로원 담장 옆(2),202505,419,263
금천구,3968. 독산동 현대홈타운 금천과선교 앞,202505,559,576
금천구,3969. 독산역 롯데캐슬 104동 앞,202505,622,526
노원구,4041. 공릉역3번출구,202505,2465,2830
서대문구,4255. 래미안 루센티아 아파트 108동 앞,202505,1250,979
성북구,4411. 동산어린이공원 앞,202505,1150,1137
영등포구,4589. KRX한국거래소(1),202505,1227,1222
마포구,127. 현대벤처빌 앞,202505,208,185
영등포구,241. 신길우성1차아파트 앞 공원,202505,1093,1054
영등포구,4591. 신길자이아파트,202505,876,164
영등포구,4592. 신길우성4차아파트,202505,1653,1898
중구,4798. 황학동롯데캐슬,202505,2331,2305
중랑구,4826. 홈플러스 면목점,202505,1079,1170
마포구,4217. 한강공원 망원나들목,202505,15740,16441
중랑구,4825. 신내동 벽산아파트 후문 앞,202505,1083,921
강남구,3642. 강남자곡힐스테이트,202505,992,294
강동구,3689. 강일역 3번출구,202505,784,648
강동구,3690. 강일역 4번출구,202505,579,439
영등포구,242. 신길선원가와인아파트 앞,202505,1219,602
금천구,3970. 시흥4동주민센터 앞,202505,246,248
금천구,3971. 순흥안씨묘 건너편,202505,75,50
금천구,3972. 산기슭공원 앞,202505,160,111
금천구,3973. 독산2동주민센터 앞,202505,246,142
노원구,4042. 상계문화정보도서관,202505,1035,1037
송파구,4873. 개롱역사거리 2번 출구,202505,1437,1438
송파구,4874. 탄천1교 하부보도,202505,823,857
송파구,4875. 위례포레샤인13단지,202505,495,491
영등포구,243. 이앤씨드림타워 앞,202505,3766,3822
영등포구,4594. 양평교 영등포대여소,202505,2370,2466
중랑구,4823. 방정환교육지원센터 옆,202505,1234,1251
중랑구,4824. 상봉신협 앞,202505,1719,1704
종로구,4715. 돈의문 박물관 마을,202505,483,463
용산구,4633. 센트럴파크타워 앞,202505,2166,2235
강남구,3647. 구룡역 1번 출구,202505,459,428
강남구,3648. 구룡역 4번 출구,202505,109,108
강남구,3649. 구룡역 5번 출구,202505,375,381
강동구,3692. 둔촌오륜역 1번 출구,202505,2775,2672
영등포구,244. 영등포삼환아파트 앞,202505,2125,1918
금천구,3974.  안천중학교,202505,344,355
금천구,3983. 금천구청역 1번 출구,202505,1069,1227
서초구,4324. 세화고등학교,202505,323,324
성북구,4414. 안암역 3번 출구,202505,840,778
송파구,4879. 마천청소년센터,202505,169,170
송파구,4881. 거여동사거리 송파둘레길 입구,202505,237,235
송파구,4882. 위례포레샤인18단지 1802동,202505,328,313
송파구,4883. 위례포레샤인18단지 1812동,202505,241,44
영등포구,245. 삼성생명 당산사옥 앞,202505,3273,3251
송파구,4888. 둔촌오륜역 2번출구,202505,670,612
송파구,4889. 마천역 1번 출구 인근②,202505,797,723
중랑구,4827. 신내SK V1센터 앞,202505,336,259
강서구,5064. 양천향교역8번출구,202505,2587,2577
강서구,5065. 허준박물관삼거리,202505,2021,2029
강서구,5066. 아망떼마곡전시장,202505,1982,2310
강서구,5067. 주원 리젠트 앞,202505,801,792
강서구,5072. 김포공항입구 교통섬,202505,618,569
관악구,3815. 광일빌딩,202505,848,913
구로구,3915. 동선아파트 앞,202505,235,230
영등포구,247. 당산역 10번출구 앞,202505,5668,5706
중랑구,4828. 신내동 한살림 중랑지구 앞,202505,1089,1176
중랑구,4829. 신내동 한살림 중랑지구 건너편,202505,375,356
노원구,4043. 상계주공13단지 1301동,202505,402,276
노원구,4044. 공릉산 백세문 입구,202505,136,107
은평구,4678. 백련산로 녹번센트레빌 ,202505,577,450
송파구,4880. 송파청소년센터,202505,1063,1042
영등포구,4598. 오목교 동측 지하보도,202505,2110,2108
영등포구,4599. 대림우성아파트 사거리,202505,518,514
영등포구,248. 초원아파트 앞,202505,1486,1516
양천구,4535. 목동12단지 아파트,202505,2849,2794
양천구,4536. 양천해누리체육공원,202505,1358,1707
서초구,4329. SC제일은행 양재동지점 앞,202505,771,571
금천구,3985. 디폴리스 지식산업센터,202505,1081,1161
강서구,5070. 마곡13단지힐스테이트마스터 후문(1320동 앞),202505,3626,3620
강동구,3694. 강동리엔파크 13단지(1303동 앞),202505,897,883
도봉구,4080. 창동주공19단지앞 ,202505,1473,1471
중랑구,4834. 용마복지센터 앞,202505,526,252
영등포구,249. 여의도중학교 옆,202505,1997,2119
성북구,4415. 미아초교버스승강장,202505,81,81
노원구,4045. 은하수 공원,202505,780,901
송파구,4893. 문정법조단지12,202505,2704,3084
마포구,4218. 디지털매직스페이스,202505,2181,2259
마포구,4220. 신촌 청년주택,202505,1739,1766
마포구,4221. 솔리스타오피스텔(공덕동주민센터),202505,455,126
마포구,4224. 서부운전면허시험장,202505,1154,1166
마포구,4226. 마포프레스티지자이 1,202505,802,767
마포구,4233. 코오롱아파트사거리,202505,4152,4286
영등포구,250. 대림아파트 사거리,202505,762,726
마포구,4234. 에스테반,202505,419,225
마포구,4238. 상암한샘빌딩앞,202505,1611,1511
마포구,4240. 아현문화건강센터,202505,157,22
송파구,4884. H비즈니스파크,202505,2003,2205
송파구,4885. 가든파이브 리빙관,202505,497,492
송파구,4886. 배명고등학교 건너편,202505,1115,1158
송파구,4887. 호돌이상가,202505,874,858
송파구,4895. 송파레이크힐 상가,202505,1230,1240
송파구,4896. 송파레이크힐,202505,151,141
영등포구,251. 서울지방병무청 버스정류장,202505,839,735
송파구,4897. 잠실주공5단지1,202505,3381,3315
강서구,5073. 우장산역 헤링턴타워 앞,202505,1464,1318
강서구,"5074. 마곡엠밸리14단지 버스정류장(마곡엠밸리11,12단지상가방면)",202505,3243,3248
강서구,5075. 등촌역 1번출구,202505,1431,1386
관악구,3816. 관악 GSfresh,202505,708,659
관악구,3818. 은천교회 앞,202505,1123,1093
구로구,3918. 이좋은집오피스텔 앞,202505,801,1074
금천구,3984. 가산롯데아이티캐슬,202505,1276,1389
서대문구,128. 신촌역(2호선) 1번출구 옆,202505,1062,1062
영등포구,252. 보라매역4번출구,202505,1654,1870
성동구,4373. 서울숲 지식산업센터,202505,2533,2650
성동구,4377. 우영테크노센터 앞,202505,2397,2585
송파구,4891. 위례포레나송파,202505,812,742
송파구,4892. 성내유수지 체육공원,202505,394,358
중랑구,4835. 망우동 본죽 앞,202505,858,846
마포구,4222. 서울디자인고등학교 앞,202505,1666,1972
서초구,4327. 몽마르뜨공원입구,202505,276,66
영등포구,4600. 서울 영등포구 우체국,202505,1881,1876
광진구,3886.광진구 민방위교육센터,202505,1705,1625
구로구,3919. 구로역·NC신구로점 버스정류장(구로역 방면),202505,1681,1687
노원구,5301. 상계주공1단지 버스정류장 옆(대원빌딩 앞),202505,2599,2579
마포구,4244. 당인리발전소 공원 앞,202505,1974,2050
마포구,4246. 상수역새마을금고,202505,796,794
영등포구,254. 도림신협 앞,202505,1730,1840
마포구,4247. 서울서부지방법원등기국앞,202505,493,497
마포구,4248. 신촌 교보빌딩,202505,360,340
중랑구,4836. 양원역 1번 출구,202505,653,652
중랑구,4837. 양원지구 힐데스하임 앞,202505,674,549
중랑구,4838.동원사거리 행복오피스텔 앞,202505,710,469
도봉구,4083.도봉아이나라도서관 앞,202505,1480,1516
서대문구,4266.국민연금공단충정로사옥,202505,350,334
은평구,4681.박석고개(은평소방서) 앞,202505,165,145
금천구,3975.현대시티아울렛 가산,202505,1535,1560
영등포구,255. 도림사거리,202505,1435,1430
영등포구,4601.양평역2번출구 뒤,202505,1356,1201
강서구,5076. 메이필드호텔앞,202505,967,970
금천구,3980. 금천현대홈타운 후문 서부샛길,202505,772,752
서대문구,4264. 홍남교 버스정류장,202505,684,683
중랑구,4840. 서울시 북부병원 앞,202505,679,701
중랑구,4830. 신내 우디안 111동 앞,202505,417,287
구로구,3917. 성공회대학교,202505,710,372
성북구,4419. 성북구 한예종 캠퍼스 본관,202505,745,683
성북구,4420. 성북구 한예종 캠퍼스 별관,202505,811,909
영등포구,256. 동아에코빌입구,202505,1216,1191
영등포구,5851. 도림천 건널목 위,202505,1792,1617
영등포구,5852. 대림동현대2차 201동 앞,202505,291,213
성동구,4381. 더스페이스타워 앞,202505,1645,1728
성동구,4382. 페코텍글로벌허브빌딩 앞,202505,2771,2971
성동구,4383. 푸조비즈타워 앞,202505,2045,2712
성북구,4417. 성북청소년문화의집,202505,198,53
성북구,4418. 종암동 동덕여대 제2생활관 앞,202505,1654,1687
양천구,4537. 서울남부지방검찰청 후문 ,202505,1750,1515
양천구,4538. 양천공영차고지,202505,247,254
강남구,3651. 개포동역 4번출구,202505,1639,1648
도봉구,4084. 도봉동실내스포츠센터,202505,764,644
서대문구,4267. 서대문역 2번 출구,202505,1217,1231
중구,4800. 필동 삼거리,202505,841,844
중구,4801. 충정로역 2호선(엘리베이터 앞),202505,645,133
용산구,4621. 남산도서관 앞,202505,624,127
구로구,3920. 개봉역2번출구 B,202505,511,507
용산구,4634. 이태원역 3번 출구,202505,651,553
은평구,4683. 은평 성모병원 사거리,202505,565,550
양천구,4539. 목동7단지아파트 A상가,202505,1075,892
영등포구,258. 신길역3번출구,202505,1873,1908
영등포구,5853. 여의도역2번출구 앞,202505,2087,2073
서대문구,4269. 연희IC 남측,202505,878,854
노원구,5305. 대륜E&S 서울지사 앞,202505,843,948
동작구,4177. 롯데캐슬 101동 앞,202505,242,166
동작구,4178. 이수성결교회 옆,202505,140,140
강남구,4903. 신사스퀘어,202505,425,347
구로구,3922. 서울남부교정시설 앞,202505,510,551
강서구,5078. 왈도강서캠퍼스 앞,202505,1249,1281
송파구,5751. 송파여성축구장,202505,730,688
영등포구,259. 대방역6번출구,202505,3256,3334
송파구,5752. 풍납백제문화공원 옆 인근,202505,2991,3086
송파구,5753. 호반써밋,202505,888,841
종로구,4718. 광화문역 6번출구 옆 A,202505,1027,970
은평구,4684. 응암2동주민센터 버스정류장(영락중학교 방면),202505,448,101
강남구,4906. 섬유센터 앞,202505,1839,1844
강남구,4907. 극동스포츠 앞,202505,753,564
강남구,4905. 강남경찰서,202505,1777,1766
양천구,700. KB국민은행 염창역 지점 앞,202505,1574,1416
용산구,4636. 용산구꿈나무종합타운 앞,202505,969,1065
용산구,4637. 용산시티파크 101동 앞,202505,587,573
용산구,4638. 청파동삼거리 앞,202505,791,900
용산구,4639. 동빙고근린공원,202505,1009,1115
강서구,5080. 가양역 1번출구,202505,3879,4141
강동구,3698. 명일역 3번출구 옆,202505,1852,1879
서초구,4332. 이수교차로,202505,2330,2558
강동구,3699. 상일파출소 옆,202505,1437,1477
구로구,3923. 구로공구상가 앞,202505,296,282
양천구,4541. 갈산문화예술센터,202505,2175,2219
양천구,701. 목동사거리 부근,202505,2026,2017
종로구,4719. 종로문화원 건너편,202505,1266,1264
도봉구,4086. 도봉로 534,202505,543,391
도봉구,4087. 우이교 교차로,202505,2141,2199
도봉구,4088. 김근태도서관,202505,313,220
강서구,5082. 가양역 7번출구,202505,5305,6140
은평구,4685. DMC역 5번 출구(수색역 방향),202505,1992,1961
강남구,4908. SB타워 앞,202505,403,415
노원구,5308. 상계신동아아파트,202505,302,139
강동구,3700. 강변그대가리버뷰 입구 맞은편,202505,2103,2444
성동구,4385. 용답동 우체국 주변,202505,1904,1912
마포구,129. 신촌역(2호선) 6번출구 옆,202505,692,696
양천구,702. 목4동주민센터 옆,202505,2500,2453
강서구,5084. 강서우체국,202505,1791,1538
노원구,5309. 월계 롯데캐슬아파트 뒤,202505,1369,1436
영등포구,5857. U레지던스 앞,202505,961,975
구로구,3924. 오류동 계림웨스트밸리 앞,202505,237,230
양천구,4540. 목동역 3번 출구,202505,3641,4111
동작구,4179. 보라매병원역 1번출구,202505,4726,5176
동작구,4180. 흑석동주민센터 입구,202505,276,301
서대문구,4271. 충정로역 1번 출구,202505,200,127
강남구,4909. 노보텔 앰배서더 앞,202505,486,174
강남구,4911. 도곡동 골프 로데오거리,202505,404,408
양천구,703. 오목교역 7번출구 앞,202505,3269,3622
노원구,5310. 목련아파트,202505,933,872
강남구,4913. 레베쌍트 빌딩 앞,202505,278,278
강남구,4914. 도심공항타워 앞,202505,1222,1242
서대문구,4272. 홍남교 사거리,202505,1442,1499
서대문구,4273. 홍연2교 사거리,202505,812,819
강남구,4915. 영동중앙교회 버스정류장,202505,318,316
노원구,5311. 주공601동 상가 노원지하보도 앞,202505,2688,2693
동작구,4181. 보라매공원역 2번출구,202505,1572,1592
강서구,5086. 가양테크노타운,202505,2036,2390
도봉구,4089. 동부센트레빌 앞,202505,1559,1774
양천구,704. 남부법원검찰청 교차로,202505,2748,2715
성동구,4386. 현대자동차 동부서비스센터 주변,202505,1410,1318
성동구,4387. 성수역 1번출구 주변,202505,2056,2085
노원구,5314. 월계1동주민센터 앞,202505,1031,1067
노원구,5313. 중계주공2단지 앞,202505,1012,1005
구로구,3925. 중앙유통단지 앞 B,202505,977,1004
강서구,5088. 등촌역 센터스퀘어,202505,1413,1335
은평구,4686. 우물골 근린공원,202505,540,532
은평구,4687. 역촌센트레빌아파트 101동 앞,202505,523,173
강서구,5089. LG사이언스파크 E10동,202505,1711,1799
강서구,5087. 연세강서빌딩,202505,2498,2398
양천구,706. 신정네거리역,202505,1346,1232
마포구,5503. 마포아트센터 앞,202505,1320,1294
송파구,5756. 극동아파트,202505,1190,1187
송파구,5758. 올림픽선수기자촌아파트 123동 근처,202505,791,580
노원구,5315. 불암산역 앞,202505,345,327
용산구,4640. 원효로2가 교차로,202505,838,1094
강서구,5090. 대상연구소,202505,1048,1165
용산구,4641. 아메리칸센터,202505,390,382
서대문구,4270. 우국한마음 아파트 맞은편,202505,1555,1570
서대문구,4274. 신촌 파랑고래 입구,202505,925,922
송파구,5759. 풍납근린공원,202505,1054,1066
영등포구,5858. 영등포역5번출구,202505,5407,5978
관악구,3819. 서울대벤처타운역,202505,2327,2415
서초구,4333. 서울고등학교 건너편,202505,363,354
강서구,5091. 보타닉파크타워2,202505,1667,1684
강동구,4951. 강동농협 버스정류소 앞(광채빌라),202505,839,846
송파구,5760. 풍납사거리 성내유수지,202505,1172,1152
노원구,5318. 극동의 푸른별 아파트 뒤(중계4동주민센터 앞),202505,913,880
양천구,708. 서울출입국관리사무소 앞,202505,4447,4538
송파구,5763. 세륜초등학교 건너편,202505,346,262
송파구,5764. 한국체육대학교,202505,874,860
강북구,3720. 우이천 창번교,202505,709,748
송파구,5761. 버섯분수대,202505,1285,1278
강동구,3701. 방아삼거리,202505,279,277
동대문구,4128.  종암초등학교 뒤(새울센스빌),202505,658,595
서초구,4334. 인재개발원 데이터센터,202505,91,26
성북구,4421. 롯데캐슬클라시아 입구 앞,202505,189,177
용산구,4642. 용산더프라임아파트 101동 앞,202505,452,452
양천구,709. 신정3동 현장민원실 앞,202505,855,755
영등포구,5859. 여의도 삼부아파트,202505,2280,2270
중구,6053. 중부세무서 앞,202505,208,193
송파구,5765. 삼전동주민센터 건너편,202505,2498,2896
양천구,4543. 오목교역 6번 출구,202505,4226,4655
강남구,4916. 청담역 1번출구,202505,216,186
동대문구,4131. 베네스트 오피스텔 앞,202505,1335,1327
관악구,3820. 은천삼거리,202505,420,337
노원구,5317. 공릉동 신도1차 아파트 뒤,202505,1450,1639
중랑구,4841. 중화수경공원,202505,1217,1411
은평구,4689. 은평서해그랑블아파트앞,202505,776,613
양천구,710. 금옥여고보도육교,202505,787,786
영등포구,5861. 보라주유소 앞,202505,812,805
영등포구,5860. 어울림병원 앞,202505,1292,1424
도봉구,4091. 방학역2번출구,202505,1469,1584
동대문구,4132. 이문삼익아파트 앞,202505,288,245
노원구,5319. 연해피빌 앞,202505,1517,1586
도봉구,4090. 녹천교 앞 사거리,202505,1584,1512
도봉구,4092. 도봉경찰서 교차로,202505,1758,1853
강남구,4919. 학여울역사거리(은마아파트),202505,234,235
강남구,4917. 일원에코파크 주차장,202505,1239,1322
양천구,711. 신일해피트리아파트 앞,202505,1361,384
서초구,4336. 서울교육청 교육연수원 앞,202505,157,38
서초구,4337. 우면산등산로 입구,202505,128,11
구로구,3927. 구로월드아파트 앞,202505,1827,1977
강북구,3724. 삼양동주민센터 앞,202505,406,326
강남구,4918. 매봉역 1번출구,202505,731,810
영등포구,5862. 당산역11번출구,202505,4343,4413
광진구,3890. 웰츠타워 오피스텔,202505,2577,2616
구로구,3930. 온수역 2번 출구 앞,202505,729,737
양천구,712. 강월초교입구 사거리,202505,767,1186
송파구,5766. 북위례1,202505,459,243
송파구,5767. 북위례2,202505,308,282
노원구,5320. 국제 스케이트장,202505,150,74
강북구,3725. 강북 청소년 문화정보도서관 앞,202505,406,447
구로구,3929. 고척아이파크아파트 205동 앞,202505,1493,1360
구로구,3928.고척아이파크아파트 106동 앞,202505,1428,1418
금천구,3986.청년주택 독산동점,202505,732,710
도봉구,4094.도봉여성센터,202505,430,438
동대문구,4133.래미안허브리츠아파트 앞,202505,1050,1059
마포구,130. 신촌역(2호선) 7번출구 앞,202505,2162,2144
양천구,713. 양서중학교 옆,202505,824,786
영등포구,5864.장훈고 앞,202505,819,969
은평구,4690.은평뉴타운폭포동 힐스테이트4단지,202505,136,80
서대문구,4275.농협생명본사빌딩 서관,202505,548,552
성북구,4423.현대백화점 미아점,202505,762,762
영등포구,5865.더리브오피스텔 앞,202505,2298,2004
성동구,4389. 서울숲역3번출구,202505,573,579
동대문구,4134. 제기동 현대아파트 앞,202505,490,508
강남구,4923.수협대치동지점,202505,833,801
강남구,4924.논현동가구거리,202505,356,298
강동구,4952.천호시장 버스정류소 옆,202505,1404,1416
양천구,714. 한국SGI 양천문화회관 앞,202505,844,718
중구,6054.청구e편한세상아파트 113동 앞,202505,1415,1473
노원구,5321.불암아파트 앞,202505,862,860
영등포구,5866.포레나 당산,202505,3593,3538
마포구,5504.아현교회,202505,229,57
송파구,5768.방이삼거리,202505,6133,6451
양천구,4544.경창시장,202505,891,1414
서초구,4338.새정이마을버스정류장 앞,202505,37,30
노원구,5322.노원성당 앞,202505,604,649
금천구,3987. LG전자가산A와 가산테라타워 사이,202505,1065,1057
용산구,800. 목월공원 앞,202505,1408,1386
서초구,4340. 방배래미안아트힐아파트 앞,202505,350,70
서초구,4341. 영동1교 북단,202505,1068,1151
구로구,3932. 개봉센트레빌레우스아파트 앞,202505,367,303
구로구,3931. 천왕역 3번 출구 뒤,202505,904,686
양천구,4545. 청소년음악센터,202505,986,971
구로구,3934. 철도교통관제센터 정문 앞,202505,1558,1601
강서구,5095. 원당근린공원,202505,3116,3154
양천구,4546. 목동운동장 주경기장,202505,500,494
성동구,4390. 신답역 1번출구,202505,452,447
송파구,5774. 가락본동주민센터 인근,202505,1532,1536
송파구,5773. 송파시그니처롯데캐슬,202505,416,449
중랑구,4842. 면목라온프라이빗 아파트,202505,1237,1393
강북구,3726.삼양동사거리,202505,650,627
영등포구,5867. H타워 앞,202505,3358,3056
금천구,3988. 엘아르베뉴 102동 앞,202505,983,1000
구로구,3933. 오류동부골든아파트 후문 옆,202505,592,95
영등포구,5868. 로프트시티오피스텔,202505,2480,2488
영등포구,5870. LG트윈타워 앞,202505,4613,4627
용산구,802. 한강진역 2번 출구 앞,202505,395,209
강남구,4926. 대치우성아파트 사거리,202505,1343,1343
영등포구,5869. 영등포아트홀 앞,202505,1098,1109
송파구,5775. 가락시장역 5번출구,202505,1025,1036
강남구,4925. 청담백영빌딩 앞,202505,274,284
마포구,5506. 월드컵참누리아파트,202505,961,994
강남구,4928. 교수마을 입구,202505,378,363
송파구,5777. 호반써밋12단지,202505,702,602
강동구,4953. 세양청마루아파트 앞,202505,1633,1638
용산구,4643. 한가람아파트 앞,202505,1128,1156
영등포구,5871. 건영상가 앞,202505,586,574
강서구,5096. LG사이언스파크 E14동,202505,3400,4369
구로구,3935. 고대구로병원 앞,202505,1353,1343
중랑구,4843. 봉화산역 4번 출구,202505,1204,1452
강남구,4929. 파스쿠찌 청담사거리점 앞,202505,610,651
중구,6055. 한국경제,202505,437,428
노원구,5323. 하계역 4번출구 앞,202505,1521,1501
서초구,4343. 헌인릉 입구,202505,33,22
동대문구,4135. 삼성생명 앞,202505,2597,2613
강서구,5097. LG사이언스파크 E2동,202505,1176,1176
용산구,805. 문배어린이공원 앞,202505,1109,1143
강서구,5099. LG사이언스파크 E7동,202505,1598,1674
강서구,5098. LG사이언스파크 W4동,202505,959,961
노원구,5326. 대진고교앞 교차로,202505,1447,1436
강서구,5100. 강서도로사업소,202505,350,379
성북구,4425. 하늘채코오롱아파트 앞,202505,1438,1481
성동구,4393. 상원삼거리 장안철교 아래,202505,1495,1518
노원구,5325.상계주공7단지 아파트 앞,202505,1127,935
성동구,4392. 답십리역 6번출구,202505,1547,1707
강남구,4930. 학여울역 1번출구,202505,524,327
도봉구,4095. 방학브라운스톤아파트,202505,828,884
용산구,806. 전자랜드 본관 앞,202505,997,958
노원구,5327. 태릉선수촌 앞,202505,51,26
마포구,5507. 아현래미안푸르지오아파트 104동 앞,202505,240,80
마포구,5508. 성산유수지공원,202505,1390,1417
송파구,5778. 북위례3,202505,479,272
노원구,5328.롯데캐슬시그니처아파트 앞,202505,988,843
중랑구,4845. 신내역금강펜테리움센트럴파크,202505,214,176
강서구,6171. 월드빌딩 앞,202505,1505,1374
성동구,4394.서울시립24시간게스트하우스,202505,677,833
노원구,5329. 상계주공15단지 1509동 앞,202505,1019,1072
은평구,4693. 수색감리교회,202505,2112,2201
용산구,807. 서울역 12번 출구 앞,202505,1095,1111
노원구,5330. 구립수락노인종합복지관,202505,785,830
강서구,6172. 가양5단지아파트,202505,502,432
노원구,5331. 공릉동 풍림아파트 112동 앞,202505,292,305
영등포구,5872. 서경팰리스 앞,202505,905,928
강서구,6173. 서울자동차운전전문학원,202505,253,247
송파구,5779. 나래교,202505,342,314
동대문구,4136. 롯데캐슬SKY-L65 D동 앞,202505,2164,2286
노원구,5332. 마들역 4번출구,202505,1218,1231
노원구,5333. 노원역9번-10번 출구 앞,202505,2833,2949
노원구,5335. 하계역 1번 출구,202505,957,916
용산구,808. 서빙고동 금호맨션 앞,202505,483,495
노원구,5334. 화랑대역 3번출구,202505,340,347
중구,6057. 을지로5가(방산시장),202505,683,628
노원구,5336. 월계 고등학교 앞,202505,413,289
노원구,5337. 태강릉 앞,202505,97,107
강남구,4932. 개포래미안포레스트 130동 맞은편,202505,325,315
송파구,5780. 송파세무서,202505,416,418
강남구,4933. 디에이치퍼스티어아이파크 159동 앞,202505,238,218
중구,6058. 서울도시건축전시관 옆,202505,2382,2298
서초구,4344. 양재대로(구룡지하차도 앞),202505,308,264
노원구,5339. 은빛1단지 아파트 앞,202505,189,174
서대문구,131. 증산2교,202505,2344,2699
용산구,809. 한남 유수지 복개주차장,202505,845,841
송파구,5781. 올림픽공원 수영장,202505,4103,4385
노원구,5338. 상계초교 입구 교차로,202505,1310,1359
강남구,4935. 도곡삼성래미안,202505,504,514
구로구,3936. 힐스테이트 신도림역,202505,2166,2026
양천구,4547. 목동역 2번 출구,202505,3481,3472
중구,6059. 덕수중학교,202505,670,587
구로구,3937. 개봉역 신영지웰에스테이트,202505,128,106
강남구,4931. 디에이치퍼스티어아이파크 124동 앞,202505,797,674
광진구,3894. 노룬산시장 앞,202505,1788,1778
용산구,810. 이태원지하보도,202505,734,729
서초구,4345. 반포역 4번출구,202505,647,675
구로구,3939.신도림역 3번출구,202505,4349,4959
강동구,4954. 신명초등학교 건너편,202505,519,376
영등포구,5876. 에이스하이테크시티 4동 앞,202505,851,879
영등포구,5877. 문래동 꽃밭정원,202505,1052,967
영등포구,5878. 우리은행 앞,202505,2711,2794
동대문구,4137. 답십리역 4번출구,202505,3084,3546
동대문구,4138. 조일빌딩 앞,202505,975,1006
영등포구,5879. 국회도서관 2문 앞,202505,239,211
영등포구,5880. 국회박물관,202505,147,117
용산구,811. 녹사평역1번출구,202505,859,265
성동구,4396. 마장축산물시장 서문 인근,202505,496,538
성동구,4397. 마장축산물시장 북문 건너편,202505,1290,1380
영등포구,5881. 세계청소년NGO교육문화원,202505,2040,1993
영등포구,5882. 휴젠느,202505,3306,3249
강서구,6177. 마곡롯데캐슬르웨스트,202505,2586,2576
성동구,4398. 유원지식산업센터 앞,202505,1662,1657
성동구,4399. 더리브 세종타워 앞,202505,2049,2063
강서구,6176. 유광사 여성병원 앞,202505,876,826
동대문구,4139. 답십리 사거리,202505,1089,1243
강동구,4957. 신명초교 교차로,202505,1422,1184
영등포구,5883. 영문초사거리,202505,2752,2799
영등포구,5884. GS강서타워,202505,2204,2246
서초구,4347. 논현지하보도,202505,1110,1071
동대문구,4140. 신설동역 4번출구,202505,1488,1488
동대문구,4141. 우리은행장안지점 앞,202505,2022,2118
강동구,4958. 고덕래미안힐스테이트 아파트 211동,202505,456,246
강동구,4959. 암사역사공원역 3번출구,202505,520,568
강서구,6178. 마스터밸류에이스 지식산업센터,202505,916,916
노원구,5342. 상계공원 입구,202505,795,1011
광진구,3898. 올림픽대교 북단,202505,668,681
용산구,813. 삼각지역 3번출구,202505,954,1019
광진구,3899. 아차산역 2번출구,202505,1309,1284
영등포구,5885. 신정교하부(도림천역 방면),202505,1416,1117
중구,6060. 신한은행 본점,202505,1263,1256
송파구,5782. 오금현대 아파트 상가입구 앞,202505,853,844
성북구,4427. 동일하이빌뉴시티,202505,899,871
중랑구,4846. 상봉동양엔파트 앞,202505,922,932
중랑구,4847. 신내역시티프라디움 앞,202505,786,752
서대문구,4277. 서대문우체국 정류소 옆,202505,299,293
강남구,4936. SK텔레콤(T1) 인근,202505,255,114
서대문구,4278. 홍은2동주민센터,202505,420,416
용산구,815. LIG강촌아파트 103동앞,202505,1427,1514
서초구,4348. 사당역 1번출구,202505,114,259
광진구,3900. 건국대학교 신공학관,202505,1381,1600
강동구,4956. 암사역사공원역 1번출구,202505,996,1448
동대문구,4142. 현대썬앤빌 앞,202505,2502,2882
종로구,4721. 통인시장 정자,202505,1328,1479
마포구,5513. 마포음식문화거리,202505,1487,1646
동대문구,4143.서울동물복지지원센터 동대문,202505,1223,1303
노원구,5341.공릉동효성아파트 앞,202505,1056,922
강동구,4960.고덕비즈밸리 지식산업센터 A,202505,1996,2110
영등포구,5886.신풍역 2번출구,202505,1438,1453
종로구,385. 종각역 5번출구,202505,1587,1614
서초구,4346.장학재단빌딩 앞,202505,463,171
서초구,4349.삼성화재서초타워,202505,1060,1054
동대문구,4145.청량리동 주민센터,202505,1202,1206
동대문구,4144.시립대학교 박물관 앞,202505,310,235
강남구,4937.개포래미안포레스트 126동 앞,202505,295,239
강서구,6180.양천향교역 3번출구,202505,555,512
강동구,4962.고덕비즈밸리 디엠스퀘어 앞,202505,916,976
광진구,5151.진넥스베르디엠 앞,202505,965,1143
도봉구,4096.창동역2번출구 하나은행365 앞,202505,1326,1604
송파구,5152.이스트폴 105동 방면 입구,202505,245,223
강서구,6182.오스템임플란트비전타워,202505,241,245
강서구,6183.K스퀘어 마곡,202505,405,385
강동구,4964.암사역사공원역 1번출구 A,202505,332,356
강동구,4965.고덕비즈밸리 쿠쿠강동빌딩,202505,386,388
중구,387. 훈련원공원주차장 앞,202505,1010,899
마포구,181. 망원초록길 입구,202505,1491,1457
마포구,182. 망원2빗물펌프장 앞,202505,1591,1513
마포구,183. 하늘채코오롱아파트 건너편,202505,2880,2635
마포구,184. 7번가피자 서교망원점,202505,2910,3140
마포구,185. 마포 신수공원 앞,202505,1204,1073
마포구,186. 월드컵공원,202505,4531,4634
서대문구,177. 북가좌 초등학교,202505,721,774
서대문구,188. 홍은동 정원여중 입구,202505,868,873
서대문구,191. 서우빌딩,202505,1021,1289
서대문구,192. 연서어린이공원,202505,470,468
서대문구,178. 증산3교 앞,202505,1478,1485
서대문구,133. 해담는다리,202505,1999,2200
서대문구,194. 증산교 앞,202505,2255,2360
서대문구,195. 모래내고가차도 ,202505,830,783
서대문구,196. 연희교차로 인근,202505,515,482
서대문구,198. 충정2교,202505,432,377
성동구,556. 달맞이공원,202505,213,211
성동구,557. 도선동 주민센터 앞,202505,1565,1625
성동구,558. 성동광진 교육지원청 앞,202505,1686,1634
서대문구,134. 연세로 명물길,202505,627,626
성동구,559. 왕십리역 4번 출구 건너편,202505,2414,2421
성동구,560. 비전교회 앞,202505,2777,2787
성동구,561. 서울숲역 2번출구 앞,202505,2024,2021
성동구,563. 성동세무서 건너편,202505,1922,2205
성동구,564. 금호역 3번출구,202505,199,138
성동구,565. 옥수역 3번출구,202505,5666,5902
성동구,568. 청계8가 사거리 B,202505,2731,2771
서대문구,135. 명물길 원형무대 앞,202505,532,526
성동구,569. 응봉현대아파트 정류소,202505,349,295
성동구,578. 성동세무서 부근,202505,2084,2100
성동구,579. 마장역 4번출구,202505,1268,1267
성동구,582. 경일중학교 앞,202505,1976,1973
성동구,583. 청계천 생태교실 앞,202505,7249,7621
광진구,551. 구의삼성쉐르빌 앞,202505,2321,2369
광진구,552. 대림아크로리버 앞,202505,1101,1192
광진구,553. 중곡 성원아파트 앞,202505,1414,1542
광진구,555. 구의3동주민센터,202505,597,625
광진구,571. 세종대학교 대양AI센터,202505,2079,2063
광진구,573. 구의문주차장 앞,202505,2680,2611
광진구,574. 아차산역4번출구,202505,2757,1736
광진구,575. 대원중고교 입구(대하빌딩),202505,637,511
광진구,576. 광나루역 3번 출구,202505,2340,2439
광진구,577. 광진청소년수련관,202505,2051,2086
동대문구,621. 전농초등학교 건너편,202505,581,446
서대문구,137. 신촌기차역입구 교차로,202505,544,409
동대문구,622. 전농사거리 교통섬,202505,1477,1585
동대문구,623. 서울시립대 정문 앞 B,202505,1749,1089
동대문구,624. 전농동 동아아파트 앞,202505,1634,1772
동대문구,626. 군자교 서측 녹지대,202505,2179,2208
동대문구,627. 장안동삼거리 교통섬,202505,1516,1475
동대문구,628. 휘봉고등학교 앞,202505,895,916
동대문구,630. 동대문구 보건소,202505,2349,2464
동대문구,631. 답십리역 1번출구,202505,3386,3792
마포구,102. 망원역 1번출구 앞,202505,3859,4014
서대문구,138. 신촌동 제1공영주차장 앞,202505,645,632
동대문구,633. 청량리 기업은행 앞,202505,2468,2622
동대문구,634. 외국어대 정문 앞,202505,2437,2465
동대문구,635. 시조사 앞,202505,1637,1626
동대문구,636. 세종대왕기념관 교차로,202505,601,682
동대문구,637. KAIST 경영대학 앞,202505,1163,856
동대문구,638. 서울시립대 정보기술관,202505,686,595
동대문구,639. 서울시립대 후문,202505,545,445
동대문구,640. 동대문경찰서 교차로,202505,1033,1188
동대문구,641. 용두역 4번출구,202505,2483,2657
동대문구,642. 신답역 사거리,202505,2185,2258
서대문구,140. 이화여대 후문,202505,684,685
동대문구,643. 동대문구민체육센터 (육교아래),202505,2525,2916
영등포구,230. 영등포구청역 1번출구,202505,8227,8228
영등포구,260. 여의도 마리나선착장 앞,202505,597,571
영등포구,263. 근로자회관 사거리,202505,3737,3763
영등포구,264. 교보생명보험 앞,202505,2024,1745
영등포구,265. 영등포유통상가 사거리,202505,2000,1867
서대문구,141. 연대 대운동장 옆,202505,492,336
영등포구,266. 영등포청과시장 사거리,202505,1829,1795
영등포구,267. 삼성화재 사옥 옆,202505,2549,2450
영등포구,268. 그랜드컨벤션센터 앞,202505,2595,2608
영등포구,270. 증권거래소후문교차로,202505,1417,1390
영등포구,271. 샛강생태공원방문자센터 앞,202505,911,606
영등포구,272. 당산육갑문,202505,7301,7722
양천구,716.신정6동 주민센터 인근,202505,1499,1407
서대문구,139. 연세대 정문 건너편,202505,328,279
양천구,719. 홍익병원앞 교차로,202505,1454,1488
양천구,720. 서울강월초등학교 앞,202505,855,396
용산구,816. 신용산역 6번출구 앞,202505,2047,2114
용산구,817. 삼각지역 4번출구 앞,202505,1115,1137
용산구,818. 숙명여대 입구 교차로,202505,1282,1364
용산구,819. 선린인터넷 고등학교,202505,1555,1609
용산구,820. 청파동입구 교차로,202505,879,871
용산구,822. 이촌1동 마을공원,202505,470,446
용산구,823. 효창동주민센터 앞,202505,411,320
용산구,825. 서빙고동 주민센터 앞,202505,3279,4164
마포구,199. 서울 월드컵 경기장,202505,1386,839
종로구,388. 동성중학교 앞,202505,439,436
광진구,584. 광진광장 교통섬,202505,3543,2855
성동구,585. 성수2가1동 공영주차장 인근,202505,4990,5073
성동구,586. 마장동 주민센터,202505,872,898
은평구,900. 은평예술회관,202505,545,541
영등포구,200. 국회의원회관,202505,171,155
은평구,902. 진관동 은빛초등학교,202505,489,492
은평구,903. 은평뉴타운 아이파크,202505,820,837
은평구,904. 은평뉴타운 푸르지오,202505,783,882
은평구,905. 구파발역 2번출구,202505,2333,2659
은평구,906. 연신내역 5번출구,202505,2785,3078
은평구,907. CJ 드림시티,202505,4012,4930
은평구,908. 구산역 4번출구,202505,1264,1280
은평구,909. 백련산 힐스테이트 3차,202505,651,195
은평구,911. 은평평화공원(역촌역4번출구),202505,2070,2056
영등포구,201. 진미파라곤 앞,202505,1788,1768
은평구,912. 응암오거리,202505,2388,2694
은평구,913. 이마트 버스정류장(서부경찰서 방면),202505,1965,1902
은평구,914. 새절역 2번출구,202505,2965,3432
은평구,915. 증산역 4번출구,202505,1359,1523
은평구,916. 평생학습관 앞,202505,1279,1330
은평구,917. 녹번역 3번출구,202505,1636,1633
은평구,919. 서울혁신파크,202505,599,586
은평구,921. 신도고등학교,202505,183,96
영등포구,202. 국민일보 앞,202505,4733,5059
은평구,922. 연신내역 4번출구,202505,688,686
은평구,923. 국민은행 연서지점,202505,721,722
은평구,925. 불광역 2번출구,202505,1035,1096
은평구,927. 연신내역 3번출구 인근,202505,515,527
은평구,928. 은평역사한옥박물관,202505,374,299
은평구,930. 구 서부경찰서 건너편,202505,952,965
은평구,931. 역촌파출소,202505,3337,3677
은평구,932. 예일여중,202505,1326,1432
은평구,933. 역촌종합시장 버스정류장(예일여고 방면),202505,1912,2127
성동구,587. 유니베라 앞,202505,1827,1904
광진구,588. 뚝섬 유원지역,202505,2534,2595
강동구,1001. 광진교 남단 사거리(천호공원 방면),202505,2001,2044
강동구,1002. 해공공원(천호동),202505,2339,2380
강동구,1003. 해공도서관앞,202505,1195,1210
강동구,1004. 삼성광나루아파트 버스정류장,202505,1820,2497
강동구,1006. 롯데캐슬 115동앞,202505,229,234
강동구,1007.암사동 선사유적지,202505,407,405
강동구,1008. 암사역 3번출구(국민은행앞),202505,3651,4439
강동구,1009. 천호역4번출구(현대백화점),202505,5858,5806
강동구,1010. 강동세무서,202505,3881,3889
강동구,1011. LIGA 아파트 앞,202505,4322,4285
강동구,1012. 천호역효성해링턴타워 앞,202505,3233,3218
강동구,1013. 강동구청역 1번 출입구,202505,3136,3082
강동구,1015. 샛마을 근린공원,202505,999,991
마포구,103. 망원역 2번출구 앞,202505,3174,3481
영등포구,204. 국회의사당역 5번출구 옆,202505,1643,1609
강동구,1016. 해뜨는 주유소옆 리엔파크 109동앞,202505,1039,1027
강동구,1017. 둔촌고교입구 교차로(길동주민센터 방면),202505,2064,2089
강동구,1019. 다성이즈빌아파트(호원대 대각선 맞은편),202505,4770,5337
강동구,1020. 강동경찰서,202505,4493,4545
강동구,1021. 강일동 리슈빌 빌딩앞,202505,1849,2211
강동구,1022. 길동 사거리(초소앞),202505,2141,2147
성동구,589. 성수역3번출구,202505,3169,3212
강서구,1101. 상사마을 버스정류장(아라대교방면),202505,234,272
강서구,1102. 방화사거리 마을버스 버스정류장,202505,2803,3116
강서구,1105. 방화근린공원,202505,559,496
영등포구,203. 국회의사당역 3번출구 옆,202505,2533,2509
강서구,1108. 공항시장역 2번출구 뒤,202505,1493,1467
강서구,1109. 공항시장역 4번출구,202505,829,832
강서구,1111. 마곡엠밸리6_7단지 마곡중학교,202505,2629,2489
강서구,1112. 마곡엠밸리4단지 정문,202505,4804,4762
강서구,1113. 서남환경공원 버스정류장,202505,3219,3059
강서구,1118. 증미역 3번출구뒤(등촌두산위브센티움오피스텔),202505,3862,4403
강서구,1119. 염창동 한마음아파트 앞,202505,1463,1458
강서구,1120. 대림경동아파트앞,202505,2339,2243
강서구,1121. 가양레포츠센터 앞,202505,2165,2298
영등포구,205. 산업은행 앞,202505,2761,2757
강서구,1124. 발산역 6번 출구 뒤,202505,6637,6691
강서구,1126. 우장산역 1번출구옆(우장산아이파크105동앞),202505,2561,1813
강서구,1127. 화곡역 버스정류장,202505,1133,1133
강서구,1129. 화곡역 1번 출구 앞,202505,1693,1681
강서구,1130. 화곡본동시장 버스정류장,202505,556,549
강서구,1132. 등촌역 7번출구,202505,2406,2650
영등포구,206. KBS 앞,202505,2924,2904
강서구,1135. 강서구의회,202505,2678,2262
강서구,1136. 등촌2파출소,202505,791,397
강서구,1137. 등촌2동주민센터,202505,520,294
강서구,1139. 용문사 버스정류장,202505,926,689
강서구,1140. 목동사거리 버스정류장,202505,2622,2629
강서구,1141. 곰달래 문화복지센터 A,202505,1842,2270
강서구,1145. 곰달래 문화복지센터 B,202505,975,1149
강서구,1148. 볏골공원,202505,1357,1327
송파구,1205. 종합운동장역 4번출구,202505,2126,1871
송파구,1206. 9호선종합운동장역 9번출구,202505,1465,1455
송파구,1208. 풍납현대아파트쉼터,202505,3027,2988
송파구,1209. 잠실나루역 (2번 출구 쪽),202505,3839,3753
송파구,1213. 백토공원 앞,202505,484,469
송파구,1215. 올림픽공원역 1번출구 앞,202505,2333,2333
송파구,1217. 송파파인타운 7단지,202505,1016,982
송파구,1220. 잠실근린공원,202505,2783,3104
송파구,1222. 잠실새내역 5번 출구 뒤,202505,5050,5250
송파구,1224. 아시아지하보도 2번 출구,202505,2131,2066
송파구,1229. 송파체육문화회관 앞,202505,1423,1409
영등포구,209. 유진투자증권빌딩 앞,202505,4668,5176
송파구,1232. 잠실주공 521동 건너편,202505,3227,3297
송파구,1233. 잠실3거리(갤러리아팰리스),202505,1421,1239
송파구,1235. 잠실트리지움310동 옆,202505,2696,2929
서대문구,176. 명지대학교 도서관,202505,2203,2182
중랑구,1401. 극동늘푸른아파트,202505,2107,2415
성북구,1314. 정릉꿈에그린1단지 201동 앞,202505,193,195
성북구,1315. 고려사대부속중고 정문,202505,167,162
중랑구,1402. 금란주차장 앞,202505,861,891
성북구,1316. 고려사대부속중고 건너편 ,202505,255,224
성북구,1318. 길음역 3번출구 뒤,202505,1355,1403
성북구,1319. 종암박스파크,202505,1412,1458
성북구,1322. 래미안라센트아파트 103동 앞,202505,1160,1235
중랑구,1403. 중화빌딩 앞 (동부시장),202505,1088,1139
중랑구,1405. 망우역 1번출구,202505,732,722
중랑구,1408. 먹골역 6번출구 앞,202505,1332,1542
성북구,1325. 상월곡역 4번출구,202505,752,547
성북구,1326. 상월곡역 1번출구,202505,872,817
중랑구,1410. 면목 대원칸타빌아파트,202505,266,120
성북구,1327. 상월곡역 3번출구,202505,1099,1104
성북구,1333. 석관초등학교 앞,202505,1379,1542
성북구,1334. 석관동주민센터 앞,202505,1553,1542
중랑구,1418. 새솔초등학교,202505,286,55
중랑구,1441. 신내능말공원,202505,611,350
중랑구,1420. 신내어울공원 앞,202505,969,965
중랑구,1421. 신내역 4번출구,202505,612,595
중랑구,1422. 신내우디안아파트 1단지,202505,243,86
중랑구,1424. 양원역 2번출구,202505,247,237
중랑구,1425. 신성미소지움아파트,202505,932,592
영등포구,213. KT앞,202505,2871,2543
중랑구,1426. 면목도시개발아파트 1동 앞,202505,505,140
중랑구,1435. 능산삼거리,202505,331,273
중랑구,1436. 동원베네스트 건물 앞,202505,458,311
중랑구,1437. 늘푸른공원 앞,202505,812,917
중랑구,1438. 홈플러스 신내점 앞,202505,2550,2810
중랑구,1404. 동일로 지하차도,202505,1446,1445
마포구,104. 합정역 1번출구 앞,202505,1685,1509
영등포구,214. 금융감독원 앞,202505,1640,1652
노원구,1601. 석계역 문화광장 내 자전거 보관소,202505,5107,5475
노원구,1606. 태릉입구역 3번출구 ,202505,1922,1994
노원구,1610. 화랑대역 2번출구 앞,202505,2503,2861
노원구,1611. 과기대 입구(우),202505,3967,4136
노원구,1616. 하계2동 공항버스정류장 옆,202505,837,807
노원구,1617. 하계동 중평어린이공원 앞,202505,2314,2610
노원구,1634. 당고개공원 대여소,202505,585,569
노원구,"1635. 상계3,4동 주민센터 대여소",202505,334,265
노원구,1636. 상계주공2단지 버스정류장 옆,202505,2187,2149
노원구,1637. KT 전화국 버스정류장 옆,202505,4095,4194
노원구,1639. 희성오피앙,202505,1094,1036
도봉구,1702. 녹천역 1번출구 앞,202505,715,797
도봉구,1705. 도봉구청 정문앞,202505,1673,1746
도봉구,1707. 도봉구민회관,202505,1402,1274
도봉구,1709. 쌍문역4번출구 주변,202505,1274,1255
금천구,1804. 독산역 2번출구 자전거주차장,202505,1436,1439
영등포구,219. 롯데캐슬엠파이어 옆,202505,2694,2691
금천구,1805. 서울디지털운동장 앞,202505,1087,1098
금천구,1806. 에이스하이엔드타워9차 앞,202505,1014,1049
금천구,1808. 에이스하이엔드타워8차 앞,202505,925,923
금천구,1809. LG전자 별관동(호서대 벤처타워 맞은편),202505,1074,1133
금천구,1812. 갑을그레이트밸리 앞,202505,688,711
금천구,1814. 두산위브아파트 옆 상가건물 앞,202505,906,930
금천구,1820. 신한은행 시흥대로금융센터지점,202505,252,253
금천구,1821. 홈플러스 시흥점 맞은편 다비치안경 앞,202505,713,813
영등포구,220. 미성아파트 A동 앞,202505,1650,1590
금천구,1822. 서울 시흥동우체국 앞,202505,599,635
금천구,1823. 상신정비공업 앞,202505,251,102
금천구,1824. 독산근린공원 입구,202505,1920,1920
금천구,1825. 한신아파트 앞 육교 아래,202505,721,770
금천구,1826. 한신코아 앞,202505,502,546
금천구,1828. 한양수자인아파트 앞,202505,907,439
금천구,1829. 홈플러스 금천점 앞,202505,802,855
금천구,1830. 빅마켓 금천점 앞,202505,1744,1757
금천구,1831. 한국전력 구로금천지사 앞,202505,646,665
금천구,1833. 독산역 1번출구 A,202505,806,821
영등포구,215. 여의도고교 앞,202505,2097,2206
금천구,1834. 월드메르디앙 벤처센터 2차,202505,1364,1510
금천구,1835. STX V타워,202505,637,640
금천구,1819. 금천구청 앞 자전거거치대,202505,448,458
강북구,1503. 강북구청사거리(수유역 8번출구),202505,2423,2455
강북구,1504. 삼양시장오거리,202505,272,237
강북구,1506. 강북문화예술회관,202505,1274,1196
강북구,1514. 강북구청 사거리 버스정류소 앞,202505,1012,1029
강북구,1525. 미아동 복합청사,202505,328,324
강북구,1515. 송천동 주민센터,202505,544,555
강북구,1520. 수유중앙시장,202505,1264,1365
강북구,1519. 장미원시장 건너편,202505,699,675
강북구,1516. 우이동길마을마당,202505,634,574
강북구,1518. 수유2동은행빌딩 앞,202505,779,754
성북구,1321. 국민은행 종암동지점 앞,202505,2034,2324
도봉구,1703. 도봉산광역환승센터앞 ,202505,343,289
도봉구,1708. 도봉보건소사거리,202505,1685,1727
영등포구,217. NH농협은행 앞,202505,3714,3775
금천구,1827. 독산보도육교 앞 자전거 보관소,202505,2321,2471
금천구,1836. 금천구립 독산도서관,202505,153,54
구로구,1901. 신도림동주민센터 앞,202505,2197,2212
구로구,1904. 도림천역 1번 출구 앞,202505,2153,2172
구로구,1906. 신도림역 1번 출구 앞,202505,6420,6424
구로구,1907. 구일우성(아) 육교 밑,202505,1646,1646
구로구,1908. 해원리바파크 육교 밑,202505,2492,2469
구로구,1910. 낙원교회 맞은편,202505,591,437
구로구,1911. 구로디지털단지역 앞,202505,6346,6495
구로구,1912. 한신휴아파트 앞,202505,2312,2324
영등포구,221. 여의도초교 앞,202505,1791,1755
구로구,1916. 구로중학교앞,202505,1014,1024
구로구,1920. 서울미래초등학교 사거리,202505,1265,1097
구로구,1924. 삼부르네상스파크빌,202505,1272,608
구로구,1928. 고척스카이돔구장 광장,202505,1653,1597
구로구,1929. 고척근린공원 고척도서관 앞,202505,1446,1159
구로구,1930. 개봉지구대 개봉치안센터,202505,955,944
구로구,1933. 개봉푸르지오아파트 상가,202505,1986,2141
구로구,1937. 한진아파트 입구,202505,1144,1126
영등포구,222. 시범아파트버스정류장 옆,202505,1915,1911
동작구,2002. 노들역 1번출구,202505,4264,4827
동작구,2008. 노량진근린공원 대방공원,202505,393,280
동작구,2013. 장승배기역 5번출구,202505,1338,1140
동작구,2016. 신대방삼거리역 3번출구쪽,202505,1216,1281
영등포구,223. 진주아파트상가 앞,202505,1352,1265
동작구,2020. 장승배기역2번출구뒷편쪽,202505,548,542
동작구,2024. 상도역 1번출구,202505,518,429
동작구,2025. 흑석역 1번출구,202505,2876,3233
동작구,2027. 중앙대학교 정문 1,202505,683,772
동작구,2036. 정금마을 마을버스정류장,202505,667,801
동작구,2037. 동작역 5번출구 동작주차공원,202505,1003,1013
동작구,2038. 동작역 7번출구,202505,398,382
동작구,2040. 비계 버스정류소,202505,223,182
동작구,2050. 노량진역 5번출구,202505,2620,2981
마포구,105. 합정역 5번출구 앞,202505,882,771
영등포구,224. 롯데캐슬 앞,202505,2258,2266
동작구,2054. 삼익아파트,202505,1406,1424
동작구,2057. 상도 아이파크 아파트,202505,399,136
관악구,2102. 봉림교 교통섬,202505,6570,6768
관악구,2103. 신림동 우방아파트,202505,1346,1317
관악구,2105. 미성동 신림체육센터,202505,1111,1160
관악구,2106. 세이브마트,202505,1556,1864
관악구,2127. 난곡종점,202505,557,274
관악구,2144. 난우길입구,202505,479,506
영등포구,225. 앙카라공원 앞,202505,1728,1546
관악구,2104. 사당역 5번출구,202505,1244,1477
관악구,2108. 은천치안센터,202505,1333,1400
관악구,2112. 서울대입구역 마에스트로,202505,746,756
관악구,2116. 에이스에이존빌딩,202505,658,663
관악구,2122. 낙성대로 입구,202505,595,577
영등포구,226. 샛강역 1번출구 앞,202505,2482,2246
관악구,2128. 관악구청교차로,202505,422,421
관악구,2129. 낙성대 과학전시관,202505,350,189
관악구,2130. 영어마을 관악캠프,202505,209,92
관악구,2137. KT&G 관악지점,202505,598,565
관악구,2140. 신림1교 교차로,202505,2361,2467
관악구,2145. 은천초등학교 육교,202505,691,594
동작구,2009. 보라매역 8번출구,202505,865,887
동작구,2012. 대림사거리(동작상떼빌아파트),202505,973,985
동작구,2015. 신대방삼거리역 6번출구쪽,202505,1842,1919
동작구,2033. 사당동 아르테스 웨딩앞,202505,1098,1181
영등포구,207. 여의나루역 1번출구 앞,202505,8313,8246
동작구,2041. 사당중학교 버스정류소,202505,197,182
동작구,2048. 삼일초등학교 인근,202505,486,374
동작구,2056. 동작구민 체육센터,202505,1363,1307
노원구,1608. 공릉역 1번 출구 앞,202505,4656,5067
노원구,1619. 중계동 하나프라자빌딩 앞(중1-1),202505,2207,2205
송파구,1203. 밀리아나2빌딩 앞,202505,1380,1382
송파구,1207. 마천중앙시장,202505,805,805
송파구,1214. 오금역 7번 출구 인근,202505,911,861
서초구,2202.청계산입구역 1번출구,202505,1561,1521
서초구,2205. 내곡3단지 어린이공원 앞,202505,771,624
서초구,2206. 언남초등학교 앞,202505,1084,1060
서초구,2210. 반포1동 주민센터 앞,202505,423,288
서초구,2212.서초현대4차아파트 201동 맞은편,202505,943,910
서초구,2213. 고속터미널역 5번출구 앞,202505,1045,900
서초구,2214. 신반포역 2번출구 앞,202505,1801,2205
서초구,2217.아크로리버뷰 부지 앞,202505,3740,4568
서초구,"2219. 고속터미널역 8-1번, 8-2번 출구 사이",202505,4649,4706
서초구,2221. 방일초교 마을버스 정류장,202505,1115,1167
서초구,2222.사당역 12번출구 뒤,202505,1709,2207
서초구,2223. 방배래미안 정문 앞,202505,355,385
서초구,2225.백석예술대학교 제3캠퍼스 앞,202505,228,150
서초구,2226. 신동아럭스빌아파트 앞,202505,339,84
서초구,2227.방배열린문화센터 앞,202505,753,756
서초구,2228.뒷벌공원 옆,202505,1521,1646
서초구,2229.로고스교회 맞은 편,202505,508,537
마포구,401. 상암월드컵파크 10단지 앞,202505,1017,1010
서초구,2230.이수역 4번 출구,202505,1807,1900
서초구,2231. 삼성타운(삼성생명) A동 맞은편,202505,1641,1682
서초구,2233. 서초신동아1차아파트 옆,202505,485,476
서초구,2235.KT 서초지사 앞,202505,205,125
서초구,2237.서울남부터미널 대합실 입구,202505,905,682
서초구,2239.교대역 6번출구,202505,817,817
서초구,2241.양재전화국 사거리,202505,665,567
서초구,2242.양재역 10번 출구 앞,202505,872,868
서초구,2243.서울가정법원,202505,717,501
서초구,2244. 말죽거리공원 사거리,202505,1434,1496
마포구,402. 상암월드컵파크 9단지 앞,202505,652,586
서초구,2245.양재초등학교 맞은편,202505,861,887
서초구,2247.섬들근린공원,202505,1445,1536
서초구,2255. 양재시민의숲역 1번출구,202505,2508,2487
서초구,2256.양재동 꽃시장 입구,202505,405,414
서초구,2257. 청계산 입구 삼거리,202505,167,178
서초구,2258.구룡사 삼거리,202505,371,179
강남구,2301. 현대고등학교 건너편,202505,2124,2213
강남구,2344. 리엔파크 2단지 앞,202505,431,580
마포구,403. 부엉이공원 앞,202505,1049,509
서초구,2259. 잠원역 3번-4번 출구사이 ,202505,1448,1626
서초구,2251. 더케이호텔 입구(양재2) ,202505,833,829
강남구,2337. 대모산입구역 2번출구 앞,202505,560,525
강남구,2309. 청담역(우리들병원 앞),202505,443,201
강남구,2317. 삼성도로공원,202505,1379,1382
강남구,2311. 학동로 래미안 아파트 앞,202505,364,131
강남구,2302. 교보타워 버스정류장(신논현역 3번출구 후면),202505,1286,1246
강남구,2303. 논현역 10번출구,202505,1214,960
강남구,2304. 대현그린타워,202505,393,136
강남구,2305. MCM 본사 직영점 앞,202505,323,325
강남구,2306. 압구정역 2번 출구 옆,202505,2123,2127
강남구,2307. 압구정 한양 3차 아파트,202505,513,447
강남구,2308. 압구정파출소 앞,202505,1273,1226
강남구,2310. 청담동 맥도날드 옆(위치),202505,354,353
강남구,2312. 청담역 13번 출구 앞,202505,694,674
강남구,2313. 금원빌딩 앞,202505,674,712
강남구,2348. 포스코사거리(기업은행),202505,2090,2102
강남구,2314. 청담나들목입구,202505,175,139
강남구,2315. 봉은사역 5번출구 옆,202505,855,881
마포구,106. 합정역 7번출구 앞,202505,3152,3122
마포구,405. DMC빌 앞,202505,753,735
강남구,2318. 삼성중앙역4번출구(문화센터더 리빌),202505,284,254
강남구,2319. 포스코사거리 서측(수협 삼성동 지점),202505,655,653
강남구,2320. 도곡역 대치지구대 방향,202505,710,716
강남구,2321. 학여울역 사거리,202505,378,370
강남구,2323. 주식회사 오뚜기 정문 앞,202505,227,211
강남구,2324. 천주교 대치 2동 교회 옆,202505,1078,1070
강남구,2325. 대치삼성아파트 앞 교차로,202505,877,869
강남구,2326. 대치동 삼성로,202505,569,383
마포구,406. 상암월드컵파크 7단지 앞,202505,840,881
강남구,2327. 뱅뱅사거리 랜드마크타워 앞,202505,1229,1353
강남구,2328. 르네상스 호텔 사거리 역삼지하보도 7번출구 앞,202505,625,556
강남구,2329. 르네상스호텔사거리 역삼지하보도 2번출구,202505,448,416
강남구,2330. 역삼월드메르디앙아파트 앞,202505,687,671
강남구,2331. 동영문화센터앞,202505,644,545
강남구,2332. 선릉역3번출구,202505,1546,1549
강남구,2333. 양재역 3번출구 주변,202505,1312,802
강남구,2334. 삼호아파트 2동 ( 간선도로),202505,347,324
강남구,2335. 3호선 매봉역 3번출구앞,202505,2055,2208
강남구,2336. 강남세브란스교차로  래미안그레이튼 104동 앞,202505,472,465
마포구,421. 마포구청 앞,202505,2447,2444
강남구,2339. 현대아파트 정문 앞,202505,685,651
강남구,2340. 삼호물산버스정류장(23370) 옆,202505,2554,2673
강남구,2341. 일원역 4~5번 출구 사이,202505,514,292
강남구,2342. 대청역 1번출구  뒤,202505,1527,1521
강서구,1106. 신방화사거리,202505,3575,3723
성북구,1302. 한성대입구역6번출구 뒤,202505,772,770
성북구,1304. 만해공원,202505,120,45
성북구,1308. 안암로터리 버스정류장 앞,202505,3473,3865
강서구,1110. 공항중학교앞,202505,1093,1055
강서구,1128. 화곡역 6번출구,202505,1535,1528
마포구,407. 마포구 육아종합지원센터,202505,1249,1382
강동구,1018. 둔촌 주공 GS 맞은편,202505,2656,2629
강서구,1103. 방화역 4번출구앞,202505,3249,2939
강서구,1117. 등촌5단지아파트 버스정류장,202505,4006,4004
송파구,1201. 가락시장역 3번 출구,202505,2040,2073
송파구,1212. 송파역 2번 출구앞,202505,1717,1773
마포구,408. LG CNS앞,202505,904,863
송파구,1231. 잠실역 6번출구,202505,3587,3842
성북구,1306. 한성대입구역2번출구,202505,1528,1525
중랑구,1407. 먹골역 1번출구 뒤,202505,1564,1732
마포구,420. 서울시 공공자전거 상암센터,202505,2064,1912
중랑구,1416. 상봉역 3번출구,202505,1844,1943
중랑구,1427. 용마산역 1번출구,202505,414,206
중랑구,1428. 원묵고등학교,202505,1348,801
중랑구,1429. 장안중학교,202505,945,1006
중랑구,1430. 중랑구청,202505,1310,693
중랑구,1431. 중랑구청 사거리,202505,1286,1015
중랑구,1433. 중화역 2번출구,202505,1611,1828
강북구,1509. 서울북부수도사업소,202505,483,496
마포구,409. 누리꿈스퀘어 옆,202505,2216,2203
강북구,1510. 번동주공5단지 관리사무소 앞,202505,469,486
강북구,1512. 강북중학교 앞,202505,2064,2075
강북구,1513. 강북구청 뒷편,202505,351,349
노원구,1605. 헬스케어,202505,1363,1467
노원구,1620. 중계구민체육센터,202505,781,775
노원구,1628. 노일초등학교 앞,202505,781,818
노원구,1630. 수연빌딩 앞,202505,1255,1254
마포구,419. 홈플러스 마포점 앞,202505,3446,3219
구로구,1936. 개봉역 1번 출구 자전거보관서쪽,202505,937,1128
구로구,1941. 오류동역 2번출구,202505,1180,1322
구로구,1943. 온수역 북측,202505,321,314
구로구,1946. 구로역 광장,202505,2799,2899
구로구,1951. 천왕이펜하우스 4단지 후문,202505,289,145
구로구,1952. 천왕연지타운2단지 앞,202505,1401,1895
구로구,1953. 천왕역 4번출구 뒤,202505,1161,716
동작구,2003. 사육신공원앞,202505,1202,1242
서초구,2263. 바우뫼문화복지회관,202505,715,681
마포구,410. 상암중학교 옆,202505,339,223
서초구,2249. 우솔초등학교 맞은편,202505,306,285
서초구,2250. 서초유치원 맞은편,202505,833,826
관악구,2109. 은천로입구 가로공원,202505,2686,2772
관악구,2115. 관악구시설관리공단,202505,1335,1088
관악구,2119. 중앙동 동진빌딩,202505,729,736
관악구,2143. 서울산업정보학교,202505,270,257
관악구,2148. 낙성대역 3번출구 뒤,202505,775,752
서초구,2246. 서울시 품질시험소 앞,202505,819,854
마포구,418. 월드컵경기장역 3번출구 옆,202505,3071,3005
서초구,2252. 잔디마을 마을버스 정류장,202505,1582,1592
송파구,1210. 롯데월드타워(잠실역2번출구 쪽),202505,11499,11455
송파구,1218. 방이역 4번출구,202505,3188,3152
송파구,1226. 잠실4동 주민센터 옆,202505,2627,2642
송파구,1227. 거여역 8번출구 뒤,202505,1499,1507
송파구,1228. 마천사거리 ,202505,921,1154
송파구,1230. 송파중학교 정문,202505,713,652
송파구,1239. 문정 법조단지3,202505,806,792
마포구,107. 수협 연남동지점,202505,1357,1432
마포구,411. DMC홍보관,202505,1501,1535
송파구,1240. 문정 법조단지4,202505,925,841
송파구,1241. 문정 법조단지5,202505,669,652
송파구,1242. 문정 법조단지6,202505,200,203
송파구,1243. 문정 법조단지7,202505,2431,2487
송파구,1244. 문정 법조단지8,202505,2935,2899
송파구,1245. 문정 법조단지9,202505,1864,1842
송파구,1246. 문정 법조단지10,202505,2145,2151
송파구,1247. 문정 법조단지11,202505,922,828
송파구,1248. 방이초등학교,202505,2934,2523
마포구,412. DMC산학협력연구센터 앞,202505,1548,1550
성북구,1328. 월곡역 3번출구,202505,2448,2744
중랑구,1411. 상봉시장앞 교차로 한성빌딩 앞,202505,1283,1312
노원구,1602. 광운대역 앞,202505,2032,2092
노원구,1625. 상계역 3번출구,202505,5533,5554
노원구,1627. 수락산역 4번출구,202505,1302,1299
도봉구,1706. 방학동우체국 건너편,202505,1102,1127
구로구,1914. 대림역4번출구,202505,3106,3104
구로구,1925. 동양미래대학교 정문 옆,202505,5207,5215
마포구,413. 상암월드컵파크 3단지 후문,202505,1047,1078
구로구,1931. 개봉역2번출구 A,202505,1590,1920
동작구,2032. 이수역 11번출구쪽,202505,1868,2168
동작구,2034. 사당역 7번출구쪽,202505,707,728
서초구,2203. 청계산입구역 2번출구,202505,375,247
서초구,2207. 내곡파출소 뒤 정자,202505,209,152
서초구,2211. 서초구립반포도서관 앞,202505,1266,1225
서초구,2215. 반포종합운동장 입구,202505,1035,1128
서초구,2248. 서초리슈빌S 글로벌 앞,202505,254,234
마포구,417. DMC역 2번출구 옆,202505,1836,1726
송파구,1204. 거여역 3번출구,202505,1559,1703
성북구,1303. 돈암초교 입구,202505,734,727
동작구,2026. 흑석역 4번출구,202505,686,725
송파구,1221. 삼전역 4번출구,202505,2115,2199
서초구,2264. 이수역 1번출구,202505,2625,3071
구로구,1955. 디지털입구 교차로,202505,2357,2397
강남구,2351. 청소년수련관(수영장)앞,202505,497,352
종로구,446. 상명대입구,202505,464,438
종로구,447. 신영동삼거리,202505,127,115
마포구,414. 상암동주민센터 옆,202505,2244,2395
종로구,449. 일성아파트,202505,257,72
중랑구,1440. 면목2동 사거리,202505,1758,1993
중구,389. 을지로4가역 1번출구,202505,1081,1072
중구,390. 충무로역 1번출구,202505,864,862
중구,826. 서울역 서부교차로2,202505,1183,1264
성북구,1305. 성북구청,202505,1867,2003
강북구,"1501. 미아역 3번,4번 출구 사이",202505,1377,1374
서초구,2265. 이수고가차도 남단,202505,1469,1566
마포구,415. DMC역 9번출구 앞,202505,3011,2892
관악구,2110. 조원동 미성아파트,202505,1632,1719
관악구,2139. 서울신성초등학교,202505,480,466
관악구,2156. 신림푸르지오아파트,202505,966,945
강남구,2354. 청담역 2번출구,202505,187,178
강남구,2356. 강남구청,202505,598,420
강남구,2360. 도곡1동 주민센터 교차로,202505,707,695
강남구,2358. 구룡초사거리 (현대아파트10동 앞 ),202505,664,583
강남구,"2359. 국립국악중,고교 정문 맞은편",202505,1143,1193
강남구,2349. 역삼빌딩 앞(하나은행 옆),202505,670,308
마포구,416. 상암월드컵파크 1단지 교차로,202505,721,443
강남구,2350. 래미안그레이튼102동앞,202505,246,228
강남구,2347. 두산건설 본사,202505,319,141
강남구,2352. 서울본부세관(건설회관 앞),202505,419,145
강남구,2353. 강남구청역 2번출구 뒤,202505,950,552
노원구,1642. 서울여대 남문,202505,1001,775
관악구,2111. 서울대입구역 1번출구,202505,1042,1021
강남구,2357. 르네상스호텔사거리 역삼지하보도 3번출구 앞 (더 오번 빌딩 명동칼국수 앞),202505,463,378
성동구,594. 중랑물재생센터(서울새활용플라자),202505,977,1075
마포구,422. 문화비축기지,202505,516,482
광진구,500. 어린이대공원역 3번출구 앞,202505,2402,2148
노원구,1641. 한내근린공원 남측,202505,773,829
노원구,1640. 한내근린공원 북측,202505,1659,1731
광진구,590. 건국대학교 (입학정보관),202505,2328,2315
광진구,591. 건국대학교 (행정관),202505,1174,1483
광진구,592. 건국대학교 학생회관,202505,2755,3418
강서구,1149. 신방화역환승주차장,202505,3907,3915
관악구,2136. 신림역 8번출구,202505,3873,3974
중구,391. 시립미술관,202505,648,638
종로구,450. 효자동 삼거리,202505,1318,788
종로구,451. 청와대앞길,202505,240,210
광진구,501. 광진구의회 앞,202505,2332,1979
광진구,593.자양중앙나들목,202505,2235,2492
송파구,1250.문정2동 주민센터,202505,305,270
광진구,3500. 군자역2번출구,202505,2965,2957
광진구,3501. 광진구청 앞,202505,2175,2004
광진구,3502. 중곡역 1번출구,202505,1384,1314
광진구,3503. 광진유진스웰,202505,214,88
광진구,3504. 원일교회,202505,3138,2872
광진구,3505. 신양초교앞 교차로,202505,962,964
광진구,502. 자양(뚝섬한강공원)역 1번출구 앞,202505,13137,15290
마포구,424. 롯데하이마트 (상암월드컵점) ,202505,560,527
마포구,425. DMC첨단산업센터,202505,446,408
마포구,426. 서울신용보증재단,202505,1392,1582
양천구,722. 경서농협 버스정류장(우리은행신정동지점방향),202505,1311,1401
양천구,723. SBS방송국,202505,2166,2227
양천구,724. 계남공원 입구 주출입구 좌측,202505,392,291
양천구,725. 양강중학교앞 교차로,202505,257,258
양천구,726. 목동3단지 시내버스정류장,202505,4228,4290
강남구,2301. 현대고등학교 건너편,202506,1934,2028
강남구,2302. 교보타워 버스정류장(신논현역 3번출구 후면),202506,1408,1447
강남구,2303. 논현역 10번출구,202506,1371,1095
강남구,2304. 대현그린타워,202506,386,153
강남구,2305. MCM 본사 직영점 앞,202506,391,411
강남구,2306. 압구정역 2번 출구 옆,202506,2267,2245
강남구,2307. 압구정 한양 3차 아파트,202506,540,515
강남구,2308. 압구정파출소 앞,202506,1283,1296
강남구,2309. 청담역(우리들병원 앞),202506,548,265
강남구,2310. 청담동 맥도날드 옆(위치),202506,399,403
강남구,2311. 학동로 래미안 아파트 앞,202506,444,127
강남구,2312. 청담역 13번 출구 앞,202506,608,585
강남구,2313. 금원빌딩 앞,202506,586,612
강남구,2314. 청담나들목입구,202506,187,153
강남구,2315. 봉은사역 5번출구 옆,202506,842,838
강남구,2317. 삼성도로공원,202506,1295,1328
강남구,2318. 삼성중앙역4번출구(문화센터더 리빌),202506,337,237
강남구,2319. 포스코사거리 서측(수협 삼성동 지점),202506,789,783
강남구,2320. 도곡역 대치지구대 방향,202506,752,792
강남구,2321. 학여울역 사거리,202506,481,458
강남구,2324. 천주교 대치 2동 교회 옆,202506,1092,1094
강남구,2325. 대치삼성아파트 앞 교차로,202506,905,885
강남구,2326. 대치동 삼성로,202506,774,441
강남구,2327. 뱅뱅사거리 랜드마크타워 앞,202506,1293,1411
강남구,2328. 르네상스 호텔 사거리 역삼지하보도 7번출구 앞,202506,819,687
강남구,2329. 르네상스호텔사거리 역삼지하보도 2번출구,202506,488,394
강남구,2330. 역삼월드메르디앙아파트 앞,202506,740,733
강남구,2331. 동영문화센터앞,202506,645,572
강남구,2332. 선릉역3번출구,202506,1691,1688
강남구,2333. 양재역 3번출구 주변,202506,1326,830
강남구,2334. 삼호아파트 2동 ( 간선도로),202506,307,291
강남구,2335. 3호선 매봉역 3번출구앞,202506,2237,2328
강남구,2336. 강남세브란스교차로  래미안그레이튼 104동 앞,202506,532,502
강남구,2337. 대모산입구역 2번출구 앞,202506,653,571
강남구,2339. 현대아파트 정문 앞,202506,740,711
강남구,2340. 삼호물산버스정류장(23370) 옆,202506,2576,2876
강남구,2341. 일원역 4~5번 출구 사이,202506,528,381
강남구,2342. 대청역 1번출구  뒤,202506,1600,1623
강남구,2344. 리엔파크 2단지 앞,202506,581,705
강남구,2347. 두산건설 본사,202506,347,152
강남구,2348. 포스코사거리(기업은행),202506,1890,2218
강남구,2349. 역삼빌딩 앞(하나은행 옆),202506,655,355
강남구,2350. 래미안그레이튼102동앞,202506,308,286
강남구,2351. 청소년수련관(수영장)앞,202506,378,359
강남구,2352. 서울본부세관(건설회관 앞),202506,463,162
강남구,2353. 강남구청역 2번출구 뒤,202506,972,482
강남구,2354. 청담역 2번출구,202506,225,183
강남구,2356. 강남구청,202506,555,395
강남구,2357. 르네상스호텔사거리 역삼지하보도 3번출구 앞 (더 오번 빌딩 명동칼국수 앞),202506,572,392
강남구,2358. 구룡초사거리 (현대아파트10동 앞 ),202506,684,600
강남구,"2359. 국립국악중,고교 정문 맞은편",202506,1290,1399
강남구,2360. 도곡1동 주민센터 교차로,202506,875,834
강남구,2362. 신사동 가로수길 입구,202506,978,921
강남구,2363. 강남 을지병원 교차로,202506,356,363
강남구,2364. 도산공원교차로,202506,561,557
강남구,2365. K+ 타워 앞,202506,810,835
강남구,2368. 도곡동 경남아파트 건너편,202506,460,350
강남구,2369. KT선릉타워,202506,1441,1431
강남구,2370. 한티역 3번출구,202506,462,435
강남구,2371. 한국우편사업진흥원,202506,340,177
강남구,2372. 대치역 사거리,202506,1381,1440
강남구,2373. 개포동역 사거리,202506,437,434
강남구,2375. 수서역 1번출구 앞,202506,1548,1727
강남구,2376. 수서역 6번출구 앞,202506,1194,1264
강남구,2377. 수서역 5번출구,202506,3217,3580
강남구,2380. 봉은사로68길 북측,202506,564,463
강남구,2381. 언주역 3번출구앞,202506,568,560
강남구,2382. 역삼동 sk뷰 501동앞,202506,510,489
강남구,2383. 보금자리정원,202506,344,361
강남구,2384. 자곡사거리,202506,2155,2396
강남구,2385. 학동역,202506,748,725
강남구,2386. 크린랩 본사,202506,425,202
강남구,2387. 래미안강남힐즈 사거리,202506,1177,1172
강남구,2388. 강남구 도시관리공단,202506,635,307
강남구,2389. 경기여자고등학교 후문 (삼성로3길 입구),202506,1064,1069
강남구,2390. 구룡마을 입구 (래미안블레스티지 아파트),202506,845,859
강남구,2391. 구룡터널 입구(개포1단지아파트),202506,18,16
강남구,2392. 구룡산 입구 (구룡산 서울둘레길 입구),202506,118,61
강남구,2394. 개포래미안포레스트아파트 107동 앞,202506,870,719
강남구,2396. 영동3교 북단(우성캐릭터 앞 보도),202506,551,543
강남구,2398. 더라움,202506,378,286
강남구,2401. 밀알학교 입구 (삼성서울병원 입구),202506,303,225
강남구,2403. 공무원연금매점 교차로 (개포주공9단지 입구),202506,1247,1085
강남구,2404. 대모산입구역 4번 출구 앞,202506,1872,1919
강남구,2405. 청담공원앞 교차로,202506,878,330
강남구,2406. 논현동 광명빌딩 앞,202506,489,344
강남구,2407. 역삼서초삼성 세무서 앞 (역삼빌딩 앞),202506,1554,1538
강남구,2408. 강남한양수자인아파트,202506,1247,1254
강남구,2409. 역삼동 디오슈페리움 (우성아파트 사거리),202506,1061,1058
강남구,2410. 포스코피앤에스타워 (역삼역 3번출구 부근),202506,1013,720
강남구,2411. 세곡동 성당,202506,1105,1135
강남구,2413.도곡역 1번 출구,202506,1354,1426
강남구,2414. 도곡역 아카데미스위트 앞,202506,1718,1834
강남구,2415.한티역 롯데백화점 앞,202506,1301,1295
강남구,2416.한티역 6번 출구,202506,743,701
강남구,"2417.선정릉 디캠프(D,CAMP)앞",202506,447,325
강남구,2418.봉은사역 7번 출구 ,202506,762,746
강남구,"2419.봉은사역 1,2번 출구 ",202506,822,797
강남구,2420.학여울역 사거리(LG베스트샵 앞),202506,953,839
강남구,2422.수서동 성당 맞은편,202506,782,782
강남구,2423.영희초교 사거리(래미안개포루체하임),202506,1433,1541
강남구,2425.세곡동 사거리(대왕초등학교 정류장),202506,250,300
강남구,2426.강남한신휴플러스 6단지,202506,628,545
강남구,2427.개포고등학교 정문앞,202506,861,857
강남구,2429.압구정로데오역 6번출구,202506,1134,1132
강남구,2430.강남파이낸스센터앞(역삼역2번출구),202506,963,523
강남구,2431.대치역 7번출구,202506,1611,1636
강남구,3602. 한국지역난방공사강남지사,202506,478,472
강남구,3604. 삼성중앙역 5번출구,202506,783,639
강남구,3606. 신사동주민센터 옆,202506,964,1010
강남구,3609. 언주초등학교 입구,202506,691,709
강남구,3610. 윗반마을 입구,202506,179,229
강남구,3611. 방죽마을 입구,202506,455,483
강남구,3612. 은곡마을,202506,557,685
강남구,3614. 은마아파트 입구 사거리,202506,1457,1428
강남구,3615. 서울 논현동우체국 앞,202506,448,368
강남구,3616. 역삼중학교 앞(체육관 방향),202506,328,312
강남구,3618. 서울율현초교 삼거리,202506,849,1011
강남구,3620. 청담역 11번 출구,202506,282,75
강남구,3622. 은마아파트입구 사거리(1),202506,242,238
강남구,3623. 일원에코파크 앞(개포로 방면),202506,459,511
강남구,3624. 대모산입구역 7번 출구 앞,202506,335,286
강남구,3627. 압구정나들목,202506,2667,2748
강남구,3628. 역삼1동 주민센터,202506,1159,1279
강남구,3629. 청담사거리(신한오피스텔빌딩 앞),202506,339,427
강남구,3630. 개포우성6차아파트 정문 앞,202506,447,392
강남구,3634. 국악고교 앞 교차로,202506,703,692
강남구,3636. 삼성중앙역·플래티넘아파트 정류소,202506,842,728
강남구,3637. 세곡데이케어센터,202506,273,247
강남구,3638. 신청담나들목,202506,635,683
강남구,3640. 일원1동주민센터앞 사거리,202506,1491,1600
강남구,3641. 대청역,202506,1213,1262
강남구,3642. 강남자곡힐스테이트,202506,938,370
강남구,3643. 더시그넘하우스 앞,202506,872,853
강남구,3644. 상록수아파트,202506,543,304
강남구,3646. 선정릉역 4번 출구,202506,648,444
강남구,3647. 구룡역 1번 출구,202506,517,500
강남구,3648. 구룡역 4번 출구,202506,130,130
강남구,3649. 구룡역 5번 출구,202506,427,423
강남구,3651. 개포동역 4번출구,202506,1501,1527
강남구,4902. 구역삼세무서 교차로,202506,926,926
강남구,4903. 신사스퀘어,202506,449,393
강남구,4905. 강남경찰서,202506,1581,1595
강남구,4906. 섬유센터 앞,202506,1936,1951
강남구,4907. 극동스포츠 앞,202506,809,617
강남구,4908. SB타워 앞,202506,403,409
강남구,4909. 노보텔 앰배서더 앞,202506,524,177
강남구,4911. 도곡동 골프 로데오거리,202506,495,497
강남구,4913. 레베쌍트 빌딩 앞,202506,433,436
강남구,4914. 도심공항타워 앞,202506,1187,1266
강남구,4915. 영동중앙교회 버스정류장,202506,282,271
강남구,4916. 청담역 1번출구,202506,248,212
강남구,4917. 일원에코파크 주차장,202506,1268,1405
강남구,4918. 매봉역 1번출구,202506,772,819
강남구,4919. 학여울역사거리(은마아파트),202506,256,259
강남구,4923.수협대치동지점,202506,949,929
강남구,4924.논현동가구거리,202506,484,446
강남구,4925. 청담백영빌딩 앞,202506,380,374
강남구,4926. 대치우성아파트 사거리,202506,1538,1529
강남구,4928. 교수마을 입구,202506,285,283
강남구,4929. 파스쿠찌 청담사거리점 앞,202506,576,625
강남구,4930. 학여울역 1번출구,202506,483,354
강남구,4931. 디에이치퍼스티어아이파크 124동 앞,202506,772,699
강남구,4932. 개포래미안포레스트 130동 맞은편,202506,364,359
강남구,4933. 디에이치퍼스티어아이파크 159동 앞,202506,223,221
강남구,4935. 도곡삼성래미안,202506,492,494
강남구,4936. SK텔레콤(T1) 인근,202506,239,118
강남구,4937.개포래미안포레스트 126동 앞,202506,307,280
강남구,4938.LH수서2단지 201동 앞,202506,1510,1612
강동구,1001. 광진교 남단 사거리(천호공원 방면),202506,2072,2066
강동구,1002. 해공공원(천호동),202506,2534,2546
강동구,1003. 해공도서관앞,202506,1556,1545
강동구,1004. 삼성광나루아파트 버스정류장,202506,1882,2513
강동구,1006. 롯데캐슬 115동앞,202506,291,267
강동구,1007.암사동 선사유적지,202506,393,420
강동구,1008. 암사역 3번출구(국민은행앞),202506,3838,4673
강동구,1009. 천호역4번출구(현대백화점),202506,6094,6035
강동구,1010. 강동세무서,202506,4049,4085
강동구,1011. LIGA 아파트 앞,202506,4697,4587
강동구,1012. 천호역효성해링턴타워 앞,202506,3314,3328
강동구,1013. 강동구청역 1번 출입구,202506,3154,3108
강동구,1015. 샛마을 근린공원,202506,1020,1025
강동구,1016. 해뜨는 주유소옆 리엔파크 109동앞,202506,1078,1082
강동구,1017. 둔촌고교입구 교차로(길동주민센터 방면),202506,2235,2205
강동구,1018. 둔촌 주공 GS 맞은편,202506,2625,2618
강동구,1019. 다성이즈빌아파트(호원대 대각선 맞은편),202506,5231,5674
강동구,1020. 강동경찰서,202506,4644,4654
강동구,1021. 강일동 리슈빌 빌딩앞,202506,1967,2294
강동구,1022. 길동 사거리(초소앞),202506,2370,2464
강동구,1023. 한국종합기술사옥 앞,202506,2718,2740
강동구,1024.  강동구청 앞,202506,4121,4178
강동구,1025. 상일초등학교,202506,742,814
강동구,1027. 프라자 아파트 앞,202506,1187,1147
강동구,1028. 포레스 주상복합 빌딩,202506,2230,2237
강동구,1029. 성내어울터,202506,3962,3865
강동구,1030. 미호 플랜트 앞,202506,1760,1762
강동구,1031. 올림픽로 836(아리수로),202506,845,912
강동구,1032. 선사고등학교,202506,745,890
강동구,1033. 고덕동 아남아파트,202506,1751,1412
강동구,1034. 고덕동 래미안 힐스테이트,202506,766,686
강동구,1036. 고덕동 주양쇼핑,202506,1179,1107
강동구,1037. 강일리버파크 6단지,202506,307,344
강동구,1038. 강일 다솜 어린이 공원,202506,361,450
강동구,1039. 고덕초등학교,202506,314,339
강동구,1041. 묘곡초등학교,202506,833,853
강동구,1042. 강일리버파크 2~5단지,202506,620,754
강동구,1044. 굽은다리역,202506,4671,4740
강동구,1048. 둔촌어린이공원,202506,2820,2965
강동구,1049. 강일리버파크 10단지,202506,683,726
강동구,1050.  둔촌역 3번 출입구,202506,6036,6272
강동구,"1051. 강일중,선사고 버스정류장(신암중학교 방면)",202506,1063,1107
강동구,1053. 동명근린공원 진입로 (아리수로),202506,364,383
강동구,1056. 강일리버파크 7~11단지,202506,604,632
강동구,1057. 능골근린공원,202506,906,908
강동구,1058. 고덕숲 아이파크 1,202506,364,331
강동구,1059. 래미안 강동팰리스(102동),202506,1883,1515
강동구,1060. 천일초교 사거리,202506,1021,984
강동구,1061. 천호초교 입구 사거리(일주빌딩),202506,1239,1220
강동구,1063.강동롯데캐슬퍼스트 아파트(관리동),202506,663,675
강동구,1064.중앙보훈병원역 1번출구,202506,688,605
강동구,1065.보훈병원 후문옆(더 원커피),202506,963,823
강동구,1066.생태공원앞 교차로(조명탑),202506,186,124
강동구,1067.한영중고앞사거리,202506,747,715
강동구,1068.명일파출소,202506,1162,1059
강동구,1070.(시립)고덕평생학습관,202506,1316,1041
강동구,1072.고덕역 5번출구,202506,2473,2180
강동구,1073. SSTS 몰 앞,202506,1049,1060
강동구,1074.대명초교입구 사거리,202506,1524,1522
강동구,1075.천동초교 삼거리,202506,2327,2409
강동구,1076. 천동초교입구사거리 버스정류장(십자성마을 방면),202506,2401,2486
강동구,1077.강동역 1번출구 앞,202506,2962,2785
강동구,1078.둔촌사거리,202506,5005,4999
강동구,1079.강일동입구교차로,202506,1217,1205
강동구,1080.천호지하주차장 5번 출입구,202506,1519,1470
강동구,1081.트레빌빌딩,202506,2100,1849
강동구,1083.광문고교사거리(아이파크),202506,839,822
강동구,1084. 윤선생빌딩(JYP사옥),202506,4503,4792
강동구,1085.래미안 솔베뉴(고덕로),202506,1174,801
강동구,1086.래미안 솔베뉴(구천면로),202506,573,561
강동구,1088.풍납사거리(강동),202506,1882,1864
강동구,1089.고덕 래미안힐스테이트(201동),202506,559,360
강동구,1090.상일동역 2번출구 앞,202506,2495,2475
강동구,3539. 서원마을,202506,207,199
강동구,3652. 한영외국어고등학교,202506,308,312
강동구,3653. 강동리버스트4단지아파트 404동 앞,202506,458,525
강동구,3654. 강동리버스트4단지아파트 405동 앞,202506,443,502
강동구,3656. 둔촌푸르지오아파트,202506,2003,1995
강동구,3657. 서울천호동우체국,202506,3184,3196
강동구,3658. 프라이어팰리스아파트,202506,711,728
강동구,3659. 명일초등학교 옆,202506,396,299
강동구,3661. 명일동신동아아파트 앞,202506,363,343
강동구,3663. 암사정수센터교차로(강동롯데캐슬퍼스트아파트),202506,479,400
강동구,3664. 맥도날드 서울둔촌DT점 앞,202506,2236,2233
강동구,3665. 고덕센트럴 아이파크상가 앞,202506,1355,1343
강동구,3668. 성내삼성아파트,202506,4556,4838
강동구,3671. 둔촌동역교차로,202506,3869,4057
강동구,3673. 강동리버스트6단지,202506,491,511
강동구,3674. 강동리버스트7단지,202506,458,487
강동구,3675. 강동리버스트8단지,202506,800,833
강동구,3676. 강동리엔파크9단지,202506,808,801
강동구,3680. 강동역3번출구,202506,4577,4580
강동구,3681. 길동 마루빌딩,202506,4541,5089
강동구,3682. 길동 동호빌딩,202506,469,471
강동구,3683. KT&G강동지사,202506,1391,1552
강동구,3684. 고덕자이(105동 앞),202506,1746,1792
강동구,3685. 강동리엔파크14단지(1401동 앞),202506,751,761
강동구,3686. 고덕 래미안 힐스테이트(101동),202506,1054,1017
강동구,3688. 상일동산(동아아파트앞 교차로),202506,435,447
강동구,3689. 강일역 3번출구,202506,677,629
강동구,3690. 강일역 4번출구,202506,568,443
강동구,3692. 둔촌오륜역 1번 출구,202506,2821,2785
강동구,3694. 강동리엔파크 13단지(1303동 앞),202506,765,776
강동구,3698. 명일역 3번출구 옆,202506,1767,1742
강동구,3699. 상일파출소 옆,202506,1525,1516
강동구,3700. 강변그대가리버뷰 입구 맞은편,202506,2199,2409
강동구,3701. 방아삼거리,202506,299,275
강동구,4951. 강동농협 버스정류소 앞(광채빌라),202506,984,954
강동구,4952.천호시장 버스정류소 옆,202506,1460,1452
강동구,4953. 세양청마루아파트 앞,202506,1702,1709
강동구,4954. 신명초등학교 건너편,202506,617,354
강동구,4956. 암사역사공원역 1번출구,202506,429,486
강동구,4957. 신명초교 교차로,202506,1442,1273
강동구,4958. 고덕래미안힐스테이트 아파트 211동,202506,615,357
강동구,4959. 암사역사공원역 3번출구,202506,368,404
강동구,4960.고덕비즈밸리 지식산업센터 A,202506,932,913
강동구,4962.고덕비즈밸리 디엠스퀘어 앞,202506,949,926
강동구,4964.암사역사공원역 1번출구 A,202506,1693,1902
강동구,4965.고덕비즈밸리 쿠쿠강동빌딩,202506,1651,1639
강북구,"1501. 미아역 3번,4번 출구 사이",202506,1343,1340
강북구,1503. 강북구청사거리(수유역 8번출구),202506,2478,2543
강북구,1504. 삼양시장오거리,202506,279,267
강북구,1506. 강북문화예술회관,202506,1316,1216
강북구,1509. 서울북부수도사업소,202506,526,536
강북구,1510. 번동주공5단지 관리사무소 앞,202506,540,551
강북구,1512. 강북중학교 앞,202506,2123,2210
강북구,1513. 강북구청 뒷편,202506,385,386
강북구,1514. 강북구청 사거리 버스정류소 앞,202506,1129,1123
강북구,1515. 송천동 주민센터,202506,470,471
강북구,1516. 우이동길마을마당,202506,680,598
강북구,1518. 수유2동은행빌딩 앞,202506,788,783
강북구,1519. 장미원시장 건너편,202506,636,636
강북구,1520. 수유중앙시장,202506,1334,1470
강북구,1525. 미아동 복합청사,202506,403,382
강북구,1526. 강북종합시장 앞,202506,978,971
강북구,1527. 미아역 1번 출구 뒤,202506,867,865
강북구,1528. 삼각산동 주민센터,202506,613,272
강북구,1529. 미아동 한국전력공사,202506,1537,1514
강북구,1530. 광산사거리,202506,1772,1857
강북구,1531. 미아사거리 1번 출구,202506,2537,2657
강북구,1532. 번3동 주민센터 교차로,202506,996,1166
강북구,"1533. 번동 주공3, 4단지 교차로",202506,1128,1306
강북구,1535. 효성인텔리안 앞,202506,2351,2391
강북구,1536. 번동 두산위브 101동 옆,202506,903,897
강북구,1537. 북한산 우이역,202506,678,502
강북구,1538. 솔밭공원역,202506,223,193
강북구,1539. 4.19민주묘지역,202506,601,637
강북구,1540. 가오리역,202506,1022,1012
강북구,1541. 삼양역,202506,315,186
강북구,1542. 삼양사거리역,202506,430,345
강북구,1543. 수유1동 주민센터,202506,708,700
강북구,1546. 송천동우체국,202506,368,541
강북구,1547. 꿈의숲 롯데캐슬,202506,492,297
강북구,1548. 북서울 꿈의숲 서문,202506,700,372
강북구,1550.삼각산아이원아파트(105동 옆),202506,206,17
강북구,1551.4.19탑 앞,202506,857,569
강북구,1552. 강북구청사거리,202506,1685,1671
강북구,1553.서울북부고용노동지청,202506,876,870
강북구,1554.번동사거리,202506,454,458
강북구,1557.신창교,202506,1004,1004
강북구,1558.강북문화정보도서관,202506,330,221
강북구,1560. 도봉세무서 앞,202506,930,944
강북구,1564.4.19민주묘지역 1번출구,202506,1011,1027
강북구,1565.수유사거리,202506,1157,1133
강북구,1568.4.19민주묘지 입구사거리,202506,710,717
강북구,1569.수유역2번출구,202506,3213,3409
강북구,1571.북서울 꿈의 숲 입구,202506,511,520
강북구,1572. 우이동 먹거리마을,202506,206,145
강북구,1573.현대성우아파트 옆,202506,234,146
강북구,1574.송중초등학교 옆,202506,574,593
강북구,3703. 삼양입구사거리,202506,366,431
강북구,3707. 드래곤타워 앞,202506,951,977
강북구,3714. 송천센트레빌,202506,177,135
강북구,3718. 번동3단지 버스정류장,202506,1025,1201
강북구,3720. 우이천 창번교,202506,804,872
강북구,3724. 삼양동주민센터 앞,202506,382,307
강북구,3725. 강북 청소년 문화정보도서관 앞,202506,403,407
강북구,3726.삼양동사거리,202506,579,582
강서구,1101. 상사마을 버스정류장(아라대교방면),202506,253,276
강서구,1102. 방화사거리 마을버스 버스정류장,202506,2927,3253
강서구,1103. 방화역 4번출구앞,202506,3532,3256
강서구,1105. 방화근린공원,202506,597,488
강서구,1106. 신방화사거리,202506,3837,3937
강서구,1108. 공항시장역 2번출구 뒤,202506,1614,1615
강서구,1109. 공항시장역 4번출구,202506,833,831
강서구,1110. 공항중학교앞,202506,1190,1183
강서구,1111. 마곡엠밸리6_7단지 마곡중학교,202506,3081,2788
강서구,1112. 마곡엠밸리4단지 정문,202506,5273,5157
강서구,1113. 서남환경공원 버스정류장,202506,3277,3071
강서구,1117. 등촌5단지아파트 버스정류장,202506,4393,4424
강서구,1118. 증미역 3번출구뒤(등촌두산위브센티움오피스텔),202506,4002,4652
강서구,1119. 염창동 한마음아파트 앞,202506,1634,1639
강서구,1120. 대림경동아파트앞,202506,2473,2314
강서구,1121. 가양레포츠센터 앞,202506,2212,2288
강서구,1124. 발산역 6번 출구 뒤,202506,7197,7211
강서구,1126. 우장산역 1번출구옆(우장산아이파크105동앞),202506,2604,1874
강서구,1127. 화곡역 버스정류장,202506,1150,1137
강서구,1128. 화곡역 6번출구,202506,1714,1711
강서구,1129. 화곡역 1번 출구 앞,202506,1667,1649
강서구,1130. 화곡본동시장 버스정류장,202506,585,558
강서구,1132. 등촌역 7번출구,202506,2528,2580
강서구,1135. 강서구의회,202506,2737,2407
강서구,1136. 등촌2파출소,202506,788,425
강서구,1137. 등촌2동주민센터,202506,527,277
강서구,1139. 용문사 버스정류장,202506,909,717
강서구,1140. 목동사거리 버스정류장,202506,2804,2775
강서구,1141. 곰달래 문화복지센터 A,202506,1854,2228
강서구,1145. 곰달래 문화복지센터 B,202506,1016,1150
강서구,1148. 볏골공원,202506,1451,1396
강서구,1149. 신방화역환승주차장,202506,4444,4428
강서구,1150. 송정역 1번출구,202506,3301,3528
강서구,1151. 마곡역1번출구,202506,5268,5317
강서구,1152. 마곡역교차로,202506,4918,5095
강서구,"1153. 발산역 1번, 9번 인근 대여소",202506,8632,8591
강서구,1155. 기쁜우리복지관,202506,2978,2907
강서구,1157. 강서구청,202506,4518,4795
강서구,1158. 가양역 8번출구,202506,4883,4946
강서구,1159. 서서울모터리움 앞,202506,903,804
강서구,1160. 양천향교역 7번출구앞,202506,6179,6234
강서구,1161. 강서면허시험장 앞,202506,446,291
강서구,1162. 공항초등학교건너편,202506,3008,3008
강서구,1163. 방화동강서기동대앞,202506,3212,3244
강서구,1165. 마곡중학교 후문,202506,1840,1365
강서구,1166. 강서구립등빛도서관,202506,6126,6129
강서구,1167. 마곡수명산파크3단지 교차로,202506,4332,4232
강서구,1168. 마곡엠밸리10단지 앞,202506,2022,1926
강서구,1169. 염창역 1번 출구,202506,2584,2728
강서구,1170. 강서구보건소,202506,867,578
강서구,1171. 염창동 새마을금고 건너편,202506,1218,1295
강서구,1172. 가양3동 주민센터,202506,2143,2313
강서구,1173. 강서구청사거리(SH타워),202506,4204,3981
강서구,1174. 강서구청사거리(부민병원),202506,1825,1831
강서구,1175. 대한항공 인력개발센터,202506,1393,962
강서구,1177. 수명중?고교,202506,2236,2290
강서구,1178. 개화산역 2번 출구,202506,1115,1134
강서구,1180. 마곡엠밸리 15단지(1502동) 건너편,202506,2953,3059
강서구,1181. 농수산식품공사 (강서지사),202506,355,357
강서구,1182. KBS 스포츠월드,202506,3982,3975
강서구,1183. 강서대학교,202506,636,458
강서구,1184. 마곡13단지,202506,4056,4155
강서구,1185. 등촌9단지,202506,2064,1890
강서구,1186. 송정중학교,202506,1191,1308
강서구,1187. 강서수산물도매시장,202506,1121,1248
강서구,1188. 롯데중앙연구소,202506,405,432
강서구,1190. 마곡역 교차로(2번출구),202506,3856,3818
강서구,"1191. 마곡역 버스정류장(마곡나루역1번출구, 웰튼병원 방면)",202506,3975,3939
강서구,1192. 마곡수명산파크 209동 건너편,202506,3268,2608
강서구,1193. 마곡센트럴타워 1차,202506,2967,3084
강서구,1195. 코오롱One&Only타워,202506,2051,2176
강서구,1196. 서울식물원(문화센터) 건너편,202506,688,613
강서구,1197. 엠펠리체 호텔 건너편,202506,2549,2504
강서구,1198. LG 사이언스파크,202506,2373,2377
강서구,1199. 우장산역 3번출구,202506,1710,1341
강서구,1200. 개화광역환승센터,202506,415,419
강서구,2701. 마곡나루역 5번출구 뒤편,202506,10353,10534
강서구,2702. 마곡 엠밸리2단지,202506,2232,2225
강서구,2703.서울도시가스 앞 ,202506,1177,938
강서구,2704.홈플러스(강서점),202506,3688,3839
강서구,2706.강서공업고등학교 앞,202506,1212,1221
강서구,2707.한강아파트,202506,3085,2798
강서구,2708.강서한강자이타워 앞,202506,3958,3952
강서구,2709.강변아파트 310동 앞,202506,1641,1573
강서구,2710.라이품 공영주차장 앞,202506,1497,1311
강서구,2711.가로공원공영주차장 1번 출구,202506,1567,1750
강서구,2712.화곡터널입구교차로,202506,1026,302
강서구,2713.우장초등학교 앞,202506,2247,2265
강서구,2715.마곡나루역 2번 출구 ,202506,16450,16599
강서구,2716.롯데 R&D 센터,202506,693,693
강서구,2717.LG유플러스 마곡사옥,202506,4855,5499
강서구,2718.마곡수명산파크1단지,202506,2742,2524
강서구,2719.마곡문화공원,202506,3987,4604
강서구,2720.힐스테이트에코,202506,3645,3635
강서구,2721.등촌1-10단지 교차로,202506,5779,5674
강서구,2723.마곡 필네이처,202506,3724,3857
강서구,2724.(재)FITI시험연구원,202506,1916,1590
강서구,2725.서울식물원 식물문화센터,202506,1703,1441
강서구,2727.서울식물원 잔디마당 앞,202506,2378,2401
강서구,2728.마곡나루역 3번 출구,202506,10656,10662
강서구,2729.넥센 유니버시티 앞,202506,2246,2267
강서구,2730.마곡메가박스 앞,202506,2572,2572
강서구,2731.명덕고교,202506,1797,2196
강서구,2732.마곡수명산 1-2단지 ,202506,2646,2169
강서구,2733.마곡13단지 정문 앞,202506,5828,5423
강서구,2737.까치산역 3번 출구,202506,1557,1658
강서구,2739.수명산파크1단지교차로,202506,4792,4867
강서구,2740.마곡레포츠센터,202506,1407,1363
강서구,2741.마곡수명산파크5-6단지,202506,2334,1732
강서구,2742.강서구민올림픽체육센터,202506,3019,3228
강서구,2744.강서세무서 앞,202506,3154,3146
강서구,2745.수명초등학교,202506,2456,2411
강서구,2746.수명산파크 4단지 411동 앞,202506,2124,2047
강서구,3753. 공항중학교 버스정류장,202506,728,630
강서구,3754. 신방화역 8번출구,202506,1835,1831
강서구,3756. 마곡힐스테이트 정문,202506,2021,1846
강서구,3757. 신방화역 6번출구,202506,2163,2136
강서구,3758. 서울남부출입국관리소,202506,2203,1615
강서구,3759. 이대서울병원,202506,2050,2174
강서구,3760. 발산역 8번 출구,202506,2643,2648
강서구,3761. 나이아가라관광호텔,202506,651,707
강서구,3762. 마곡9단지 907동앞,202506,1494,1469
강서구,3763. 등촌태영아파트,202506,1486,1690
강서구,3764. 관문주유소(GS칼택스) 앞,202506,1737,1691
강서구,3765. 문소빌딩,202506,618,558
강서구,3766. 강서문화센터,202506,289,256
강서구,3767. 대원빌딩,202506,2103,2067
강서구,3770. 남부순환로 205,202506,530,447
강서구,3772. 길성그랑프리텔아파트,202506,3722,3693
강서구,3774. 마곡9단지 910동 상가앞,202506,1816,1808
강서구,3775. 가양오토갤러리,202506,1394,1455
강서구,3776. 김포공항사거리,202506,683,702
강서구,3778. 김포공항입구 교차로,202506,2126,2104
강서구,3780. 등촌서광아파트,202506,4929,4892
강서구,3781. 강서아동복지센터,202506,71,133
강서구,3782. 겸재정선미술관,202506,2067,1994
강서구,3783. 마곡금호어울림아파트,202506,1528,1541
강서구,3784. 벽산아파트,202506,3510,3321
강서구,3785. 마곡14단지 1408동앞,202506,1977,1840
강서구,3786. 강서힐스테이트 상가 앞,202506,962,832
강서구,3787. 가양나들목,202506,964,983
강서구,3788. 정곡나들목,202506,1798,1892
강서구,3789. 염창나들목,202506,3719,4109
강서구,3792. 화곡본동시장 입구,202506,795,735
강서구,3793. 더리브골드타워,202506,1333,1364
강서구,3794. 안양천합수부(현대3차아파트),202506,2424,2302
강서구,3796. 송정역 3번출구 앞,202506,1988,1890
강서구,3797. 마곡수명산파크7단지 710동 앞,202506,755,712
강서구,3798. 그랜드아이파크아파트 앞,202506,5857,5954
강서구,3799. 국립항공박물관,202506,476,506
강서구,3801. 이랜드글로벌R&D센터,202506,387,391
강서구,5052. 마곡역 7번출구,202506,5678,6070
강서구,5053. 신마곡벽산블루밍메트로오피스텔앞,202506,1981,2306
강서구,5055. 마곡역5번출구앞,202506,1954,1986
강서구,5057. 마곡역4번출구,202506,2069,2079
강서구,5059. 화곡2동주민센터,202506,1118,1437
강서구,5061. 우장산동 가곡어린이공원앞,202506,4823,5005
강서구,5064. 양천향교역8번출구,202506,2915,2935
강서구,5065. 허준박물관삼거리,202506,2155,2161
강서구,5066. 아망떼마곡전시장,202506,2155,2444
강서구,5067. 주원 리젠트 앞,202506,917,925
강서구,5070. 마곡13단지힐스테이트마스터 후문(1320동 앞),202506,3757,3770
강서구,5072. 김포공항입구 교통섬,202506,617,595
강서구,5073. 우장산역 헤링턴타워 앞,202506,1604,1394
강서구,"5074. 마곡엠밸리14단지 버스정류장(마곡엠밸리11,12단지상가방면)",202506,3865,3858
강서구,5075. 등촌역 1번출구,202506,1575,1482
강서구,5076. 메이필드호텔앞,202506,1020,938
강서구,5078. 왈도강서캠퍼스 앞,202506,1354,1389
강서구,5080. 가양역 1번출구,202506,4103,4348
강서구,5082. 가양역 7번출구,202506,5499,6449
강서구,5084. 강서우체국,202506,1712,1526
강서구,5086. 가양테크노타운,202506,2188,2500
강서구,5087. 연세강서빌딩,202506,2808,2714
강서구,5088. 등촌역 센터스퀘어,202506,1551,1483
강서구,5089. LG사이언스파크 E10동,202506,1868,1847
강서구,5090. 대상연구소,202506,958,1039
강서구,5091. 보타닉파크타워2,202506,1684,1701
강서구,5095. 원당근린공원,202506,3417,3437
강서구,5096. LG사이언스파크 E14동,202506,3650,4554
강서구,5097. LG사이언스파크 E2동,202506,1232,1233
강서구,5098. LG사이언스파크 W4동,202506,998,992
강서구,5099. LG사이언스파크 E7동,202506,1797,1867
강서구,5100. 강서도로사업소,202506,395,425
강서구,6171. 월드빌딩 앞,202506,1618,1544
강서구,6172. 가양5단지아파트,202506,451,444
강서구,6173. 서울자동차운전전문학원,202506,272,265
강서구,6176. 유광사 여성병원 앞,202506,976,939
강서구,6177. 마곡롯데캐슬르웨스트,202506,2693,2684
강서구,6178. 마스터밸류에이스 지식산업센터,202506,1057,1049
강서구,6180.양천향교역 3번출구,202506,714,692
강서구,6182.오스템임플란트비전타워,202506,650,668
강서구,6183.K스퀘어 마곡,202506,1411,1406
관악구,2102. 봉림교 교통섬,202506,7021,7162
관악구,2103. 신림동 우방아파트,202506,1294,1286
관악구,2104. 사당역 5번출구,202506,1343,1548
관악구,2105. 미성동 신림체육센터,202506,1073,1101
관악구,2106. 세이브마트,202506,1631,1889
관악구,2108. 은천치안센터,202506,1335,1296
관악구,2109. 은천로입구 가로공원,202506,3027,3025
관악구,2110. 조원동 미성아파트,202506,1821,1967
관악구,2111. 서울대입구역 1번출구,202506,1141,1143
관악구,2112. 서울대입구역 마에스트로,202506,882,908
관악구,2115. 관악구시설관리공단,202506,1427,1250
관악구,2116. 에이스에이존빌딩,202506,707,711
관악구,2119. 중앙동 동진빌딩,202506,744,736
관악구,2122. 낙성대로 입구,202506,612,617
관악구,2127. 난곡종점,202506,431,197
관악구,2128. 관악구청교차로,202506,496,485
관악구,2129. 낙성대 과학전시관,202506,403,174
관악구,2130. 영어마을 관악캠프,202506,203,114
관악구,2136. 신림역 8번출구,202506,4400,4444
관악구,2137. KT&G 관악지점,202506,635,632
관악구,2139. 서울신성초등학교,202506,578,578
관악구,2140. 신림1교 교차로,202506,2357,2399
관악구,2143. 서울산업정보학교,202506,401,387
관악구,2144. 난우길입구,202506,465,566
관악구,2145. 은천초등학교 육교,202506,812,728
관악구,2148. 낙성대역 3번출구 뒤,202506,731,711
관악구,2156. 신림푸르지오아파트,202506,950,933
관악구,2159. 인헌초교,202506,276,257
관악구,2164. 관악우체국,202506,802,806
관악구,2165. JK장평타워,202506,230,206
관악구,2167. 낙성대역 1번출구,202506,518,507
관악구,2169. 봉천역 2번출구,202506,1576,1638
관악구,2170. 조원동 강남힐병원,202506,959,981
관악구,2171. 서울대입구역 5번출구,202506,1477,1471
관악구,2172. 나들목공원,202506,917,780
관악구,2173. 당곡사거리,202506,3156,3170
관악구,2174. 삼성디지털프라자관악점,202506,726,706
관악구,2175. 신림동걷고싶은문화의거리입구,202506,1218,1201
관악구,2176. 보라매공원 보도육교,202506,2437,2493
관악구,2177. 신대방역 2번 출구,202506,6337,6829
관악구,2178. 서울대학교 정문,202506,856,483
관악구,2179. 양녕로 입구,202506,1169,1199
관악구,2184. 구암초등학교 버스정류장,202506,63,24
관악구,2185. 대학동 고시촌,202506,1223,1256
관악구,2186. 낙성대입구삼거리,202506,492,446
관악구,2187. 현대시장사거리,202506,1443,1007
관악구,2189. 봉천역 4번출구,202506,1331,1388
관악구,2190.도원맨션,202506,512,495
관악구,2191.대학동주민센터 ,202506,1074,1085
관악구,2195.은천교회,202506,1199,1232
관악구,2196. 봉천역 3번출구,202506,697,675
관악구,2198.사랑의병원,202506,760,769
관악구,2199.신봉천주유소 A,202506,203,200
관악구,3310.영락고등학교,202506,513,84
관악구,3311.서울대입구역 4번 출구,202506,982,973
관악구,3802. 관악구민체육센터,202506,473,469
관악구,3803. 남서울중학교,202506,1094,1075
관악구,3804. 낙성대공원,202506,360,305
관악구,3806. 낙성대 교수아파트,202506,265,115
관악구,3807. 관악우체국 교차로,202506,438,445
관악구,3811.신사로입구,202506,1739,1726
관악구,3812. KT관악지점,202506,1189,1185
관악구,3813. 낙성대역 5번출구,202506,447,446
관악구,3814. 난곡사거리 ,202506,1479,1577
관악구,3815. 광일빌딩,202506,1013,1101
관악구,3816. 관악 GSfresh,202506,872,739
관악구,3818. 은천교회 앞,202506,1117,1121
관악구,3819. 서울대벤처타운역,202506,3241,3353
관악구,3820. 은천삼거리,202506,467,387
광진구,3500. 군자역2번출구,202506,3006,3006
광진구,3501. 광진구청 앞,202506,2188,2062
광진구,3502. 중곡역 1번출구,202506,1544,1387
광진구,3503. 광진유진스웰,202506,291,82
광진구,3504. 원일교회,202506,3413,3141
광진구,3505. 신양초교앞 교차로,202506,1092,1093
광진구,3506. 영동대교 북단,202506,1567,1570
광진구,3507. 어린이회관,202506,1419,1048
광진구,3508. 화양사거리,202506,1371,1173
광진구,3509. 세종사이버대학교,202506,4087,4158
광진구,3510. 중곡SK아파트앞,202506,795,563
광진구,3516. 구의아리수정수센터앞,202506,1059,922
광진구,3517. 용마사거리,202506,2043,2360
광진구,3518. 군자역 7번출구뒤,202506,5461,5416
광진구,3520. 광진경찰서,202506,3612,3470
광진구,3521. 현대홈타운 뒷길,202506,585,458
광진구,3523. 건국대학교 과학관(이과대) 앞,202506,937,952
광진구,3528. 광진정보도서관,202506,1499,1792
광진구,3529. 어린이대공원정문,202506,1131,931
광진구,3533. 건대입구역 사거리(롯데백화점),202506,6996,7423
광진구,3534. 건대입구역 5번출구 뒤,202506,6197,6269
광진구,3536. 중앙농협(자양동),202506,3199,3261
광진구,3537. 아차산 휴먼시아 아파트 옆,202506,638,286
광진구,3542. 래미안 구의파크 스위트,202506,2922,2917
광진구,3543. 세종대학교(학술정보원),202506,941,948
광진구,3563.구의7단지현대아파트,202506,346,337
광진구,3566.우성4차아파트,202506,2071,2032
광진구,3569.건대병원후문,202506,5365,5445
광진구,3570.구의역 리버비스타 오피스텔,202506,4049,4128
광진구,3571.화양 APT(횡단보도 옆),202506,4838,4724
광진구,3573.광나루안전체험관,202506,1617,1503
광진구,3575. 자양사거리(서원빌딩),202506,4564,4568
광진구,3579.광진 캠퍼스시티,202506,2894,2779
광진구,3581.광진광장,202506,2699,2277
광진구,3582.화양동 우체국,202506,3210,3109
광진구,3586.군자역 비채온 오피스텔,202506,2610,2647
광진구,3587.우성식품 앞,202506,1154,1197
광진구,3588.세종대학교(영실관),202506,953,950
광진구,3853. 어린이대공원역 2번출구,202506,1569,1179
광진구,3860. 건국대학교 정문 앞,202506,1799,1658
광진구,3863. 동일로58길 입구,202506,1241,1162
광진구,3864. 광진소방서 앞,202506,2006,1741
광진구,3865. 이튼타워리버 2차,202506,2026,2030
광진구,3868. 자양한강도서관,202506,2958,3037
광진구,3873. 동서울우편집중국 앞,202506,1442,1372
광진구,3878. 장로회신학대학교 주기철 기념관,202506,66,62
광진구,3879. 중랑천 뚝방길 산책로 입구,202506,1668,1871
광진구,3880. 홍련봉 공원,202506,936,640
광진구,3881. 신자초교입구 교차로,202506,4017,4091
광진구,3882. 자양2동 주민센터,202506,2442,2503
광진구,3886.광진구 민방위교육센터,202506,2075,2006
광진구,3890. 웰츠타워 오피스텔,202506,2988,3010
광진구,3894. 노룬산시장 앞,202506,1939,1960
광진구,3899. 아차산역 2번출구,202506,1412,1415
광진구,3900. 건국대학교 신공학관,202506,1882,2112
광진구,500. 어린이대공원역 3번출구 앞,202506,2744,2549
광진구,501. 광진구의회 앞,202506,2445,2202
광진구,502. 자양(뚝섬한강공원)역 1번출구 앞,202506,12149,13367
광진구,505. 자양사거리 광진아크로텔 앞,202506,2530,2373
광진구,5151.진넥스베르디엠 앞,202506,2124,2519
광진구,516. 광진메디칼 앞,202506,2028,1988
광진구,539. 군자교교차로,202506,2381,2369
광진구,540. 군자역 7번출구 베스트샵 앞,202506,2772,2778
광진구,542. 강변역 4번출구 뒤,202506,1780,1761
광진구,543. 구의공원(테크노마트 앞),202506,3012,3146
광진구,544. 광남중학교,202506,1399,1473
광진구,546. 잠실대교북단 교차로,202506,2513,2489
광진구,548. 자양나들목,202506,2919,2934
광진구,549. 아차산역 3번출구,202506,2684,2545
광진구,551. 구의삼성쉐르빌 앞,202506,898,921
광진구,552. 대림아크로리버 앞,202506,1193,1239
광진구,553. 중곡 성원아파트 앞,202506,1200,1372
광진구,555. 구의3동주민센터,202506,800,771
광진구,571. 세종대학교 대양AI센터,202506,1868,1864
광진구,573. 구의문주차장 앞,202506,2704,2638
광진구,574. 아차산역4번출구,202506,2759,1792
광진구,575. 대원중고교 입구(대하빌딩),202506,768,575
광진구,576. 광나루역 3번 출구,202506,2557,2639
광진구,577. 광진청소년수련관,202506,2114,2166
광진구,584. 광진광장 교통섬,202506,3793,3046
광진구,588. 뚝섬 유원지역,202506,2359,2338
광진구,590. 건국대학교 (입학정보관),202506,2390,2368
광진구,591. 건국대학교 (행정관),202506,1221,1223
광진구,592. 건국대학교 학생회관,202506,3158,3554
광진구,593.자양중앙나들목,202506,2423,2596
구로구,1901. 신도림동주민센터 앞,202506,2428,2494
구로구,1904. 도림천역 1번 출구 앞,202506,2158,2160
구로구,1906. 신도림역 1번 출구 앞,202506,6617,6618
구로구,1907. 구일우성(아) 육교 밑,202506,1695,1673
구로구,1908. 해원리바파크 육교 밑,202506,2833,2823
구로구,1910. 낙원교회 맞은편,202506,583,455
구로구,1911. 구로디지털단지역 앞,202506,6811,6825
구로구,1912. 한신휴아파트 앞,202506,2402,2467
구로구,1914. 대림역4번출구,202506,3295,3283
구로구,1916. 구로중학교앞,202506,1035,1085
구로구,1920. 서울미래초등학교 사거리,202506,1428,1217
구로구,1924. 삼부르네상스파크빌,202506,1480,789
구로구,1925. 동양미래대학교 정문 옆,202506,4980,4969
구로구,1928. 고척스카이돔구장 광장,202506,1667,1644
구로구,1929. 고척근린공원 고척도서관 앞,202506,1326,1141
구로구,1930. 개봉지구대 개봉치안센터,202506,1011,1007
구로구,1931. 개봉역2번출구 A,202506,1720,2036
구로구,1933. 개봉푸르지오아파트 상가,202506,2138,2349
구로구,1936. 개봉역 1번 출구 자전거보관서쪽,202506,929,1122
구로구,1937. 한진아파트 입구,202506,1189,1093
구로구,1941. 오류동역 2번출구,202506,1123,1395
구로구,1943. 온수역 북측,202506,333,327
구로구,1946. 구로역 광장,202506,3033,3127
구로구,1951. 천왕이펜하우스 4단지 후문,202506,305,194
구로구,1952. 천왕연지타운2단지 앞,202506,1420,1907
구로구,1953. 천왕역 4번출구 뒤,202506,1173,734
구로구,1955. 디지털입구 교차로,202506,2560,2599
구로구,1956. 동아1차APT105동 버스정류장(신도림중학교 방면),202506,1986,2042
구로구,1957. 구일고등학교 정문 ,202506,2392,2399
구로구,1958. 강서수도사업소민원센터,202506,2199,2307
구로구,1959. 구로구의회 앞,202506,1585,1608
구로구,1960. 구로거리공원 동측(신도림역 방면),202506,1415,1253
구로구,1961. 신도림테크노근린공원,202506,2484,2503
구로구,1962. 가리봉동주민센터,202506,1569,1525
구로구,1964. 원메디타운 앞,202506,2777,2831
구로구,1965. 삼환로즈빌아파트 105동 옆,202506,1228,1086
구로구,1966. 한마을아파트 정문상가,202506,1875,1879
구로구,1967. 참새공원(백곡경노당),202506,608,682
구로구,1969. 궁동생태공원,202506,139,143
구로구,1971. 오정초교 앞 보도육교,202506,201,173
구로구,1973. 오리로와 서해안도로 교차로 앞,202506,456,301
구로구,1974. 신도림2차e편한세상아파트 203동 앞,202506,1390,1273
구로구,1975. 대림역 1번 출입구 밑,202506,1789,1775
구로구,1976. 남구로역 5번 출입구 앞,202506,755,480
구로구,1977. 천왕역 1번 출입구 앞,202506,2051,1652
구로구,1979. 구로1동우체국 앞,202506,253,231
구로구,1981. 천왕지구삼거리 앞,202506,799,1074
구로구,1983. 구로동롯데아파트,202506,954,876
구로구,1985. 구로도서관,202506,4260,3875
구로구,1986. 태평양물산,202506,2875,3279
구로구,1987. 개봉아이파크아파트 앞,202506,1555,1672
구로구,1988. 고척LIGA아파트 앞,202506,2236,2262
구로구,1991. 오류동역 맞은편,202506,1711,2176
구로구,1992. 구로구배드민턴실내체육관 앞,202506,395,501
구로구,1993. 금강수목원아파트 앞,202506,972,976
구로구,1994. 삼성전자 물류센터 앞,202506,1693,1704
구로구,1996. 구일역 1번 출입구 앞,202506,2573,2577
구로구,1998. 고척교 교차로,202506,644,541
구로구,1999. 수궁동 성당 주변,202506,582,564
구로구,2000. 신도림4차 e편한세상 아파트 1109동 앞,202506,2011,1781
구로구,2801. 대륭포스트타워1차,202506,2064,2071
구로구,2804.항동지구 6단지 602동 앞,202506,297,331
구로구,2805.구로자원순환센터 ,202506,149,90
구로구,2806.항동지구 4단지 입구,202506,198,132
구로구,2807.항동지구 1단지 105동 앞,202506,237,273
구로구,2808.항동지구 2단지 202동 앞,202506,223,245
구로구,2809.항동지구 11단지 1103동 앞,202506,107,166
구로구,2810.항동지구 3단지 311동 앞,202506,132,146
구로구,2812.항동프라자,202506,507,563
구로구,2813.항동지구 3단지 302동 앞,202506,88,80
구로구,2814.항동지구 10단지 1001동 앞,202506,237,180
구로구,2815.항동지구 7단지 정문,202506,466,416
구로구,2816.항동지구 8단지 803동옆(주차장입구),202506,100,97
구로구,2817.천왕이펜하우스5단지 앞,202506,333,170
구로구,2818.천왕이펜하우스3단지 앞,202506,472,134
구로구,2819.하늘숲초등학교 앞,202506,944,1400
구로구,2820.신세기아파트 앞,202506,801,889
구로구,2821.청구아파트 앞,202506,1329,1270
구로구,2822.제니스스포츠 앞,202506,505,439
구로구,2823.중앙유통단지 앞,202506,953,944
구로구,2824.미래사랑어린이공원 앞,202506,4286,4382
구로구,2825.초롱타운 앞,202506,373,362
구로구,2826.가마산지하보도 옆,202506,642,689
구로구,3902. 항동지구5단지 501동 앞,202506,322,335
구로구,3903. 현대아파트 앞,202506,821,848
구로구,3904. 테크노마트 앞,202506,2496,2480
구로구,3905. 희훈타워빌 앞,202506,2125,2045
구로구,3906. 천왕차량사업소 입구,202506,682,983
구로구,3907. 신도림7차e편한세상아파트 806동 앞,202506,1523,1424
구로구,3908. 오류동 다숲오피스텔 앞,202506,1107,1554
구로구,3910. 목양전원교회 앞 로터리,202506,349,428
구로구,3911. 항동하버리안2단지아파트 후문,202506,242,262
구로구,3912. 삼호아파트 앞,202506,862,865
구로구,3914. 신도림쌍용플래티넘노블아파트 앞,202506,2227,2225
구로구,3915. 동선아파트 앞,202506,249,243
구로구,3917. 성공회대학교,202506,634,320
구로구,3918. 이좋은집오피스텔 앞,202506,875,1113
구로구,3919. 구로역·NC신구로점 버스정류장(구로역 방면),202506,1819,1823
구로구,3920. 개봉역2번출구 B,202506,582,612
구로구,3922. 서울남부교정시설 앞,202506,517,553
구로구,3923. 구로공구상가 앞,202506,306,318
구로구,3924. 오류동 계림웨스트밸리 앞,202506,298,282
구로구,3925. 중앙유통단지 앞 B,202506,1071,1169
구로구,3927. 구로월드아파트 앞,202506,1804,1993
구로구,3928.고척아이파크아파트 106동 앞,202506,1473,1484
구로구,3929. 고척아이파크아파트 205동 앞,202506,1842,1651
구로구,3930. 온수역 2번 출구 앞,202506,775,786
구로구,3931. 천왕역 3번 출구 뒤,202506,1052,814
구로구,3932. 개봉센트레빌레우스아파트 앞,202506,359,278
구로구,3933. 오류동부골든아파트 후문 옆,202506,692,69
구로구,3934. 철도교통관제센터 정문 앞,202506,1716,1815
구로구,3935. 고대구로병원 앞,202506,1334,1343
구로구,3936. 힐스테이트 신도림역,202506,2526,2371
구로구,3937. 개봉역 신영지웰에스테이트,202506,158,121
구로구,3939.신도림역 3번출구,202506,4715,5205
금천구,1804. 독산역 2번출구 자전거주차장,202506,1646,1639
금천구,1805. 서울디지털운동장 앞,202506,1154,1168
금천구,1806. 에이스하이엔드타워9차 앞,202506,1064,1061
금천구,1808. 에이스하이엔드타워8차 앞,202506,1026,1057
금천구,1809. LG전자 별관동(호서대 벤처타워 맞은편),202506,1178,1294
금천구,1812. 갑을그레이트밸리 앞,202506,787,820
금천구,1814. 두산위브아파트 옆 상가건물 앞,202506,1170,1186
금천구,1819. 금천구청 앞 자전거거치대,202506,416,422
금천구,1820. 신한은행 시흥대로금융센터지점,202506,230,262
금천구,1821. 홈플러스 시흥점 맞은편 다비치안경 앞,202506,855,906
금천구,1822. 서울 시흥동우체국 앞,202506,621,630
금천구,1823. 상신정비공업 앞,202506,334,168
금천구,1824. 독산근린공원 입구,202506,1938,1977
금천구,1825. 한신아파트 앞 육교 아래,202506,664,679
금천구,1826. 한신코아 앞,202506,489,551
금천구,1827. 독산보도육교 앞 자전거 보관소,202506,2259,2409
금천구,1828. 한양수자인아파트 앞,202506,915,499
금천구,1829. 홈플러스 금천점 앞,202506,892,953
금천구,1830. 빅마켓 금천점 앞,202506,1836,1853
금천구,1831. 한국전력 구로금천지사 앞,202506,649,649
금천구,1833. 독산역 1번출구 A,202506,924,931
금천구,1834. 월드메르디앙 벤처센터 2차,202506,1334,1445
금천구,1835. STX V타워,202506,699,724
금천구,1836. 금천구립 독산도서관,202506,165,52
금천구,1839. 수출의 다리 아래,202506,772,768
금천구,1840. 솔브레인이엔지 뒤편,202506,757,840
금천구,1841. 가산동 주민센터,202506,1551,1559
금천구,1842. 한울중학교,202506,235,65
금천구,1843. 독산고등학교,202506,572,425
금천구,1846. 롯데캐슬골드파크1차 동문,202506,1095,1082
금천구,1847. 독산주공 14단지 버스정류소,202506,274,297
금천구,1848. 벽산 디지털밸리 5차,202506,1159,1461
금천구,1849. 대륭포스트타워5차,202506,576,590
금천구,1850. 코오롱테크노밸리,202506,376,375
금천구,1851. 가산디지털단지 9번출구 인근,202506,3120,3112
금천구,1853. 서울디자인직업전문학교 앞,202506,414,415
금천구,1854. 가산아네스트 오피스텔 앞,202506,826,293
금천구,1855. 성지아파트 옆 도로변,202506,163,173
금천구,1856. 모두의학교,202506,630,626
금천구,1857. 주공14단지,202506,329,336
금천구,"1858. 500번,507번 버스 종점 앞",202506,329,348
금천구,1859. 대륭테크노타운 18차,202506,601,618
금천구,1861.IBK기업은행 석수역 지점 앞,202506,164,161
금천구,1862.스타즈호텔독산 빌딩 앞,202506,787,714
금천구,1863.위너스 스포츠클럽 골프연습장옆,202506,432,380
금천구,1864.산호시티빌 옆,202506,366,181
금천구,1865.금천구청앞(M빌딩),202506,364,400
금천구,1866.서울안천초등학교 옆,202506,185,185
금천구,1867.대륭포스트타워6차 앞,202506,5348,5786
금천구,1868.우리은행 시흥남자동화점 앞,202506,436,428
금천구,1869.롯데캐슬골드파크3차 301동 앞,202506,1040,1042
금천구,1870.독산3동주민센터 앞,202506,788,394
금천구,3956. 대륭테크노타운21차 앞,202506,823,836
금천구,3958. 롯데캐슬2차 마을버스 정류장(18804) 뒤편,202506,590,634
금천구,3959. 시흥사거리(시흥동 994-3 앞),202506,979,1108
금천구,3963. 에이스 하드웨어(시흥대로 396) 앞,202506,948,1035
금천구,3966. 독산역1번출구 B,202506,2212,2494
금천구,3967. 혜명양로원 담장 옆(2),202506,456,328
금천구,3968. 독산동 현대홈타운 금천과선교 앞,202506,562,568
금천구,3969. 독산역 롯데캐슬 104동 앞,202506,697,584
금천구,3970. 시흥4동주민센터 앞,202506,263,263
금천구,3971. 순흥안씨묘 건너편,202506,77,55
금천구,3972. 산기슭공원 앞,202506,183,115
금천구,3973. 독산2동주민센터 앞,202506,336,198
금천구,3974.  안천중학교,202506,358,365
금천구,3975.현대시티아울렛 가산,202506,1721,1798
금천구,3980. 금천현대홈타운 후문 서부샛길,202506,891,854
금천구,3983. 금천구청역 1번 출구,202506,1014,1288
금천구,3984. 가산롯데아이티캐슬,202506,1304,1376
금천구,3985. 디폴리스 지식산업센터,202506,1001,1027
금천구,3986.청년주택 독산동점,202506,867,863
금천구,3987. LG전자가산A와 가산테라타워 사이,202506,1296,1317
금천구,3988. 엘아르베뉴 102동 앞,202506,1041,1063
노원구,1601. 석계역 문화광장 내 자전거 보관소,202506,5264,5681
노원구,1602. 광운대역 앞,202506,2057,2220
노원구,1605. 헬스케어,202506,1252,1452
노원구,1606. 태릉입구역 3번출구 ,202506,1887,1872
노원구,1608. 공릉역 1번 출구 앞,202506,4899,5366
노원구,1610. 화랑대역 2번출구 앞,202506,2504,2673
노원구,1611. 과기대 입구(우),202506,3947,4098
노원구,1616. 하계2동 공항버스정류장 옆,202506,966,972
노원구,1617. 하계동 중평어린이공원 앞,202506,2613,3060
노원구,1619. 중계동 하나프라자빌딩 앞(중1-1),202506,2513,2491
노원구,1620. 중계구민체육센터,202506,946,953
노원구,1625. 상계역 3번출구,202506,5738,5756
노원구,1627. 수락산역 4번출구,202506,1433,1434
노원구,1628. 노일초등학교 앞,202506,859,910
노원구,1630. 수연빌딩 앞,202506,1438,1463
노원구,1634. 당고개공원 대여소,202506,652,639
노원구,"1635. 상계3,4동 주민센터 대여소",202506,329,277
노원구,1636. 상계주공2단지 버스정류장 옆,202506,2466,2455
노원구,1637. KT 전화국 버스정류장 옆,202506,4451,4586
노원구,1639. 희성오피앙,202506,1114,1084
노원구,1640. 한내근린공원 북측,202506,1702,1752
노원구,1641. 한내근린공원 남측,202506,867,916
노원구,1642. 서울여대 남문,202506,932,653
노원구,1643. 태릉입구역 8번출구,202506,2729,2763
노원구,1646. 삼육대 입구,202506,439,414
노원구,1650. 중계근린공원내,202506,4125,4296
노원구,1651. 상계동 우방유쉘아파트 앞,202506,1327,1390
노원구,1652. 파르코 앞,202506,469,467
노원구,1653. 노원역1번출구,202506,3964,3979
노원구,1654. 당고개입구 오거리,202506,921,924
노원구,1655. 공릉1단지아파트,202506,3165,3264
노원구,1656. 중앙하이츠 아파트 입구,202506,2888,2810
노원구,1657. 노원구청 ,202506,2441,2459
노원구,1659. 중계동 을지중학교,202506,1063,966
노원구,1660. 서울시립과학관,202506,557,402
노원구,1661. 당현천근린공원,202506,2088,1994
노원구,1662. 노원역7번출구,202506,3354,3589
노원구,1663. 동해문화예술관앞,202506,3229,3191
노원구,1664. 노해근린공원내,202506,1015,973
노원구,1665. 양지근린공원앞,202506,1684,1176
노원구,1666. 노원소방서인근,202506,824,685
노원구,1667. 중계중학교,202506,2210,2089
노원구,1668. 중계역 6번출구,202506,3459,3680
노원구,1669. 중계역 3번출구,202506,2910,2930
노원구,1670. 노원경찰서교차로,202506,1640,1579
노원구,1671. 인덕대학교,202506,806,1042
노원구,1672. 상계동수락리버시티,202506,606,709
노원구,1674. 서울북부고용센터앞,202506,3658,3753
노원구,1675. 월계문화체육센터,202506,292,215
노원구,1677. 육군사관학교  앞,202506,1712,1840
노원구,1678. 성서대학교 밀알관,202506,436,436
노원구,1679. 삼육대 도서관,202506,453,330
노원구,1680. 삼육대 제3과학관,202506,50,24
노원구,1681. 현대6차 아파트,202506,1820,1428
노원구,1682. 중계종합사회복지관 교차로,202506,713,706
노원구,1683. 노원문화예술회관,202506,2336,2337
노원구,1684. 태릉입구역 5번출구,202506,4355,4347
노원구,1685. 불암고등학교 앞 횡단보도,202506,1894,1876
노원구,1686. 상계주공10단지 종합상가 앞,202506,2410,2295
노원구,1688. 마들역 7번출구,202506,2791,2784
노원구,1689. 마들역 3번출구,202506,1943,2010
노원구,1690. 도봉운전면허시험장 버스정류장 옆,202506,1420,1420
노원구,1691. 노원정보도서관,202506,1951,1953
노원구,1692. 온곡초교 교차로,202506,2397,1617
노원구,1693. 원자력 병원,202506,663,294
노원구,1696.수락리버시티4단지,202506,709,694
노원구,1697.상계주공2단지 219동,202506,1984,1964
노원구,2901.공릉동풍림아파트 101동,202506,1677,1707
노원구,2902.공릉풍림아파트 108동,202506,1487,1548
노원구,2903.월계초안아파트 1단지,202506,541,517
노원구,2904.중계3차청구아파트,202506,1327,1295
노원구,2907. 월계중학교,202506,549,100
노원구,2908. 광운대학교 중앙도서관,202506,2314,2221
노원구,2909. 석계역 3번 출구,202506,1942,2120
노원구,2910.도깨비시장,202506,1960,2218
노원구,2911.상계역중앙시장,202506,1567,1548
노원구,2912.대진고등학교,202506,1302,931
노원구,2913.상계8동 주민센터,202506,2084,2246
노원구,2914.서울과학기술대학교(미래관),202506,1014,1134
노원구,2915.서울과학기술대학교(어학교육원),202506,2598,1927
노원구,2917.신창중학교 후문 맞은편 버스정류장,202506,1325,1523
노원구,2919.등나무 근린공원(시립북서울미술관 앞) ,202506,4003,4059
노원구,2920.상계중학교(당현2교사거리),202506,1036,973
노원구,2921.중계역 2번출구,202506,2838,3139
노원구,4002. 상계주공 14단지 상가 앞,202506,1164,1170
노원구,4004. 당고개입구오거리 당현천변,202506,1672,1636
노원구,4005. 중계2차 한화꿈에그린 101동 인근,202506,1322,1242
노원구,4007. 노원 을지대학교 병원,202506,2276,2565
노원구,4008. 하계 어린이 공원,202506,1135,1123
노원구,4009. 월계프라자,202506,809,294
노원구,4011. 월계 센트럴 아이파크,202506,1388,1823
노원구,4013. 중계 롯데마트,202506,2510,2352
노원구,4014. 불암산역 3번 출구,202506,976,969
노원구,4016. 노원 마들스타디움,202506,1038,1070
노원구,4017. 월계 청백1단지 아파트 정류장,202506,481,151
노원구,4018. 상계주공15단지 버스정류소,202506,1167,1155
노원구,4019. 상계주공10단지 버스정류소,202506,1518,1496
노원구,4020. 중계동 성모빌딩 앞 ,202506,2021,1995
노원구,4021. 중계본동 입구,202506,317,118
노원구,4023. 월계역 1번 출구,202506,1135,1400
노원구,4024. 꿈의숲 SK뷰 아파트,202506,1953,1847
노원구,4026. 상계주공1단지아파트,202506,2460,2386
노원구,4027. 한내 행복발전소 옆,202506,2957,3021
노원구,4028. 한일유앤아이아파트 105동 인근,202506,1714,1498
노원구,4029. 청소년수련관 후문,202506,5551,5518
노원구,4031. 청암예술학교 앞,202506,1991,1896
노원구,4032. 불암주유소 앞,202506,1683,1653
노원구,4033. 녹천역 4번 출구 옆,202506,536,559
노원구,4035. 휴플러스 수락한신아파트 101동 앞,202506,1072,920
노원구,4036. 하계역 6번출구,202506,2280,2512
노원구,4037. 물넘이교,202506,3192,3136
노원구,4039. 서울시 북부여성발전센터,202506,1112,1071
노원구,4040. 공릉로 26길,202506,900,963
노원구,4041. 공릉역3번출구,202506,2732,3078
노원구,4042. 상계문화정보도서관,202506,1074,1066
노원구,4043. 상계주공13단지 1301동,202506,463,314
노원구,4044. 공릉산 백세문 입구,202506,123,123
노원구,4045. 은하수 공원,202506,971,1050
노원구,5301. 상계주공1단지 버스정류장 옆(대원빌딩 앞),202506,2622,2598
노원구,5305. 대륜E&S 서울지사 앞,202506,784,878
노원구,5308. 상계신동아아파트,202506,314,153
노원구,5309. 월계 롯데캐슬아파트 뒤,202506,1392,1457
노원구,5310. 목련아파트,202506,973,914
노원구,5311. 주공601동 상가 노원지하보도 앞,202506,2887,2903
노원구,5313. 중계주공2단지 앞,202506,1086,1083
노원구,5314. 월계1동주민센터 앞,202506,1152,1169
노원구,5315. 불암산역 앞,202506,431,402
노원구,5317. 공릉동 신도1차 아파트 뒤,202506,1545,1810
노원구,5318. 극동의 푸른별 아파트 뒤(중계4동주민센터 앞),202506,1066,1047
노원구,5319. 연해피빌 앞,202506,1494,1617
노원구,5320. 국제 스케이트장,202506,111,60
노원구,5321.불암아파트 앞,202506,910,895
노원구,5322.노원성당 앞,202506,727,809
노원구,5323. 하계역 4번출구 앞,202506,1611,1582
노원구,5325.상계주공7단지 아파트 앞,202506,1203,1022
노원구,5326. 대진고교앞 교차로,202506,1550,1523
노원구,5327. 태릉선수촌 앞,202506,58,39
노원구,5328.롯데캐슬시그니처아파트 앞,202506,1060,995
노원구,5329. 상계주공15단지 1509동 앞,202506,1050,1067
노원구,5330. 구립수락노인종합복지관,202506,837,903
노원구,5331. 공릉동 풍림아파트 112동 앞,202506,295,316
노원구,5332. 마들역 4번출구,202506,1343,1342
노원구,5333. 노원역9번-10번 출구 앞,202506,3318,3427
노원구,5334. 화랑대역 3번출구,202506,324,315
노원구,5335. 하계역 1번 출구,202506,1005,885
노원구,5336. 월계 고등학교 앞,202506,429,256
노원구,5337. 태강릉 앞,202506,119,123
노원구,5338. 상계초교 입구 교차로,202506,1428,1448
노원구,5339. 은빛1단지 아파트 앞,202506,253,210
노원구,5341.공릉동효성아파트 앞,202506,1182,1085
노원구,5342. 상계공원 입구,202506,963,1153
도봉구,1702. 녹천역 1번출구 앞,202506,755,850
도봉구,1703. 도봉산광역환승센터앞 ,202506,364,327
도봉구,1705. 도봉구청 정문앞,202506,1774,1797
도봉구,1706. 방학동우체국 건너편,202506,1116,1171
도봉구,1707. 도봉구민회관,202506,1587,1496
도봉구,1708. 도봉보건소사거리,202506,1852,1878
도봉구,1709. 쌍문역4번출구 주변,202506,1269,1179
도봉구,1713. 쌍문동 이안아파트 앞,202506,820,259
도봉구,1714. 도봉문화정보도서관 삼거리,202506,470,108
도봉구,1715. 서울특별시교육청도봉도서관,202506,777,716
도봉구,1716. 창동역 1번출구 건너편,202506,1351,1344
도봉구,1719. 신도봉사거리 버스정류장,202506,939,1004
도봉구,1720. 도봉구청 옆(중랑천변),202506,1929,1995
도봉구,1722. 창동청소년수련관,202506,1102,1079
도봉구,1723. 방학동학마을도서관,202506,302,299
도봉구,1725. 창1동주민센터,202506,519,611
도봉구,1726. 삼익세라믹아파트교차로,202506,1499,1432
도봉구,1727. 서울도봉초등학교인근,202506,801,810
도봉구,1728. 서울북부지방법원,202506,434,400
도봉구,1729. 도봉한신아파트 버스정류장,202506,1333,1387
도봉구,1730. 도봉산역 교차로 앞,202506,290,309
도봉구,1731. 도봉고등학교 맞은편,202506,317,165
도봉구,1732. 방학역사거리,202506,640,706
도봉구,1733. 방학사거리 (봄마당 앞),202506,631,638
도봉구,1734. 쌍문현대1차아파트 108동 앞,202506,1091,927
도봉구,"1735. 도봉역 1,2번 출구사이 건너편",202506,1062,1063
도봉구,1736. 버스정류장 앞,202506,620,516
도봉구,1737. 신창시장,202506,2063,2276
도봉구,1738. 창동주공17단지 상가앞,202506,1873,2032
도봉구,1741. 제일강산수산입구,202506,1537,1355
도봉구,1742. 북한산 코오롱 하늘채,202506,2093,2033
도봉구,1743.창동19단지아파트 관리사무소앞,202506,1477,1477
도봉구,1744.도봉소방서 옆,202506,2395,2543
도봉구,1749. ESA아파트 상가 앞,202506,1460,1481
도봉구,1750. 창포원 남쪽 입구,202506,896,1000
도봉구,1751. 창원초등학교 교차로,202506,865,831
도봉구,1752. 창동 주공 4단지 입구 옆,202506,814,895
도봉구,1754. 창동시장입구 사거리,202506,949,858
도봉구,1756.서울북부광역등기국,202506,321,312
도봉구,1757.솔밭공원역 1번출구 앞,202506,546,505
도봉구,1758.솔밭공원역 1번출구 주변,202506,768,732
도봉구,1759.서울북부지방법원 앞,202506,768,813
도봉구,1761.방학중학교 앞,202506,349,287
도봉구,1762.북한산 한신휴플러스APT앞,202506,2017,1972
도봉구,1765.쌍문역 1번출구 주변,202506,1457,1373
도봉구,1767.방학초등학교 앞,202506,1491,1807
도봉구,1768.신동아타워 버스정류소,202506,624,623
도봉구,1770.도봉한신아파트 주변,202506,1565,1641
도봉구,1771.성원APT버스정류소,202506,1173,718
도봉구,1772.시립도봉노인복지관 버스정류소,202506,828,769
도봉구,1774.정의여중고 버스정류소,202506,495,481
도봉구,1775.신원리베르텔 앞,202506,1187,1245
도봉구,4054. 창동한신아파트 버스정류소,202506,779,543
도봉구,4058. 다락원체육공원 전망대 입구,202506,582,535
도봉구,4062. 평화도봉공원 주변,202506,1064,1174
도봉구,4064. 신창아파트 입구 앞,202506,588,587
도봉구,4065. 창동역 1번출구 앞,202506,5045,5361
도봉구,4073.방아골종합사회복지관,202506,807,733
도봉구,4074. 도봉구육아종합지원센터(창동),202506,1162,1379
도봉구,4076. 도봉통합복지센터 뒤 중랑천 변,202506,2260,2535
도봉구,4077. 도봉제1교,202506,2086,2272
도봉구,4078. 원당공원 앞,202506,1320,1307
도봉구,4080. 창동주공19단지앞 ,202506,1632,1625
도봉구,4083.도봉아이나라도서관 앞,202506,1494,1523
도봉구,4084. 도봉동실내스포츠센터,202506,958,846
도봉구,4086. 도봉로 534,202506,509,409
도봉구,4087. 우이교 교차로,202506,2204,2244
도봉구,4088. 김근태도서관,202506,339,229
도봉구,4089. 동부센트레빌 앞,202506,1614,1741
도봉구,4090. 녹천교 앞 사거리,202506,1509,1439
도봉구,4091. 방학역2번출구,202506,1705,1812
도봉구,4092. 도봉경찰서 교차로,202506,1614,1593
도봉구,4094.도봉여성센터,202506,509,518
도봉구,4095. 방학브라운스톤아파트,202506,987,1031
도봉구,4096.창동역2번출구 하나은행365 앞,202506,2504,3017
동대문구,4102. 휘경1동주민센터 앞,202506,1059,1110
동대문구,4103. 휘경sk뷰아파트 앞,202506,316,328
동대문구,4104. 외대앞역 교차로,202506,1064,1114
동대문구,4105. 서울교통공사사거리 교통섬,202506,939,954
동대문구,4107. 장안동근린공원 입구,202506,932,1025
동대문구,4108. 답십리파크자이아파트 앞,202506,3607,3714
동대문구,4110. 용두롯데캐슬리치아파트 앞,202506,1267,1118
동대문구,4113. 한국국방연구원 앞,202506,1311,1400
동대문구,4114. 휘경여중고삼거리,202506,1380,1583
동대문구,4116. 이문e편한세상아파트 앞,202506,945,1069
동대문구,4117. 휘경119안전센터 앞,202506,989,996
동대문구,4121. 서울문화재단 앞,202506,1629,1696
동대문구,4122. 청계9가교차로 앞,202506,2838,3060
동대문구,4123. 배봉초교 교차로,202506,1114,1134
동대문구,4128.  종암초등학교 뒤(새울센스빌),202506,670,616
동대문구,4131. 베네스트 오피스텔 앞,202506,2461,2442
동대문구,4132. 이문삼익아파트 앞,202506,302,273
동대문구,4133.래미안허브리츠아파트 앞,202506,1077,1061
동대문구,4134. 제기동 현대아파트 앞,202506,499,538
동대문구,4135. 삼성생명 앞,202506,2737,2784
동대문구,4136. 롯데캐슬SKY-L65 D동 앞,202506,2346,2589
동대문구,4137. 답십리역 4번출구,202506,3811,4475
동대문구,4138. 조일빌딩 앞,202506,1053,1128
동대문구,4139. 답십리 사거리,202506,1234,1318
동대문구,4140. 신설동역 4번출구,202506,1742,1811
동대문구,4141. 우리은행장안지점 앞,202506,2112,2205
동대문구,4142. 현대썬앤빌 앞,202506,3033,3359
동대문구,4143.서울동물복지지원센터 동대문,202506,1324,1408
동대문구,4144.시립대학교 박물관 앞,202506,481,258
동대문구,4145.청량리동 주민센터,202506,1308,1370
동대문구,600. 휘경2동 주민센터,202506,320,343
동대문구,602. 장안동 사거리,202506,3972,4552
동대문구,605. 신설동역8번출구,202506,1504,1533
동대문구,606. 서울반도체고 앞,202506,388,426
동대문구,607. 신이문역 2번출구,202506,785,847
동대문구,608. 전농삼성아파트,202506,367,304
동대문구,609. 제기2교,202506,1731,1761
동대문구,610. 동대문중 교차로,202506,1375,1306
동대문구,612. 시립동부병원 앞 사거리,202506,2790,2837
동대문구,613. 신설동역 10번출구 앞,202506,2064,2199
동대문구,614. 용두동 사거리,202506,2855,2867
동대문구,615. 용두동 래미안허브리츠아파트 앞,202506,2380,2434
동대문구,616. 서울시립대 정문 앞 A,202506,646,386
동대문구,617. 청솔우성아파트 앞,202506,1000,1047
동대문구,621. 전농초등학교 건너편,202506,697,551
동대문구,622. 전농사거리 교통섬,202506,1409,1529
동대문구,623. 서울시립대 정문 앞 B,202506,1085,633
동대문구,624. 전농동 동아아파트 앞,202506,1907,2048
동대문구,626. 군자교 서측 녹지대,202506,2219,2249
동대문구,627. 장안동삼거리 교통섬,202506,1528,1547
동대문구,628. 휘봉고등학교 앞,202506,978,1051
동대문구,630. 동대문구 보건소,202506,2609,2715
동대문구,631. 답십리역 1번출구,202506,3782,4284
동대문구,633. 청량리 기업은행 앞,202506,2564,2715
동대문구,634. 외국어대 정문 앞,202506,2484,2487
동대문구,635. 시조사 앞,202506,1740,1718
동대문구,636. 세종대왕기념관 교차로,202506,633,698
동대문구,637. KAIST 경영대학 앞,202506,1087,829
동대문구,638. 서울시립대 정보기술관,202506,785,682
동대문구,639. 서울시립대 후문,202506,702,578
동대문구,640. 동대문경찰서 교차로,202506,1124,1279
동대문구,641. 용두역 4번출구,202506,2418,2569
동대문구,642. 신답역 사거리,202506,2481,2445
동대문구,643. 동대문구민체육센터 (육교아래),202506,2374,2810
동대문구,648. 장안동위더스빌옆,202506,3276,3299
동대문구,650. 중랑교사거리,202506,1631,1488
동대문구,652. 답십리 래미안엘파인아파트 입구,202506,867,873
동대문구,654. 전농동 텃골공원,202506,970,647
동대문구,656. 영휘원 교차로,202506,1067,1253
동대문구,657. 동대문롯데캐슬아파트 앞,202506,1966,2058
동대문구,660. 동의보감타워,202506,2413,2616
동대문구,661. 경희대학교 청운관,202506,1191,1121
동대문구,663. 외대앞역 3번출구,202506,2125,2170
동대문구,664. 서울시립대 건설공학관,202506,572,463
동대문구,665.이문동 쌍용아파트 정문,202506,934,1077
동대문구,666.이문대성유니드아파트 앞,202506,921,931
동대문구,667.청량차도 육교 밑,202506,519,429
동대문구,669.청계한신휴플러스앞 삼거리,202506,1560,1534
동대문구,670.삼육서울병원 버스정류장,202506,3828,4069
동대문구,671.대광빌딩,202506,536,516
동대문구,672.대광고등학교,202506,1410,1431
동대문구,673.안암골벽산아파트(후문),202506,1025,974
동대문구,674.고대앞사거리 교통섬,202506,1360,1444
동대문구,676.FITI시험연구원 앞,202506,928,937
동대문구,678.장안힐스테이트(아) 앞,202506,2080,2354
동대문구,679.전농SK아파트 앞,202506,449,351
동대문구,680.꿈마루어린이도서관 앞,202506,1757,1695
동대문구,681.서울특별시 동부교육지원청(육교),202506,208,210
동작구,2002. 노들역 1번출구,202506,4050,4522
동작구,2003. 사육신공원앞,202506,1220,1259
동작구,2008. 노량진근린공원 대방공원,202506,437,299
동작구,2009. 보라매역 8번출구,202506,933,941
동작구,2012. 대림사거리(동작상떼빌아파트),202506,1146,1146
동작구,2013. 장승배기역 5번출구,202506,1324,1097
동작구,2015. 신대방삼거리역 6번출구쪽,202506,1987,2004
동작구,2016. 신대방삼거리역 3번출구쪽,202506,1259,1331
동작구,2020. 장승배기역2번출구뒷편쪽,202506,584,580
동작구,2024. 상도역 1번출구,202506,515,447
동작구,2025. 흑석역 1번출구,202506,2337,2958
동작구,2026. 흑석역 4번출구,202506,667,814
동작구,2027. 중앙대학교 정문 1,202506,591,712
동작구,2032. 이수역 11번출구쪽,202506,1885,2292
동작구,2033. 사당동 아르테스 웨딩앞,202506,1133,1212
동작구,2034. 사당역 7번출구쪽,202506,743,777
동작구,2036. 정금마을 마을버스정류장,202506,720,783
동작구,2037. 동작역 5번출구 동작주차공원,202506,962,992
동작구,2038. 동작역 7번출구,202506,378,351
동작구,2040. 비계 버스정류소,202506,229,180
동작구,2041. 사당중학교 버스정류소,202506,194,194
동작구,2048. 삼일초등학교 인근,202506,552,375
동작구,2050. 노량진역 5번출구,202506,2639,3028
동작구,2054. 삼익아파트,202506,1491,1510
동작구,2056. 동작구민 체육센터,202506,1466,1369
동작구,2057. 상도 아이파크 아파트,202506,315,137
동작구,2058. 동작경찰서,202506,1934,2327
동작구,2059. 보라매공원 정문,202506,1703,1873
동작구,2060. 남성역3번출구 뒤,202506,1600,1872
동작구,2062. 사당새마을금고,202506,490,479
동작구,2064. 흑석한강푸르지오 106동앞,202506,31,31
동작구,2065. 서울시여성가족재단,202506,315,309
동작구,2066. 양문교회 앞,202506,1481,1623
동작구,2067. 보라매역?동작세무서 버스정류장(강남중학교방면),202506,1810,1928
동작구,2068. 총신대 앞(육교),202506,141,53
동작구,2069. 숭실대 입구역3번 출구 앞,202506,708,486
동작구,2070. 노량진역 2번 출구 앞,202506,1571,1943
동작구,2071. 대림아파트 후문 상가 옆,202506,560,117
동작구,2077.노들역 3번출구,202506,1290,1343
동작구,2078.흑석 아크로리버하임(103동),202506,166,57
동작구,2079.중앙대학교 중앙광장,202506,176,184
동작구,2080. 대방지하보도(대방동경남아너스빌아파트),202506,1548,1574
동작구,2082.7호선 이수역7번출구,202506,1024,1031
동작구,2083.흑석롯데캐슬에듀포레(107동),202506,558,505
동작구,2084.e편한세상 상도노빌리티 앞,202506,706,626
동작구,2085.강남중학교 앞,202506,1128,1086
동작구,2086.삼일수영장 앞,202506,1159,931
동작구,2088.상도중앙하이츠빌 입구,202506,345,295
동작구,2089.사당역10번출구(금강빌딩),202506,964,1122
동작구,2090.기아자동차 사당점 앞,202506,1137,1152
동작구,2091. 이수역9번출구,202506,1196,1300
동작구,2092.흑석한강푸르지오(110동),202506,400,54
동작구,2093.상도SH빌아파트 입구,202506,27,17
동작구,2094.숭실대학교(중문) ,202506,399,98
동작구,2095.경문고등학교 앞,202506,854,913
동작구,2096.서울특별시 동작관악교육지원청,202506,64,21
동작구,237. 보라매 두산위브 건너편,202506,2004,2161
동작구,4152. 상도효성해링턴플레이스,202506,465,383
동작구,4153. 흑석동효사정앞,202506,265,195
동작구,4158. 노량진근린공원,202506,251,90
동작구,4162. 노량진1동 청소년독서실,202506,318,71
동작구,4167. 구로교 아래,202506,1533,1092
동작구,4169. 신대방삼거리,202506,1420,1429
동작구,4173. 중대후문 마을버스정류장,202506,543,490
동작구,4175. 대방역2번출구,202506,1025,1050
동작구,4177. 롯데캐슬 101동 앞,202506,364,188
동작구,4178. 이수성결교회 옆,202506,126,129
동작구,4179. 보라매병원역 1번출구,202506,4860,5115
동작구,4180. 흑석동주민센터 입구,202506,305,321
동작구,4181. 보라매공원역 2번출구,202506,1693,1732
마포구,102. 망원역 1번출구 앞,202506,3865,3971
마포구,103. 망원역 2번출구 앞,202506,3172,3272
마포구,104. 합정역 1번출구 앞,202506,1455,1418
마포구,105. 합정역 5번출구 앞,202506,839,774
마포구,106. 합정역 7번출구 앞,202506,2746,2685
마포구,107. 수협 연남동지점,202506,1390,1546
마포구,108. 서교동 사거리,202506,1576,1608
마포구,111. 상수역 2번출구 앞,202506,1689,1685
마포구,113. 홍대입구역 2번출구 앞,202506,5583,6883
마포구,114. 홍대입구역 8번출구 앞,202506,1976,1981
마포구,118. 광흥창역 2번출구 앞,202506,632,637
마포구,119. 서강나루 공원,202506,1831,1827
마포구,120. 신수동 사거리,202506,575,583
마포구,121. 마포소방서 앞,202506,790,785
마포구,122. 신성기사식당 앞,202506,958,963
마포구,124. 서강대 정문 건너편,202506,1053,1009
마포구,126. 서강대 후문 옆,202506,822,818
마포구,127. 현대벤처빌 앞,202506,173,172
마포구,129. 신촌역(2호선) 6번출구 옆,202506,700,692
마포구,130. 신촌역(2호선) 7번출구 앞,202506,1933,1936
마포구,142. 아현역 4번출구 앞,202506,837,832
마포구,143. 공덕역 2번출구,202506,1594,2061
마포구,145. 공덕역 5번출구,202506,1761,2034
마포구,146. 마포역 2번출구 뒤,202506,2423,2573
마포구,147. 마포역 4번출구 뒤,202506,3488,4078
마포구,148. 용강동 주민센터 앞,202506,1444,1525
마포구,150. 서강대역 2번출구 앞,202506,1291,1296
마포구,153. 성산2교 사거리,202506,2398,2340
마포구,154. 마포구청역 ,202506,3026,3388
마포구,155. 가좌역1 번출구 앞,202506,1487,1420
마포구,156. 서울서부지방법원 앞,202506,793,903
마포구,157. 애오개역 4번출구 앞,202506,1693,1811
마포구,181. 망원초록길 입구,202506,1269,1275
마포구,182. 망원2빗물펌프장 앞,202506,1364,1259
마포구,183. 하늘채코오롱아파트 건너편,202506,2878,2720
마포구,184. 7번가피자 서교망원점,202506,2955,3078
마포구,185. 마포 신수공원 앞,202506,1100,1049
마포구,186. 월드컵공원,202506,3495,3509
마포구,199. 서울 월드컵 경기장,202506,1325,785
마포구,3002.벽산상암스마트큐브 ,202506,3186,3185
마포구,3003.래미안신공덕3차아파트,202506,99,52
마포구,3005.마포구청 청사내,202506,416,417
마포구,3006. 상암월드컵파크5단지(상암중학교),202506,726,713
마포구,3007.MBC 앞,202506,732,774
마포구,3008.DMC역7번출구,202506,808,506
마포구,3009. 홍대입구역 사거리,202506,1538,1560
마포구,3010.홍대입구역 3번출구,202506,3663,3726
마포구,400. 상암한화오벨리스크 1차 앞,202506,1285,1326
마포구,401. 상암월드컵파크 10단지 앞,202506,1000,1048
마포구,402. 상암월드컵파크 9단지 앞,202506,635,600
마포구,403. 부엉이공원 앞,202506,1093,502
마포구,405. DMC빌 앞,202506,668,663
마포구,406. 상암월드컵파크 7단지 앞,202506,854,870
마포구,407. 마포구 육아종합지원센터,202506,1449,1469
마포구,408. LG CNS앞,202506,917,932
마포구,409. 누리꿈스퀘어 옆,202506,2004,2026
마포구,410. 상암중학교 옆,202506,377,229
마포구,411. DMC홍보관,202506,1417,1529
마포구,412. DMC산학협력연구센터 앞,202506,1604,1596
마포구,413. 상암월드컵파크 3단지 후문,202506,948,965
마포구,414. 상암동주민센터 옆,202506,2275,2375
마포구,415. DMC역 9번출구 앞,202506,2915,2794
마포구,416. 상암월드컵파크 1단지 교차로,202506,697,440
마포구,417. DMC역 2번출구 옆,202506,1629,1529
마포구,418. 월드컵경기장역 3번출구 옆,202506,2691,2644
마포구,419. 홈플러스 마포점 앞,202506,3075,2859
마포구,420. 서울시 공공자전거 상암센터,202506,2031,1572
마포구,4202. 프런트원(공덕역4번출구 앞),202506,826,980
마포구,4206. 광흥창역5번출구,202506,782,771
마포구,4207. 아만티호텔 앞,202506,1703,1837
마포구,4208. 스타벅스(동교동) 앞,202506,1218,1302
마포구,421. 마포구청 앞,202506,2257,2252
마포구,4210. 가좌행복주택 앞,202506,1206,1200
마포구,4211. 시석빌딩 앞,202506,1132,1107
마포구,4212. 한화오벨리스크 앞,202506,970,889
마포구,4213. 마포구중앙도서관 정문 앞,202506,2713,2594
마포구,4214. JTBC 앞,202506,1292,1401
마포구,4216. 망원정 앞,202506,977,1018
마포구,4217. 한강공원 망원나들목,202506,13848,14071
마포구,4218. 디지털매직스페이스,202506,1994,2165
마포구,422. 문화비축기지,202506,324,305
마포구,4220. 신촌 청년주택,202506,1901,1918
마포구,4221. 솔리스타오피스텔(공덕동주민센터),202506,608,174
마포구,4222. 서울디자인고등학교 앞,202506,1650,1863
마포구,4224. 서부운전면허시험장,202506,1154,1168
마포구,4226. 마포프레스티지자이 1,202506,808,770
마포구,4233. 코오롱아파트사거리,202506,4082,4160
마포구,4234. 에스테반,202506,423,278
마포구,4238. 상암한샘빌딩앞,202506,1511,1435
마포구,424. 롯데하이마트 (상암월드컵점) ,202506,663,560
마포구,4240. 아현문화건강센터,202506,188,40
마포구,4244. 당인리발전소 공원 앞,202506,1903,1975
마포구,4246. 상수역새마을금고,202506,764,759
마포구,4247. 서울서부지방법원등기국앞,202506,463,523
마포구,4248. 신촌 교보빌딩,202506,332,317
마포구,425. DMC첨단산업센터,202506,396,390
마포구,426. 서울신용보증재단,202506,1325,1546
마포구,427. 성산시영아파트,202506,1598,1744
마포구,432. 마포중앙도서관,202506,219,75
마포구,436. 이대역 5번출구,202506,585,186
마포구,437. 대흥역 1번출구,202506,1120,1121
마포구,438. 성산2-1 공영주차장,202506,1711,1533
마포구,440. 하늘공원 입구,202506,883,871
마포구,488.푸르메병원,202506,1554,1569
마포구,489.구룡근린공원,202506,400,388
마포구,490.가온문화공원,202506,1505,1479
마포구,491.월드컵파크 4단지,202506,572,476
마포구,493.홍대입구역 6번출구,202506,1687,1698
마포구,494.신수동주민센터,202506,444,457
마포구,495.염리초등학교 앞,202506,1244,1516
마포구,497.합정동주민센터 앞,202506,2650,2045
마포구,498.연남동주민센터 앞,202506,2568,2713
마포구,5503. 마포아트센터 앞,202506,1408,1390
마포구,5504.아현교회,202506,267,59
마포구,5506. 월드컵참누리아파트,202506,889,928
마포구,5507. 아현래미안푸르지오아파트 104동 앞,202506,160,58
마포구,5508. 성산유수지공원,202506,1558,1592
마포구,5513. 마포음식문화거리,202506,1401,1580
마포구,5514.공덕역 1번출구,202506,384,405
서대문구,115. 마스타 빌딩 앞,202506,946,726
서대문구,117. 홍은사거리,202506,3250,3214
서대문구,123. 문화촌 공원,202506,2110,2086
서대문구,128. 신촌역(2호선) 1번출구 옆,202506,988,989
서대문구,131. 증산2교,202506,2334,2546
서대문구,133. 해담는다리,202506,2113,2313
서대문구,134. 연세로 명물길,202506,695,693
서대문구,135. 명물길 원형무대 앞,202506,545,539
서대문구,137. 신촌기차역입구 교차로,202506,426,311
서대문구,138. 신촌동 제1공영주차장 앞,202506,577,577
서대문구,139. 연세대 정문 건너편,202506,246,229
서대문구,140. 이화여대 후문,202506,641,631
서대문구,141. 연대 대운동장 옆,202506,414,345
서대문구,159. 이대역 4번 출구,202506,360,253
서대문구,160. 북아현동 가구거리,202506,531,419
서대문구,161. 무악재역1번 출구,202506,233,218
서대문구,162. 봉원고가차도 밑,202506,672,229
서대문구,163. 명지전문대학교 정문 앞,202506,556,556
서대문구,164. 북가좌1동 주민센터 ,202506,497,446
서대문구,165. 중앙근린공원,202506,1294,1048
서대문구,166. 가재울 초등학교,202506,1851,1815
서대문구,167. 연가초등학교 옆,202506,501,140
서대문구,169. 북가좌 삼거리,202506,570,515
서대문구,170. DMC파크뷰자이아파트 302동 앞,202506,1199,1206
서대문구,171. 임광빌딩 앞,202506,592,599
서대문구,173. 서대문역 8번출구 앞,202506,314,316
서대문구,175. 홍연2교옆,202506,1187,1185
서대문구,176. 명지대학교 도서관,202506,1961,2006
서대문구,177. 북가좌 초등학교,202506,721,757
서대문구,178. 증산3교 앞,202506,1462,1472
서대문구,179. 가좌역 4번출구 앞,202506,1722,1728
서대문구,180. 충정로역 7번출구 아래,202506,671,467
서대문구,188. 홍은동 정원여중 입구,202506,843,840
서대문구,191. 서우빌딩,202506,1052,1276
서대문구,192. 연서어린이공원,202506,490,493
서대문구,194. 증산교 앞,202506,2331,2453
서대문구,195. 모래내고가차도 ,202506,799,761
서대문구,196. 연희교차로 인근,202506,452,440
서대문구,198. 충정2교,202506,428,404
서대문구,3100. 북성초교,202506,292,272
서대문구,3101. 서대문구청,202506,379,323
서대문구,3102. 연희삼거리,202506,1638,1639
서대문구,3103. 홍제삼거리 북측,202506,909,915
서대문구,3104. e편한세상 신촌4단지 앞,202506,822,825
서대문구,3105. 홍은센트레빌 아파트 앞,202506,331,148
서대문구,3109.북한산더샾 106동 앞,202506,328,332
서대문구,3110.홍은 현대아이파크 아파트 202동 앞,202506,803,816
서대문구,3111.무악재역 4번 출구,202506,289,263
서대문구,3113. 독립문 앞,202506,717,675
서대문구,3114.충정로역 3번 출구,202506,125,111
서대문구,3115.북아현 치안센터 인근,202506,766,707
서대문구,3116.신촌역 4번출구,202506,636,635
서대문구,3117.이화여대 인문관 인근,202506,241,231
서대문구,3119.연희 브라운스톤 아파트 앞,202506,448,441
서대문구,3120.DMC엘가아파트 앞,202506,1389,1376
서대문구,3121.가좌삼거리,202506,1281,1269
서대문구,3122.북가좌삼거리2,202506,762,707
서대문구,3123.DMC파크뷰자이1단지 110동 앞,202506,977,947
서대문구,3125.연희파크푸르지오아파트 앞,202506,1459,1436
서대문구,3127.홍은2파출소 옆,202506,821,843
서대문구,3128.동신병원 맞은편,202506,1613,1631
서대문구,3129.DMC래미안e편한세상203동옆,202506,861,851
서대문구,3130.가재울사거리,202506,870,553
서대문구,3131.연가교 교차로,202506,1189,1100
서대문구,3132.홍제교,202506,698,704
서대문구,3134.SK리쳄블(서울아리수본부),202506,440,383
서대문구,4253. 홍은도담도서관,202506,536,540
서대문구,4255. 래미안 루센티아 아파트 108동 앞,202506,1123,859
서대문구,4264. 홍남교 버스정류장,202506,667,700
서대문구,4266.국민연금공단충정로사옥,202506,318,284
서대문구,4267. 서대문역 2번 출구,202506,1245,1229
서대문구,4269. 연희IC 남측,202506,1144,1094
서대문구,4270. 우국한마음 아파트 맞은편,202506,1423,1458
서대문구,4271. 충정로역 1번 출구,202506,338,169
서대문구,4272. 홍남교 사거리,202506,1505,1572
서대문구,4273. 홍연2교 사거리,202506,805,837
서대문구,4274. 신촌 파랑고래 입구,202506,823,815
서대문구,4275.농협생명본사빌딩 서관,202506,561,556
서대문구,4277. 서대문우체국 정류소 옆,202506,368,372
서대문구,4278. 홍은2동주민센터,202506,425,427
서초구,2202.청계산입구역 1번출구,202506,1433,1416
서초구,2203. 청계산입구역 2번출구,202506,401,260
서초구,2205. 내곡3단지 어린이공원 앞,202506,660,550
서초구,2206. 언남초등학교 앞,202506,1080,1071
서초구,2207. 내곡파출소 뒤 정자,202506,180,128
서초구,2210. 반포1동 주민센터 앞,202506,394,242
서초구,2211. 서초구립반포도서관 앞,202506,1546,1555
서초구,2212.서초현대4차아파트 201동 맞은편,202506,966,960
서초구,2213. 고속터미널역 5번출구 앞,202506,1088,891
서초구,2214. 신반포역 2번출구 앞,202506,1611,1907
서초구,2215. 반포종합운동장 입구,202506,1106,1198
서초구,2217.아크로리버뷰 부지 앞,202506,3558,4087
서초구,"2219. 고속터미널역 8-1번, 8-2번 출구 사이",202506,4226,4335
서초구,2221. 방일초교 마을버스 정류장,202506,1303,1469
서초구,2222.사당역 12번출구 뒤,202506,1818,2375
서초구,2223. 방배래미안 정문 앞,202506,435,449
서초구,2225.백석예술대학교 제3캠퍼스 앞,202506,219,140
서초구,2226. 신동아럭스빌아파트 앞,202506,407,94
서초구,2227.방배열린문화센터 앞,202506,683,690
서초구,2228.뒷벌공원 옆,202506,1689,1915
서초구,2229.로고스교회 맞은 편,202506,575,611
서초구,2230.이수역 4번 출구,202506,1874,1943
서초구,2231. 삼성타운(삼성생명) A동 맞은편,202506,1701,1752
서초구,2233. 서초신동아1차아파트 옆,202506,537,522
서초구,2235.KT 서초지사 앞,202506,321,200
서초구,2237.서울남부터미널 대합실 입구,202506,968,717
서초구,2239.교대역 6번출구,202506,794,798
서초구,2241.양재전화국 사거리,202506,651,548
서초구,2242.양재역 10번 출구 앞,202506,872,866
서초구,2243.서울가정법원,202506,737,480
서초구,2244. 말죽거리공원 사거리,202506,1517,1556
서초구,2245.양재초등학교 맞은편,202506,905,983
서초구,2246. 서울시 품질시험소 앞,202506,806,820
서초구,2247.섬들근린공원,202506,1456,1498
서초구,2248. 서초리슈빌S 글로벌 앞,202506,241,236
서초구,2249. 우솔초등학교 맞은편,202506,344,337
서초구,2250. 서초유치원 맞은편,202506,833,825
서초구,2251. 더케이호텔 입구(양재2) ,202506,748,763
서초구,2252. 잔디마을 마을버스 정류장,202506,1586,1588
서초구,2255. 양재시민의숲역 1번출구,202506,2339,2351
서초구,2256.양재동 꽃시장 입구,202506,393,379
서초구,2257. 청계산 입구 삼거리,202506,171,182
서초구,2258.구룡사 삼거리,202506,420,163
서초구,2259. 잠원역 3번-4번 출구사이 ,202506,1575,1702
서초구,2263. 바우뫼문화복지회관,202506,785,781
서초구,2264. 이수역 1번출구,202506,2759,3151
서초구,2265. 이수고가차도 남단,202506,1542,1760
서초구,2266. 서초역 3번출구,202506,880,880
서초구,2269. 주홍교 하부,202506,343,187
서초구,2270. 서초포레스타 7단지,202506,482,454
서초구,2271. 내방역 8번출구 앞,202506,797,846
서초구,2272. 교대입구 교차로,202506,538,544
서초구,2273. 일동제약 사거리,202506,788,778
서초구,2274. 양재시민의숲역 3번출구,202506,1836,1803
서초구,2276. 영동1교 (양재천근린공원),202506,948,954
서초구,2277. 길마중4교 하부,202506,1327,1457
서초구,2279. 교대역 5번출구뒤,202506,1512,1620
서초구,2280. 서울서초고용센터앞,202506,541,429
서초구,2281. 연세사랑병원신관앞,202506,321,326
서초구,2283. 그룹한빌딩옆,202506,435,117
서초구,2284. CJ오쇼핑앞,202506,258,149
서초구,2285. LH서초3단지 301동 맞은편,202506,521,531
서초구,2286. 탑성마을입구,202506,21,6
서초구,2287. 능안마을입구,202506,60,24
서초구,2288. 안골마을입구,202506,57,23
서초구,2289. 남태령역 2번출구,202506,180,107
서초구,2293. SPC 앞,202506,920,811
서초구,2294. 두상빌딩 앞,202506,1557,1759
서초구,2297. 남부터미널역 1번출구,202506,756,630
서초구,2299. 한전아트센터 앞,202506,857,859
서초구,2501. 서초 포레스타5단지,202506,534,505
서초구,2502. 서초역1번출구 앞,202506,483,437
서초구,2503. 반포1동 서초빌딩 앞,202506,1390,1513
서초구,2504. 신사역 4번출구 뒤,202506,1459,1207
서초구,2505. 우성아파트사거리 (기업은행앞),202506,1275,1307
서초구,2506. LG유플러스 (방배사옥),202506,147,82
서초구,2508. 양재이스타빌 앞,202506,1163,1477
서초구,2509. 심산기념문화센터,202506,760,718
서초구,2510. JW타워,202506,456,272
서초구,2511. 이수역 6번출구 앞,202506,1056,1090
서초구,2514.사평역 2번출구,202506,849,758
서초구,2515.서초초등학교 후문,202506,1455,1467
서초구,2516.본마을 노인복지센터 앞,202506,226,279
서초구,2517. 서초그랑자이 앞,202506,615,635
서초구,2518. 서초동 현대아파트 앞,202506,578,574
서초구,2519.서초2교(사임당로 방면),202506,195,190
서초구,2520.서초1교 (진흥아파트 방면),202506,494,490
서초구,2521.서초 크로바타워 앞,202506,774,824
서초구,2523.뉴코아 킴스클럽 앞,202506,1376,1417
서초구,2524.반포쇼핑타운 8동 앞,202506,989,1045
서초구,2525.반포쇼핑타운 2동 앞,202506,3347,3937
서초구,2529.우리은행 방배동지점 앞,202506,874,890
서초구,2530.삼호3차아파트 앞,202506,1394,1507
서초구,2531.멤피스아파트 앞,202506,1823,1915
서초구,2532.국립국악원 앞,202506,255,44
서초구,2533.한가람미술관 앞,202506,290,241
서초구,2535.신반포역 3번출구 뒤,202506,534,550
서초구,2536.서초종합체육관 입구,202506,131,128
서초구,2537.양재역 8번출구 앞,202506,1462,1141
서초구,2538.사평리근린공원,202506,1712,1812
서초구,2539.대한무역투자진흥공사 KOTRA 앞,202506,1306,1354
서초구,2540.반포천 앞,202506,1143,1164
서초구,2541.옛골 입구,202506,148,36
서초구,2542.신논현타워 앞,202506,1480,1348
서초구,2545.국립중앙도서관(국제회의장옆),202506,514,183
서초구,2547. 반포래미안 리오센트,202506,1169,1283
서초구,2548.반포1동 자율방범초소 옆,202506,490,313
서초구,2549.LH 서초 4단지 403동,202506,638,675
서초구,2550.양재동 꽃시장 건너편,202506,915,936
서초구,4303. 매헌역 2번출구앞광역버스 정류장앞(22-297),202506,1126,1129
서초구,4304. 서울고앞,202506,335,306
서초구,4305. 서일스포츠센터,202506,320,312
서초구,4306. 서래공원 앞,202506,690,683
서초구,4307. 고투몰 gate 15옆,202506,733,949
서초구,4309. 서초케이타운앞,202506,110,106
서초구,4310. 염곡동(염통골) 입구,202506,295,288
서초구,4312. 반포미도2차아파트 옆,202506,564,564
서초구,4313. 반포종합운동장,202506,691,756
서초구,4315. 이투스교육 앞,202506,479,430
서초구,4316. 고속터미널역 3번출구,202506,793,558
서초구,4317. 양재근린공원,202506,1613,1692
서초구,4318. 방배역 2번 출구,202506,557,694
서초구,4319. 삼성전자R&D어린이집 뒤,202506,245,202
서초구,4320. 비석공원,202506,913,1084
서초구,4322.서울추모공원 입구,202506,46,31
서초구,4323. 내곡도서관,202506,200,257
서초구,4324. 세화고등학교,202506,262,267
서초구,4327. 몽마르뜨공원입구,202506,261,48
서초구,4329. SC제일은행 양재동지점 앞,202506,837,555
서초구,4332. 이수교차로,202506,2389,2588
서초구,4333. 서울고등학교 건너편,202506,330,334
서초구,4334. 인재개발원 데이터센터,202506,78,40
서초구,4336. 서울교육청 교육연수원 앞,202506,150,60
서초구,4337. 우면산등산로 입구,202506,113,18
서초구,4338.새정이마을버스정류장 앞,202506,30,14
서초구,4340. 방배래미안아트힐아파트 앞,202506,419,84
서초구,4341. 영동1교 북단,202506,1009,1040
서초구,4343. 헌인릉 입구,202506,41,45
서초구,4344. 양재대로(구룡지하차도 앞),202506,450,394
서초구,4345. 반포역 4번출구,202506,682,764
서초구,4346.장학재단빌딩 앞,202506,505,179
서초구,4347. 논현지하보도,202506,1348,1286
서초구,4348. 사당역 1번출구,202506,110,245
서초구,4349.삼성화재서초타워,202506,1302,1293
서초구,4350.누리숲어린이공원 앞,202506,360,359
성동구,3511. 응봉역 1번출구,202506,4555,4907
성동구,3513. 상왕십리역 1번출구,202506,2511,1554
성동구,3514. 왕십리교회옆,202506,3214,3244
성동구,3515. 서울숲 관리사무소,202506,2657,2344
성동구,3525. 금호스포츠센터앞,202506,726,838
성동구,3527. 왕십리 자이아파트(101동 앞),202506,26,18
성동구,3530. 왕십리자이아파트 후문(삼거리),202506,320,246
성동구,3531. 논골사거리(금호도서관 입구),202506,191,53
성동구,3532. 왕십리KCC스위첸아파트,202506,246,169
성동구,3544.한양대역 3번 출구,202506,1970,1852
성동구,3545.한양대역 1번출구,202506,824,755
성동구,3547.상왕십리역 6번 출입구,202506,998,602
성동구,3548.뚝섬역 6번출구,202506,2568,2340
성동구,3549.건영아파트 앞,202506,2379,2402
성동구,3550.금호나들목,202506,1890,1984
성동구,3551.성동도로사업소,202506,733,748
성동구,3552.서울숲 공영주차장앞,202506,936,936
성동구,3553.마장역3번출구,202506,708,737
성동구,3555.양지사거리(센트라스APT 115동앞),202506,286,231
성동구,3556.신금호파크자이APT앞,202506,463,51
성동구,3557.서울숲리버뷰자이APT105동 앞,202506,657,671
성동구,3558.마장동 금호어울림APT앞,202506,800,552
성동구,3559.성동구민종합체육센터 건너편,202506,2944,2967
성동구,3560.성동구 견인차량 보관소 앞,202506,1724,1643
성동구,3561.행당동 삼부APT후문,202506,267,155
성동구,3600.사근빗물펌프장 건너편,202506,3530,3716
성동구,4353. 코오롱디지털타워 3차앞,202506,2103,2130
성동구,4360. 르노삼성자동차 성수사업소 앞,202506,1018,1041
성동구,4362. 행당중학교 후문,202506,673,684
성동구,4363. 신금호역 2번출구 앞,202506,38,39
성동구,4367. kt 행당빌딩 앞,202506,1107,1236
성동구,4370. 성동교 사거리,202506,1046,954
성동구,4373. 서울숲 지식산업센터,202506,2660,2671
성동구,4377. 우영테크노센터 앞,202506,2368,2590
성동구,4381. 더스페이스타워 앞,202506,1620,1651
성동구,4382. 페코텍글로벌허브빌딩 앞,202506,2964,3121
성동구,4383. 푸조비즈타워 앞,202506,2214,2914
성동구,4385. 용답동 우체국 주변,202506,2138,2191
성동구,4386. 현대자동차 동부서비스센터 주변,202506,1542,1328
성동구,4387. 성수역 1번출구 주변,202506,2086,2148
성동구,4389. 서울숲역3번출구,202506,471,469
성동구,4390. 신답역 1번출구,202506,516,486
성동구,4392. 답십리역 6번출구,202506,793,875
성동구,4393. 상원삼거리 장안철교 아래,202506,1446,1449
성동구,4394.서울시립24시간게스트하우스,202506,558,716
성동구,4396. 마장축산물시장 서문 인근,202506,468,513
성동구,4397. 마장축산물시장 북문 건너편,202506,1226,1274
성동구,4398. 유원지식산업센터 앞,202506,1702,1678
성동구,4399. 더리브 세종타워 앞,202506,2028,2041
성동구,506. 금호 어울림 아파트 앞,202506,954,969
성동구,508. 성수아카데미타워 앞,202506,5457,5266
성동구,510. 뚝도아리수정수센터 버스정류소 옆,202506,1286,1307
성동구,511. 서울숲역 5번 출구 옆,202506,1511,1505
성동구,512. 뚝섬역 1번 출구 옆,202506,3197,3164
성동구,513. 뚝섬역 5번 출구 정류소 옆,202506,1480,1462
성동구,514. 성수사거리 버스정류장 앞,202506,2957,2895
성동구,518. 청계천 박물관 앞,202506,891,904
성동구,519. 양지사거리,202506,1071,920
성동구,520. 상왕십리역 4번 출구 앞,202506,1037,915
성동구,521. 왕십리역 11번 출구 앞,202506,1755,1778
성동구,522. 금호역 1번출구 앞,202506,322,343
성동구,523. 옥수동성당 옆,202506,90,64
성동구,524. 래미안금호하이리버 아파트 102동 옆,202506,395,384
성동구,525. 한양대병원사거리,202506,1509,1220
성동구,526. 용답토속공원 앞,202506,910,1016
성동구,529. 장한평역 8번 출구 앞,202506,5979,5894
성동구,530. 청계벽산아파트 앞,202506,1713,1921
성동구,533. 금남시장 교차로,202506,443,662
성동구,534. 금호사거리,202506,320,328
성동구,535. 응봉삼거리,202506,714,411
성동구,536. 행당역 2번출구 앞,202506,791,818
성동구,537. 한양대후문역 부근,202506,1352,1386
성동구,550. 서울시설공단 앞,202506,1539,1586
성동구,556. 달맞이공원,202506,204,206
성동구,557. 도선동 주민센터 앞,202506,1514,1587
성동구,558. 성동광진 교육지원청 앞,202506,1834,1796
성동구,559. 왕십리역 4번 출구 건너편,202506,2377,2416
성동구,560. 비전교회 앞,202506,2884,2899
성동구,561. 서울숲역 2번출구 앞,202506,2084,2068
성동구,563. 성동세무서 건너편,202506,2013,2227
성동구,564. 금호역 3번출구,202506,165,101
성동구,565. 옥수역 3번출구,202506,5545,5846
성동구,568. 청계8가 사거리 B,202506,2933,3105
성동구,569. 응봉현대아파트 정류소,202506,315,278
성동구,578. 성동세무서 부근,202506,1754,1756
성동구,579. 마장역 4번출구,202506,1156,1192
성동구,582. 경일중학교 앞,202506,2037,2039
성동구,583. 청계천 생태교실 앞,202506,7100,7443
성동구,585. 성수2가1동 공영주차장 인근,202506,5005,5117
성동구,586. 마장동 주민센터,202506,937,1001
성동구,587. 유니베라 앞,202506,1816,1907
성동구,589. 성수역3번출구,202506,3204,3211
성동구,594. 중랑물재생센터(서울새활용플라자),202506,1059,1137
성북구,1302. 한성대입구역6번출구 뒤,202506,797,796
성북구,1303. 돈암초교 입구,202506,767,771
성북구,1304. 만해공원,202506,158,36
성북구,1305. 성북구청,202506,1899,2122
성북구,1306. 한성대입구역2번출구,202506,1551,1541
성북구,1308. 안암로터리 버스정류장 앞,202506,3665,3763
성북구,1314. 정릉꿈에그린1단지 201동 앞,202506,208,213
성북구,1315. 고려사대부속중고 정문,202506,180,179
성북구,1316. 고려사대부속중고 건너편 ,202506,198,200
성북구,1318. 길음역 3번출구 뒤,202506,1430,1472
성북구,1319. 종암박스파크,202506,1843,1938
성북구,1321. 국민은행 종암동지점 앞,202506,2023,2319
성북구,1322. 래미안라센트아파트 103동 앞,202506,1169,1244
성북구,1325. 상월곡역 4번출구,202506,682,479
성북구,1326. 상월곡역 1번출구,202506,948,858
성북구,1327. 상월곡역 3번출구,202506,1249,1227
성북구,1328. 월곡역 3번출구,202506,2635,2749
성북구,1332. 석계역 5번출구 건너편,202506,13,19
성북구,1333. 석관초등학교 앞,202506,1444,1590
성북구,1334. 석관동주민센터 앞,202506,1627,1657
성북구,1336. 성북3교 위,202506,897,868
성북구,1337. 돈암성당 옆,202506,2377,2613
성북구,1338. 용문2교 옆,202506,2391,2465
성북구,1339. 삼성전자서비스 성북센터,202506,1106,1164
성북구,1340. 광운초등학교 앞,202506,1162,1123
성북구,1342. 성북쉼터 앞,202506,204,108
성북구,1343. 한성대7번출구 앞,202506,500,500
성북구,1344. 아리랑시네센터 앞,202506,220,156
성북구,1346. 길음8골어린이공원 옆,202506,868,839
성북구,1347. 길음래미안아파트817동 상가 앞,202506,338,333
성북구,1348. 성북제일새마을금고 본점 앞,202506,546,564
성북구,1349. 월계2교 버스정류장 앞,202506,551,607
성북구,1351. 안암2교 옆,202506,1273,1288
성북구,1352. e 편한세상 보문아파트 내,202506,266,242
성북구,1353. 금호어울림센터힐 내,202506,314,317
성북구,1354. 고려대학교 2번출구,202506,1778,1833
성북구,1357. 북한산보국문역,202506,336,337
성북구,1358. 정릉도서관 앞,202506,509,512
성북구,1360. 정릉역,202506,547,562
성북구,1361. 홍익중고 입구,202506,911,768
성북구,1363. 보문4교 인근,202506,2875,3031
성북구,1364. 성북동 치안센터 앞,202506,731,725
성북구,1365. 선잠단지 앞,202506,300,244
성북구,1366. 일신초등학교 옆,202506,460,472
성북구,1367. 길음문화복합미디어센터,202506,702,737
성북구,1368. 성신여대입구 교차로,202506,926,956
성북구,1370. 복자사랑 피정의 집,202506,150,121
성북구,1372. KEB은행 고대점,202506,1007,800
성북구,1373. 성북구보건소 건너편,202506,785,769
성북구,1375. 생명의 전화 종합복지관 앞 교차로,202506,1261,1341
성북구,1376. 한국과학기술연구원 중문,202506,184,184
성북구,1377. 한국과학기술연구원 북문,202506,293,256
성북구,1379.길음뉴타운푸르지오아파트 3단지,202506,152,8
성북구,1380.월곡역 5번출구 앞,202506,2020,2478
성북구,1381.석계역 4번출구 뒤,202506,2853,3084
성북구,1382.래미안월곡아파트 입구,202506,1257,1238
성북구,1384.성신여대입구역 5번출구,202506,1390,1400
성북구,1385.성신여대입구역 3번출구 앞,202506,1651,1640
성북구,1386.동선고가차도 초입,202506,408,402
성북구,1388. 돈암초교입구 버스정류장(한성대입구역 방면),202506,702,706
성북구,1390.석관래미안아트리치,202506,1652,1804
성북구,1391.성북청소년센터,202506,775,761
성북구,1392.돈암삼성풍림아파트,202506,238,23
성북구,1393.돈암육교 하단,202506,261,98
성북구,1394.길음뉴타운 래미안9단지,202506,816,794
성북구,1395.래미안장위포레카운티(102동),202506,1205,1206
성북구,1396.래미안장위퍼스트하이(513동),202506,1349,1362
성북구,4406. 장곡초등학교 앞,202506,1192,1095
성북구,4408. 돌곶이역 앞,202506,2809,3200
성북구,4411. 동산어린이공원 앞,202506,1147,1185
성북구,4414. 안암역 3번 출구,202506,755,721
성북구,4415. 미아초교버스승강장,202506,69,70
성북구,4417. 성북청소년문화의집,202506,192,68
성북구,4418. 종암동 동덕여대 제2생활관 앞,202506,1707,1772
성북구,4419. 성북구 한예종 캠퍼스 본관,202506,693,616
성북구,4420. 성북구 한예종 캠퍼스 별관,202506,767,831
성북구,4421. 롯데캐슬클라시아 입구 앞,202506,198,178
성북구,4423.현대백화점 미아점,202506,807,812
성북구,4425. 하늘채코오롱아파트 앞,202506,1433,1415
성북구,4427. 동일하이빌뉴시티,202506,1079,1050
성북구,4428.돈암동부센트레빌상가,202506,213,176
송파구,1201. 가락시장역 3번 출구,202506,2107,2157
송파구,1203. 밀리아나2빌딩 앞,202506,1403,1457
송파구,1204. 거여역 3번출구,202506,1598,1798
송파구,1205. 종합운동장역 4번출구,202506,1880,1600
송파구,1206. 9호선종합운동장역 9번출구,202506,1525,1495
송파구,1207. 마천중앙시장,202506,762,822
송파구,1208. 풍납현대아파트쉼터,202506,3191,3190
송파구,1209. 잠실나루역 (2번 출구 쪽),202506,3890,3816
송파구,1210. 롯데월드타워(잠실역2번출구 쪽),202506,11616,11577
송파구,1212. 송파역 2번 출구앞,202506,1715,1714
송파구,1213. 백토공원 앞,202506,478,438
송파구,1214. 오금역 7번 출구 인근,202506,899,897
송파구,1215. 올림픽공원역 1번출구 앞,202506,2395,2393
송파구,1217. 송파파인타운 7단지,202506,982,962
송파구,1218. 방이역 4번출구,202506,3340,3316
송파구,1220. 잠실근린공원,202506,3095,3483
송파구,1221. 삼전역 4번출구,202506,2233,2461
송파구,1222. 잠실새내역 5번 출구 뒤,202506,5287,5389
송파구,1224. 아시아지하보도 2번 출구,202506,2092,2105
송파구,1226. 잠실4동 주민센터 옆,202506,2755,2830
송파구,1227. 거여역 8번출구 뒤,202506,1601,1621
송파구,1228. 마천사거리 ,202506,1027,1118
송파구,1229. 송파체육문화회관 앞,202506,1346,1344
송파구,1230. 송파중학교 정문,202506,713,657
송파구,1231. 잠실역 6번출구,202506,3375,3528
송파구,1232. 잠실주공 521동 건너편,202506,3370,3428
송파구,1233. 잠실3거리(갤러리아팰리스),202506,1250,1195
송파구,1235. 잠실트리지움310동 옆,202506,2791,2905
송파구,1239. 문정 법조단지3,202506,802,835
송파구,1240. 문정 법조단지4,202506,823,817
송파구,1241. 문정 법조단지5,202506,727,709
송파구,1242. 문정 법조단지6,202506,216,210
송파구,1243. 문정 법조단지7,202506,2863,2844
송파구,1244. 문정 법조단지8,202506,3347,3319
송파구,1245. 문정 법조단지9,202506,1841,1824
송파구,1246. 문정 법조단지10,202506,2049,2035
송파구,1247. 문정 법조단지11,202506,908,896
송파구,1248. 방이초등학교,202506,2977,2589
송파구,1250.문정2동 주민센터,202506,174,156
송파구,1251. 석촌역 2번출구,202506,3514,3493
송파구,1253. 오금역 3번 출구 뒤,202506,834,840
송파구,1256. 문정현대아파트 교차로,202506,841,842
송파구,1257. 가락시장역 사거리,202506,1378,1409
송파구,1258. 가락미륭아파트 앞,202506,651,482
송파구,1259. 방이역 1번출구,202506,2136,2113
송파구,1260. 방이동 한양3차아파트 옆,202506,1682,1693
송파구,1262. 송파여성문화회관 앞,202506,2983,2987
송파구,1263. 장지공영차고지,202506,412,450
송파구,1264. 천호역 10번 출구 앞,202506,4202,4183
송파구,1265. 문정동 근린공원,202506,1576,1580
송파구,1266. 문정동 글샘 공원,202506,768,778
송파구,1267. 올림픽공원 남2문 앞,202506,1650,1547
송파구,1268. 몽촌토성역 1번출구 옆,202506,2389,2381
송파구,1269. 리센츠아파트 ,202506,2215,2038
송파구,1271. 송파도서관,202506,1215,1228
송파구,1274. 영파여고 앞,202506,1900,1866
송파구,1275. 거여초등학교 옆,202506,597,768
송파구,1277. 성내7교,202506,1253,1261
송파구,1278. 송파구청 교차로,202506,2456,2456
송파구,1279. 마천금호어울림 1차아파트 건너편,202506,371,388
송파구,1280. 송파파크데일 2단지입구 앞 주차장,202506,481,476
송파구,1282. 송파소방서 맞은편(성내4교),202506,1686,2003
송파구,1283. 오금공원 사거리,202506,167,98
송파구,1285. 위례별 유치원 뒤,202506,418,416
송파구,1286. 위례중앙푸르지오 1단지 앞,202506,1333,1326
송파구,1287. 위례아이파크 101동 맞은편,202506,638,646
송파구,1288. 문정중교 사거리,202506,1633,1578
송파구,1289. 풍납토성 서성벽터B,202506,744,809
송파구,1290. 위례송파꿈에그린아파트24단지 앞 성벽 다리 밑,202506,936,933
송파구,1291. 서울체육고등학교 앞,202506,2555,2641
송파구,1293. 석촌호수 서호 사거리,202506,3718,3781
송파구,1295. 잠실역 8번출구,202506,4405,4381
송파구,1296. 석촌호수교차로 (송파나루근린공원 앞),202506,876,871
송파구,1297. 석촌호수교차로(동호 팔각정 앞),202506,3870,3866
송파구,1299. 송파소방서 (방이119안전센터),202506,762,689
송파구,1300. 오륜사거리,202506,909,934
송파구,2601. 석촌호수 아뜰리에,202506,3083,3070
송파구,2603. 송파 글마루 도서관,202506,1108,1115
송파구,2604. 풍납토성 서성벽터A,202506,1987,2139
송파구,2605. 복정역 1번 출구 앞,202506,1935,1951
송파구,2606. 위례동주민센터,202506,2221,2310
송파구,2608. 송파구청,202506,7704,7783
송파구,2609. 보성중고등학교 후문 앞,202506,353,324
송파구,2611. 송파지역자활센터 뒤,202506,3156,3379
송파구,2612. 광평교사거리 인근,202506,93,88
송파구,2613. 잠실나들목,202506,2772,2868
송파구,2614. 가락고등학교 앞,202506,605,540
송파구,2615. 테라타워2,202506,3237,3218
송파구,2616. 거여동 사거리,202506,561,552
송파구,2617. 가락삼환아파트 앞,202506,649,583
송파구,2618. 삼전역 1번출구,202506,2566,2638
송파구,2619. 석촌고분역 4번출구,202506,2348,2499
송파구,2620. 송파나루역 4번 출구옆,202506,6174,6288
송파구,2621. 한성백제역 2번 출구,202506,3867,3888
송파구,2622. 올림픽공원역 3번출구,202506,8003,7984
송파구,2623.석촌동 주민센터,202506,3979,3971
송파구,2625.가락종합 사회복지관,202506,300,295
송파구,"2626.경찰병원역 1,2번 출구 사이",202506,663,656
송파구,2627.문정시영아파트 5동 앞 공원,202506,1596,785
송파구,2628.문정역 1번출구,202506,4187,4402
송파구,2630.서울방이동 고분군,202506,2446,2388
송파구,2631.배명고등학교,202506,867,999
송파구,2632.석촌고분역 2번 출구,202506,3040,3203
송파구,2633.송파학사 옆,202506,1113,1040
송파구,2634.위례포레샤인아파트 2318동,202506,775,831
송파구,2635.잠실새내역 1번출구,202506,2926,2751
송파구,2637. 아시아지하보도 14번 출구,202506,3304,3318
송파구,2639.석촌역 8번출구,202506,4432,4396
송파구,2641.송파역 4번출구,202506,3787,3781
송파구,2642.마천동 성내천 쉼터,202506,1205,1211
송파구,2643.풍납중학교 측면,202506,499,393
송파구,2644. 성내5교,202506,1648,1711
송파구,2645.잠실나들목2(엘스아파트136동),202506,2652,2688
송파구,2646.레이크펠리스101동앞,202506,4327,4512
송파구,2647.잠실 자전거 수리센터 앞,202506,1842,1947
송파구,2648.헬리오시티 112동 앞,202506,1522,1505
송파구,2649.오금공원사거리2,202506,363,267
송파구,2650.위례22단지 2208동 다리앞,202506,532,533
송파구,2651.경찰병원역 3번출구 앞,202506,1735,1730
송파구,2652.송파 레미니스1단지 102동 앞,202506,996,880
송파구,2653.올림픽공원사거리(선수촌아파트),202506,1741,1716
송파구,2654.올림픽선수촌아파트 136동 앞,202506,941,766
송파구,2655.송이공원,202506,1101,798
송파구,2656.풍납동 아이파크 107동 앞,202506,1421,1415
송파구,2657.송파 파인타운 11단지 ,202506,748,736
송파구,2658.가락몰 업무동,202506,1844,1865
송파구,2659.서울친환경유통센터,202506,253,241
송파구,4452. 삼성SDS,202506,3999,4074
송파구,4453. 위례중앙푸르지오 201동 앞,202506,1821,1803
송파구,4454. 위례 포레샤인 1809동 부근,202506,365,138
송파구,4457. 아산병원 기숙사 부근,202506,5440,5807
송파구,4458. 가락2동주민센터 인근,202506,538,540
송파구,4460. 올림픽훼미리아파트 112동 앞,202506,1522,1522
송파구,4461. 한양3차아파트 3동 앞,202506,260,251
송파구,4462. 가락중학교 앞,202506,802,757
송파구,4463. 방이역 2번 출구,202506,964,957
송파구,4464. 올림픽공원 북2문 A,202506,1609,1632
송파구,4465. 건영아파트앞 사거리,202506,1885,1874
송파구,4468. 가락1동주민센터 ,202506,1517,1513
송파구,4469. 거여동 어울림아파트  102동앞,202506,578,571
송파구,4472. 송파파크데일 1단지 115동 건너편,202506,580,570
송파구,4473. 마천금호어울림 1차 102동앞,202506,207,208
송파구,4474. 가락현대 1차 11동 앞,202506,534,413
송파구,4475. 송파파인타운 4단지 403동,202506,524,523
송파구,4478. 문정근린공원2,202506,1195,1195
송파구,4479. 문정중학교,202506,264,253
송파구,4480. 가락시장 남1문 사거리,202506,846,851
송파구,4481. 올림픽공원 북2문 B,202506,2760,2802
송파구,4483. 잠실나들목4,202506,2315,2404
송파구,4484. 잠실나루역4번출구뒤,202506,2560,2563
송파구,4485. 잠실나루역 고가하부,202506,985,715
송파구,4486. 홈플러스 잠실점,202506,3036,3094
송파구,"4488. 문현중,고등학교 사이",202506,287,284
송파구,4490. 송파파인타운 10단지 1005동,202506,364,352
송파구,4491. 장지역 1번출구,202506,1651,1672
송파구,4493. 마천사거리 2,202506,472,467
송파구,4496. 잠실 파크리오 120동 앞,202506,1830,1830
송파구,4497. 아시아선수촌아파트 교차로,202506,2255,2317
송파구,4499. 세양청마루 101동 앞,202506,1098,556
송파구,4852. 서울복합물류 게이트 1,202506,1821,1902
송파구,4854. 가락시장역 2번 출구,202506,1668,1671
송파구,4855. 거여5단지 503동 앞,202506,644,631
송파구,4856. 올림픽공원 서1문 앞,202506,1967,1982
송파구,4857. 올림픽공원 장미광장,202506,1028,975
송파구,4859. 잠실나루 나들목,202506,2244,2219
송파구,4860. 가락쌍용2차아파트 103동,202506,1000,948
송파구,4862. 성내교 남단,202506,637,544
송파구,4863. 잠실나들목5,202506,544,599
송파구,4864. 송파사거리,202506,3309,3296
송파구,4865. 한성백제역 1번출구 뒤,202506,4006,4038
송파구,4867. 가락대림아파트 앞,202506,1097,1072
송파구,4868. 석촌호수 서호 남단,202506,3458,3494
송파구,4870. 몽촌토성역 3번 출구,202506,6735,6695
송파구,4871. 오금동 대림아파트 정문,202506,825,727
송파구,4872. 개롱역 3번 출구 뒤,202506,1383,1383
송파구,4873. 개롱역사거리 2번 출구,202506,1449,1471
송파구,4874. 탄천1교 하부보도,202506,889,923
송파구,4875. 위례포레샤인13단지,202506,527,529
송파구,4879. 마천청소년센터,202506,168,172
송파구,4880. 송파청소년센터,202506,1133,1146
송파구,4881. 거여동사거리 송파둘레길 입구,202506,221,219
송파구,4882. 위례포레샤인18단지 1802동,202506,385,335
송파구,4883. 위례포레샤인18단지 1812동,202506,310,40
송파구,4884. H비즈니스파크,202506,2176,2266
송파구,4885. 가든파이브 리빙관,202506,510,513
송파구,4886. 배명고등학교 건너편,202506,1108,1122
송파구,4887. 호돌이상가,202506,1029,1022
송파구,4888. 둔촌오륜역 2번출구,202506,688,630
송파구,4889. 마천역 1번 출구 인근②,202506,886,854
송파구,4891. 위례포레나송파,202506,778,774
송파구,4892. 성내유수지 체육공원,202506,464,384
송파구,4893. 문정법조단지12,202506,2930,3347
송파구,4895. 송파레이크힐 상가,202506,1305,1306
송파구,4896. 송파레이크힐,202506,95,94
송파구,4897. 잠실주공5단지1,202506,3533,3593
송파구,5152.이스트폴 105동 방면 입구,202506,911,743
송파구,5751. 송파여성축구장,202506,589,560
송파구,5752. 풍납백제문화공원 옆 인근,202506,3167,3354
송파구,5753. 호반써밋,202506,806,784
송파구,5756. 극동아파트,202506,1233,1202
송파구,5758. 올림픽선수기자촌아파트 123동 근처,202506,858,560
송파구,5759. 풍납근린공원,202506,1089,1085
송파구,5760. 풍납사거리 성내유수지,202506,1200,1226
송파구,5761. 버섯분수대,202506,1186,1191
송파구,5763. 세륜초등학교 건너편,202506,335,238
송파구,5764. 한국체육대학교,202506,928,927
송파구,5765. 삼전동주민센터 건너편,202506,2725,3181
송파구,5766. 북위례1,202506,471,225
송파구,5767. 북위례2,202506,339,307
송파구,5768.방이삼거리,202506,6779,6865
송파구,5773. 송파시그니처롯데캐슬,202506,407,428
송파구,5774. 가락본동주민센터 인근,202506,1675,1688
송파구,5775. 가락시장역 5번출구,202506,1071,1171
송파구,5777. 호반써밋12단지,202506,548,518
송파구,5778. 북위례3,202506,647,271
송파구,5779. 나래교,202506,340,342
송파구,5780. 송파세무서,202506,372,372
송파구,5781. 올림픽공원 수영장,202506,4244,4439
송파구,5782. 오금현대 아파트 상가입구 앞,202506,870,870
양천구,4507. 신정제일시장,202506,1251,1231
양천구,4508. 유원목동아파트 103동 앞,202506,4018,4130
양천구,4509. 서울영상고교 입구,202506,3601,3906
양천구,4510. 신정네거리역 교차로,202506,1834,1790
양천구,4512. 목동13_14단지 사거리,202506,1468,1097
양천구,4514. 목동성당 앞,202506,3424,3293
양천구,4515. 동문굿모닝탑,202506,3750,3780
양천구,4517. 성보하이드로빌딩,202506,1208,1232
양천구,4518. 청기와빌딩,202506,947,997
양천구,4520. 대성유니드아파트,202506,1043,1415
양천구,4522. 신곡시장,202506,1781,2418
양천구,4523. 구립양천어르신요양센터,202506,126,68
양천구,4526. 목동아파트2단지 222동 앞,202506,1629,1650
양천구,4527. 목동신시가지아파트6단지,202506,2574,2551
양천구,4528. 양천구청역 1번출구,202506,1551,1532
양천구,4530. 방아다리어린이공원,202506,1138,1094
양천구,4531. 목동아파트 613동 앞,202506,4151,4173
양천구,4532. 목동현대아파트 후문 앞,202506,1831,1822
양천구,4535. 목동12단지 아파트,202506,3297,3264
양천구,4536. 양천해누리체육공원,202506,1357,1854
양천구,4537. 서울남부지방검찰청 후문 ,202506,1825,1585
양천구,4538. 양천공영차고지,202506,257,257
양천구,4539. 목동7단지아파트 A상가,202506,1191,1084
양천구,4540. 목동역 3번 출구,202506,3917,4338
양천구,4541. 갈산문화예술센터,202506,2411,2484
양천구,4543. 오목교역 6번 출구,202506,4679,5029
양천구,4544.경창시장,202506,1021,1592
양천구,4545. 청소년음악센터,202506,944,883
양천구,4546. 목동운동장 주경기장,202506,347,333
양천구,4547. 목동역 2번 출구,202506,3715,3680
양천구,700. KB국민은행 염창역 지점 앞,202506,1625,1441
양천구,701. 목동사거리 부근,202506,2004,1975
양천구,702. 목4동주민센터 옆,202506,2674,2658
양천구,703. 오목교역 7번출구 앞,202506,3743,3988
양천구,704. 남부법원검찰청 교차로,202506,3113,3047
양천구,706. 신정네거리역,202506,1347,1210
양천구,708. 서울출입국관리사무소 앞,202506,4777,4844
양천구,709. 신정3동 현장민원실 앞,202506,967,823
양천구,710. 금옥여고보도육교,202506,705,700
양천구,711. 신일해피트리아파트 앞,202506,1390,370
양천구,712. 강월초교입구 사거리,202506,883,1295
양천구,713. 양서중학교 옆,202506,798,757
양천구,714. 한국SGI 양천문화회관 앞,202506,841,679
양천구,716.신정6동 주민센터 인근,202506,1693,1653
양천구,719. 홍익병원앞 교차로,202506,1642,1619
양천구,720. 서울강월초등학교 앞,202506,868,391
양천구,722. 경서농협 버스정류장(우리은행신정동지점방향),202506,1467,1522
양천구,723. SBS방송국,202506,2203,2278
양천구,724. 계남공원 입구 주출입구 좌측,202506,395,280
양천구,725. 양강중학교앞 교차로,202506,277,273
양천구,726. 목동3단지 시내버스정류장,202506,4642,4633
양천구,729. 서부식자재마트 건너편,202506,1774,1932
양천구,731. 서울시 도로환경관리센터,202506,3435,3519
양천구,733. 신정이펜하우스314동,202506,1093,482
양천구,734. 신트리공원 입구,202506,3315,3302
양천구,735. 영도초등학교,202506,3177,3384
양천구,736. 오솔길공원,202506,1248,1325
양천구,737. 장수공원,202506,719,566
양천구,739. 신월사거리,202506,1163,1268
양천구,740. 으뜸공원,202506,1504,1754
양천구,741. 화곡로 입구 교차로,202506,724,718
양천구,742. 등촌역 5번 출구 뒤,202506,1067,1066
양천구,743. 현대6차아파트 101동 옆,202506,1222,1377
양천구,744. 신목동역 2번 출구,202506,3784,3773
양천구,745. 강서초등학교,202506,624,722
양천구,746. 목동2단지 상가,202506,4414,4373
양천구,747. 목동3단지 상가,202506,3163,3188
양천구,748. 목동운동장,202506,621,645
양천구,749. 이대목동병원보도육교,202506,1816,1837
양천구,750. 연의근린공원 건너편,202506,1143,1172
양천구,752. 성원2차 아파트,202506,1039,930
양천구,754. 목동1단지아파트 118동 앞,202506,2448,2487
양천구,755. 목동1단지아파트 상가 앞,202506,3482,3449
양천구,756. 목동주차장,202506,1740,1742
양천구,757. 신정이펜하우스 1단지아파트 입구 사거리,202506,733,366
양천구,758. 한사랑교회 앞,202506,1641,1624
양천구,759. 보아스아파트 앞,202506,738,840
양천구,760. 잣절보도육교 아래,202506,510,525
양천구,762. 오목로 무중력지대 앞,202506,1108,961
양천구,763. 목동11단지 아파트,202506,1547,1294
양천구,765. 오목교역 3번출구,202506,6072,6547
양천구,766. 신목동역 3번출구,202506,1751,1732
양천구,767.신정숲속마을아파트,202506,851,419
양천구,768.목동5단지아파트 501동,202506,2389,2384
양천구,769.CBS방송국 앞,202506,6423,6522
양천구,770.목동역5번출구,202506,4395,4632
양천구,771.목동아파트 703동 앞,202506,2939,2990
양천구,"773.염창역 3, 4번 출구 사이",202506,1770,1765
양천구,774.등촌역 4번 출구 ,202506,930,920
양천구,775.세종그랑시아 앞(102동),202506,835,769
양천구,776.목마공원,202506,581,559
양천구,777.신월6차보람아파트 앞,202506,1353,1364
양천구,779. 신정1동 주민센터 앞,202506,4099,4424
양천구,780.신정교 하부,202506,3603,3928
양천구,781.신정보도육교 아래,202506,5579,5517
양천구,782.서남병원 후문,202506,723,667
양천구,"785.양천구청, 보건소 사잇길",202506,6172,6388
양천구,786.목동아파트 8단지 상가동 앞,202506,2616,2607
양천구,787.양천아파트 입구,202506,4066,3911
양천구,788.양천구청역 2번출구 옆,202506,3228,3341
양천구,791.현대하이페리온,202506,3415,3408
양천구,792.목동트라팰리스 웨스턴에비뉴,202506,6155,6275
양천구,793.목동5단지아파트 534동,202506,3518,3480
양천구,794.양천문화회관,202506,3518,3581
양천구,795.양천 해누리타운,202506,3761,3688
양천구,796.목동아파트 14단지 B상가 앞,202506,2787,2834
양천구,797.목동아파트 1422동 1434동 사잇길,202506,4623,4681
영등포구,200. 국회의원회관,202506,188,174
영등포구,201. 진미파라곤 앞,202506,1799,1751
영등포구,202. 국민일보 앞,202506,4797,5012
영등포구,203. 국회의사당역 3번출구 옆,202506,2430,2410
영등포구,204. 국회의사당역 5번출구 옆,202506,1682,1654
영등포구,205. 산업은행 앞,202506,2441,2447
영등포구,206. KBS 앞,202506,3088,3013
영등포구,207. 여의나루역 1번출구 앞,202506,7210,7079
영등포구,209. 유진투자증권빌딩 앞,202506,4815,5220
영등포구,213. KT앞,202506,2706,2383
영등포구,214. 금융감독원 앞,202506,1583,1572
영등포구,215. 여의도고교 앞,202506,1929,1932
영등포구,217. NH농협은행 앞,202506,3919,3918
영등포구,219. 롯데캐슬엠파이어 옆,202506,2703,2704
영등포구,220. 미성아파트 A동 앞,202506,1691,1658
영등포구,221. 여의도초교 앞,202506,1809,1763
영등포구,222. 시범아파트버스정류장 옆,202506,2100,2107
영등포구,223. 진주아파트상가 앞,202506,1375,1273
영등포구,224. 롯데캐슬 앞,202506,2546,2508
영등포구,225. 앙카라공원 앞,202506,1810,1722
영등포구,226. 샛강역 1번출구 앞,202506,2398,2192
영등포구,227. 양평1나들목 보행통로 입구,202506,2854,2967
영등포구,228. 선유도역 3번출구 앞,202506,4332,4465
영등포구,229. 양평1 보행육교 앞,202506,2616,2642
영등포구,230. 영등포구청역 1번출구,202506,8886,8841
영등포구,231. 남부고용노동지청 남측,202506,2753,2766
영등포구,232. 양평우림 이비즈센타 앞,202506,3257,3232
영등포구,233. 양평1동 YP센터 앞,202506,1103,1205
영등포구,235. 신길동 우리은행 옆,202506,887,860
영등포구,236. 문래동자이아파트 앞,202506,3742,3742
영등포구,238. 제2구민체육센타 앞,202506,3134,3128
영등포구,239. 유스호스텔 앞,202506,1495,1412
영등포구,240. 문래역 4번출구 앞,202506,4415,4164
영등포구,241. 신길우성1차아파트 앞 공원,202506,1158,1159
영등포구,242. 신길선원가와인아파트 앞,202506,1126,639
영등포구,243. 이앤씨드림타워 앞,202506,4109,4157
영등포구,244. 영등포삼환아파트 앞,202506,2337,2201
영등포구,245. 삼성생명 당산사옥 앞,202506,3581,3604
영등포구,247. 당산역 10번출구 앞,202506,6136,6196
영등포구,248. 초원아파트 앞,202506,1397,1384
영등포구,249. 여의도중학교 옆,202506,1620,1617
영등포구,250. 대림아파트 사거리,202506,735,726
영등포구,251. 서울지방병무청 버스정류장,202506,879,732
영등포구,252. 보라매역4번출구,202506,1672,1898
영등포구,254. 도림신협 앞,202506,2015,2149
영등포구,255. 도림사거리,202506,1757,1772
영등포구,256. 동아에코빌입구,202506,1329,1251
영등포구,258. 신길역3번출구,202506,2034,2032
영등포구,259. 대방역6번출구,202506,3468,3569
영등포구,260. 여의도 마리나선착장 앞,202506,501,452
영등포구,263. 근로자회관 사거리,202506,4148,4259
영등포구,264. 교보생명보험 앞,202506,2157,1858
영등포구,265. 영등포유통상가 사거리,202506,2281,2151
영등포구,266. 영등포청과시장 사거리,202506,1884,1845
영등포구,267. 삼성화재 사옥 옆,202506,2678,2557
영등포구,268. 그랜드컨벤션센터 앞,202506,2812,2790
영등포구,270. 증권거래소후문교차로,202506,1373,1359
영등포구,271. 샛강생태공원방문자센터 앞,202506,748,552
영등포구,272. 당산육갑문,202506,7468,7659
영등포구,275. 신동아아파트,202506,3547,3701
영등포구,276. 영등포로터리2,202506,1356,1362
영등포구,278. 쌍용플레티넘오피스텔,202506,3354,3082
영등포구,279. 영등포 푸르지오 아파트 B,202506,2282,1904
영등포구,280. 양평동6차현대아파트 앞,202506,3776,3796
영등포구,281. 대림신동아아파트 앞,202506,1335,1325
영등포구,282. 신한은행 대림동지점,202506,871,955
영등포구,283. 아크로타워 스퀘어(영등포시장),202506,3174,3076
영등포구,284. 센트럴 푸르지오 시티 앞,202506,2619,2301
영등포구,285. 콤텍시스템 앞,202506,900,989
영등포구,286. 우성아파트 교차로,202506,1272,1316
영등포구,287. 영등포전화국사거리 (서강어린이공원),202506,2589,2590
영등포구,288. 쌍용예가(구청별관),202506,1541,1547
영등포구,289. 대림3동사거리,202506,1529,1571
영등포구,290. 새말소공원,202506,3088,2865
영등포구,291. 문래동 하이테크 시티,202506,1921,1886
영등포구,292. 영일 어린이공원,202506,1640,1598
영등포구,293. 충북 미래관,202506,3032,2802
영등포구,295.영등포공원 분수대 앞,202506,365,362
영등포구,296.KT플라자 영등포점,202506,3161,3126
영등포구,297.국회3문,202506,321,319
영등포구,298.KBS 연구동 건너편,202506,580,462
영등포구,299.여의도 순복음교회,202506,579,578
영등포구,3201.당산skv1센터,202506,1829,1824
영등포구,3202.당산롯데캐슬프레스티지,202506,3619,3554
영등포구,3203.도림동배드민턴체육관,202506,1512,1529
영등포구,3204.도림고가도로 밑,202506,1621,1562
영등포구,3205.문래현대2차,202506,2603,2677
영등포구,3206.문래동 주민센터,202506,1573,1566
영등포구,3207.양남사거리1,202506,762,708
영등포구,3211.신길 래미안 프레비뉴,202506,663,656
영등포구,3212.신풍역 6번출구,202506,1291,1289
영등포구,3214.영등포 푸르지오 아파트 A,202506,2182,2031
영등포구,3215.강변삼성래미안,202506,1828,1614
영등포구,3219.영등포역 1번출구,202506,4009,4463
영등포구,3220.래미안에스티움 앞 (신풍로),202506,1311,1313
영등포구,3221.서울특별시 남부교육지원청,202506,1096,1042
영등포구,4552. 코레일유통본사,202506,796,792
영등포구,4553. 당산삼성2차아파트,202506,3165,2942
영등포구,4555. 대림우성2차아파트,202506,620,643
영등포구,4556. 리버뷰신안인스빌1차 후문,202506,1658,1717
영등포구,4557. 리버뷰신안인스빌2차 후문,202506,2028,1873
영등포구,4558. 대영중고 후문,202506,1270,1368
영등포구,4559. 신길역 2번출구,202506,2017,1544
영등포구,4560. 양평동성원아파트,202506,1754,1755
영등포구,4561. 양평역 1번출구,202506,4497,4487
영등포구,4563. 여의도 은하아파트,202506,812,775
영등포구,4564. 63스퀘어,202506,2766,2840
영등포구,4565. 영등포 신세계백화점,202506,6308,6285
영등포구,4566. 대림성원상떼빌아파트,202506,2041,2379
영등포구,4567. 한림대학교 강남성심병원 신관,202506,1872,2038
영등포구,4569. 힐스테이트클래시안아파트,202506,1448,1477
영등포구,4571. 문래동롯데캐슬아파트,202506,4737,4694
영등포구,4573. 두산위브아파트,202506,857,844
영등포구,4574. 영등포시장역 포레나영등포,202506,5149,5140
영등포구,4575. 대림동 e편한세상영등포아델포레,202506,2559,2707
영등포구,4576.보라매sk뷰 108동 앞,202506,941,950
영등포구,4578.보라매sk뷰,202506,552,498
영등포구,4579. 국회의사당 본관,202506,594,439
영등포구,4580. 국회제2의원회관,202506,629,613
영등포구,4581. 국회소통관,202506,569,567
영등포구,4582. 국회도서관,202506,562,549
영등포구,4583. 의정관,202506,271,258
영등포구,4584. 국회2문,202506,261,218
영등포구,4585. 국회6문,202506,552,553
영등포구,4588.양남사거리2,202506,1106,1062
영등포구,4589. KRX한국거래소(1),202506,1206,1208
영등포구,4591. 신길자이아파트,202506,928,195
영등포구,4592. 신길우성4차아파트,202506,1798,2010
영등포구,4594. 양평교 영등포대여소,202506,2577,2642
영등포구,4598. 오목교 동측 지하보도,202506,2292,2320
영등포구,4599. 대림우성아파트 사거리,202506,517,541
영등포구,4600. 서울 영등포구 우체국,202506,2034,2020
영등포구,4601.양평역2번출구 뒤,202506,1359,1156
영등포구,5851. 도림천 건널목 위,202506,1894,1792
영등포구,5852. 대림동현대2차 201동 앞,202506,282,257
영등포구,5853. 여의도역2번출구 앞,202506,2064,2060
영등포구,5857. U레지던스 앞,202506,975,1072
영등포구,5858. 영등포역5번출구,202506,5631,6255
영등포구,5859. 여의도 삼부아파트,202506,2308,2300
영등포구,5860. 어울림병원 앞,202506,1380,1518
영등포구,5861. 보라주유소 앞,202506,830,844
영등포구,5862. 당산역11번출구,202506,4594,4611
영등포구,5864.장훈고 앞,202506,857,960
영등포구,5865.더리브오피스텔 앞,202506,2412,2215
영등포구,5866.포레나 당산,202506,3930,3819
영등포구,5867. H타워 앞,202506,3538,3323
영등포구,5868. 로프트시티오피스텔,202506,2703,2692
영등포구,5869. 영등포아트홀 앞,202506,1254,1241
영등포구,5870. LG트윈타워 앞,202506,4226,4062
영등포구,5871. 건영상가 앞,202506,653,676
영등포구,5872. 서경팰리스 앞,202506,1012,1048
영등포구,5876. 에이스하이테크시티 4동 앞,202506,1201,1268
영등포구,5877. 문래동 꽃밭정원,202506,1103,1032
영등포구,5878. 우리은행 앞,202506,2570,2624
영등포구,5879. 국회도서관 2문 앞,202506,259,230
영등포구,5880. 국회박물관,202506,142,118
영등포구,5881. 세계청소년NGO교육문화원,202506,2128,2126
영등포구,5882. 휴젠느,202506,3581,3566
영등포구,5883. 영문초사거리,202506,3228,3278
영등포구,5884. GS강서타워,202506,2385,2425
영등포구,5885. 신정교하부(도림천역 방면),202506,1426,1189
영등포구,5886.신풍역 2번출구,202506,1916,1901
영등포구,5887.나루마을 마당공원,202506,1879,1900
영등포구,5888.여의도성당,202506,119,72
영등포구,5889.의원회관출입구 앞,202506,126,84
용산구,4603. 한강GS에클라트 건너편 교통섬,202506,853,744
용산구,4604. 원효로다목적체육관 앞,202506,577,542
용산구,"4605. 노들섬 다목적홀(동쪽) 숲, 앞",202506,700,694
용산구,4607. 국립중앙박물관 -용산가족공원 앞,202506,441,387
용산구,4608. 국립중앙박물관 정문 앞,202506,310,204
용산구,4609. 파크타워 104동 앞,202506,389,401
용산구,4610. 한남나인원 105동 앞,202506,419,442
용산구,4611. 국제루터교회 앞,202506,218,184
용산구,4612. 이태원로 255,202506,123,84
용산구,4613. 서울갤러리아 앞,202506,172,142
용산구,4615. 크라운호텔앞 버스정류소,202506,691,730
용산구,4616. 신용산지하차도 앞,202506,700,745
용산구,4617. 동원베네스트 건너편,202506,134,134
용산구,4618. 풍전아파트 건너편,202506,908,957
용산구,4619. 한강트럼프월드3차 앞,202506,1518,1514
용산구,4620. 삼각지역 14번 출구 앞(교통섬),202506,1343,1397
용산구,4621. 남산도서관 앞,202506,543,139
용산구,4622. 한강중학교 앞 버스정류장,202506,463,477
용산구,4623. 라인프랜즈이태원점 앞,202506,185,120
용산구,4625. 용산공원갤러리앞,202506,472,512
용산구,4627. 효창공원앞역 5번출구 옆,202506,419,389
용산구,4629. 한강초교보도육교 앞,202506,1277,1427
용산구,4632. 용산 푸르지오 파크타운 1단지 앞,202506,483,247
용산구,4633. 센트럴파크타워 앞,202506,2148,2238
용산구,4634. 이태원역 3번 출구,202506,677,585
용산구,4636. 용산구꿈나무종합타운 앞,202506,1040,1213
용산구,4637. 용산시티파크 101동 앞,202506,669,666
용산구,4638. 청파동삼거리 앞,202506,903,1006
용산구,4639. 동빙고근린공원,202506,940,1095
용산구,4640. 원효로2가 교차로,202506,946,1250
용산구,4641. 아메리칸센터,202506,166,169
용산구,4642. 용산더프라임아파트 101동 앞,202506,475,458
용산구,4643. 한가람아파트 앞,202506,708,750
용산구,800. 목월공원 앞,202506,1403,1382
용산구,802. 한강진역 2번 출구 앞,202506,442,178
용산구,805. 문배어린이공원 앞,202506,1112,1171
용산구,806. 전자랜드 본관 앞,202506,1074,972
용산구,807. 서울역 12번 출구 앞,202506,1137,1164
용산구,808. 서빙고동 금호맨션 앞,202506,425,435
용산구,809. 한남 유수지 복개주차장,202506,827,825
용산구,810. 이태원지하보도,202506,688,655
용산구,811. 녹사평역1번출구,202506,717,233
용산구,813. 삼각지역 3번출구,202506,1027,1081
용산구,815. LIG강촌아파트 103동앞,202506,880,922
용산구,816. 신용산역 6번출구 앞,202506,2147,2158
용산구,817. 삼각지역 4번출구 앞,202506,1054,1047
용산구,818. 숙명여대 입구 교차로,202506,1372,1537
용산구,819. 선린인터넷 고등학교,202506,1484,1523
용산구,820. 청파동입구 교차로,202506,858,857
용산구,822. 이촌1동 마을공원,202506,464,457
용산구,823. 효창동주민센터 앞,202506,404,333
용산구,825. 서빙고동 주민센터 앞,202506,2976,3446
용산구,827. 국군복지단,202506,261,180
용산구,828. 숙대입구역 8번,202506,1100,1275
용산구,829. 한강대교 북단 교차로,202506,2770,2546
용산구,830. 강변삼성스위트아파트 앞,202506,6,5
용산구,832. 이촌1동 주민센터 뒤,202506,1554,1621
용산구,834. 효창공원앞역 3번출구 앞,202506,1454,1657
용산구,835. 남영역 건너편,202506,1197,1227
용산구,836. 현대자동차서비스 앞,202506,1346,1413
용산구,837. 한남나들목 입구,202506,1365,1432
용산구,838. 숙대입구역 4번출구,202506,1547,1737
용산구,839. 보광동 삼성리버빌아파트 앞,202506,714,739
용산구,840. 용산 파크타워 앞,202506,569,592
용산구,841. 신용산역 1번 출구,202506,2052,2147
용산구,843. 이태원관광특구 입구(용산구청방향),202506,627,316
용산구,844. 이촌2동 동원베네스트 아파트 앞,202506,1326,1417
용산구,845. 용산 선인상가,202506,669,696
용산구,846. 용산중학교,202506,1159,1123
용산구,848. 삼각지12번 출구,202506,657,684
용산구,849. 삼각지 자이아파트,202506,1319,1324
용산구,850.KCC용산웰츠(WELLTZ)타워,202506,611,644
용산구,851.효창 푸르지오 앞,202506,723,258
용산구,852. 청암자이아파트 앞,202506,560,401
용산구,853.용산역 맞은편,202506,4119,4171
용산구,854.HID 유족동지회 앞,202506,175,78
용산구,855.이촌역5번출구 앞,202506,271,264
용산구,857. 현대 안성타워,202506,354,137
용산구,858.녹사평역3번 출구,202506,442,222
용산구,859.남산공원 야외식물원 앞,202506,258,84
용산구,860.LG한강 자이아파트 앞,202506,1980,2008
용산구,863.이촌역2번 출구,202506,554,516
용산구,864.순천향대학병원(한남오거리),202506,785,824
용산구,866.브라운스톤 남산아파트,202506,660,496
용산구,867.서빙고역 광장(1번출구),202506,458,441
용산구,869.노들섬 동측 앞,202506,468,463
용산구,870.노들섬 서측 앞,202506,3612,3641
은평구,4652. 신사두산위브2차아파트 앞,202506,1457,1292
은평구,4653. 불광역 9번 출구 맞은편,202506,979,1052
은평구,4657. 본 서부병원 교차로 사거리,202506,1542,1537
은평구,4658. 녹번역1번출구앞,202506,532,491
은평구,4659. 신진과학기술고등학교 버스정류장(응암시장 방면),202506,1228,1408
은평구,"4663. 불광역3,6호선 버스정류장(동명여고 방면)",202506,984,982
은평구,4665. 응암역3번 출구(서부경찰서 방면),202506,592,728
은평구,4667. 폭포동입구 교차로,202506,345,234
은평구,4668. 기자촌사거리 B,202506,279,99
은평구,4671. 청구성심병원 앞,202506,820,810
은평구,4672. 준빌딩 앞,202506,306,315
은평구,4674. 녹번역e편한세상 캐슬 정문 앞,202506,1172,1130
은평구,4676. 갈현1동 주민센터,202506,418,412
은평구,4677. 백련산 SK뷰 아이파크 해모로 아파트 앞,202506,1312,1368
은평구,4678. 백련산로 녹번센트레빌 ,202506,595,475
은평구,4681.박석고개(은평소방서) 앞,202506,168,168
은평구,4683. 은평 성모병원 사거리,202506,534,491
은평구,4684. 응암2동주민센터 버스정류장(영락중학교 방면),202506,451,100
은평구,4685. DMC역 5번 출구(수색역 방향),202506,1867,1849
은평구,4686. 우물골 근린공원,202506,556,536
은평구,4687. 역촌센트레빌아파트 101동 앞,202506,545,196
은평구,4689. 은평서해그랑블아파트앞,202506,856,601
은평구,4690.은평뉴타운폭포동 힐스테이트4단지,202506,138,96
은평구,4693. 수색감리교회,202506,2025,2175
은평구,900. 은평예술회관,202506,622,594
은평구,902. 진관동 은빛초등학교,202506,490,480
은평구,903. 은평뉴타운 아이파크,202506,912,920
은평구,904. 은평뉴타운 푸르지오,202506,843,967
은평구,905. 구파발역 2번출구,202506,2415,2753
은평구,906. 연신내역 5번출구,202506,2991,3286
은평구,907. CJ 드림시티,202506,4240,5220
은평구,908. 구산역 4번출구,202506,1323,1409
은평구,909. 백련산 힐스테이트 3차,202506,673,248
은평구,911. 은평평화공원(역촌역4번출구),202506,2210,2206
은평구,912. 응암오거리,202506,2218,2709
은평구,913. 이마트 버스정류장(서부경찰서 방면),202506,2152,2147
은평구,914. 새절역 2번출구,202506,2991,3333
은평구,915. 증산역 4번출구,202506,1363,1435
은평구,916. 평생학습관 앞,202506,1413,1552
은평구,917. 녹번역 3번출구,202506,1581,1579
은평구,919. 서울혁신파크,202506,570,565
은평구,921. 신도고등학교,202506,196,113
은평구,922. 연신내역 4번출구,202506,681,679
은평구,923. 국민은행 연서지점,202506,605,610
은평구,925. 불광역 2번출구,202506,1063,1083
은평구,927. 연신내역 3번출구 인근,202506,522,531
은평구,928. 은평역사한옥박물관,202506,341,239
은평구,930. 구 서부경찰서 건너편,202506,945,972
은평구,931. 역촌파출소,202506,3443,3858
은평구,932. 예일여중,202506,1293,1362
은평구,933. 역촌종합시장 버스정류장(예일여고 방면),202506,2068,2172
은평구,937. 상림마을 롯데캐슬2단지 옆,202506,187,189
은평구,938. 금암 문화공원,202506,229,245
은평구,939. 은평구청 교차로,202506,671,630
은평구,941. 은평뉴타운 도서관,202506,668,322
은평구,942. 상림마을 생태공원,202506,431,426
은평구,943. 은평구청 보건소,202506,1858,2130
은평구,945. 기자촌 사거리 A,202506,149,100
은평구,946. 독바위역 ,202506,600,584
은평구,947. 연신내 선일하이츠빌 정류소,202506,302,299
은평구,948. 디지털미디어 시티역 4번출구(DMC역),202506,634,744
은평구,949. 연신내역 1번 출구 ,202506,1312,1515
은평구,950. 구산역 2번 출구 예일여고 버스정류장,202506,1118,1451
은평구,952. 서울연신중학교,202506,512,496
은평구,953. 서울연신초등학교,202506,366,321
은평구,954. 은평뉴타운구파발9단지,202506,806,876
은평구,956. 응암시장교차로,202506,2432,2881
은평구,958. 본 서부병원 버스정류장(은평 세무서 방면),202506,1205,1253
은평구,959. 구파발10단지 인근,202506,499,510
은평구,960. 구파발역 환승센터,202506,878,991
은평구,962. 은평뉴타운 힐데스하임,202506,1175,1161
은평구,963. 불광롯데캐슬아파트 앞,202506,765,780
은평구,964. 북한산힐스테이트 7차아파트,202506,467,323
은평구,965. 서울특별시 은평병원,202506,621,216
은평구,966. 서울혁신파크1,202506,171,164
은평구,967. 서울혁신파크2,202506,274,270
은평구,968. 은평뉴타운 상림마을 13단지,202506,145,138
은평구,969. 은평 지웰테라스,202506,174,163
은평구,971. 역촌 센트레빌 아파트,202506,708,163
은평구,973.제각말푸르지오 5-1단지 아파트,202506,242,137
은평구,974.연신초등학교옆 마을마당,202506,152,116
은평구,975.백련산 힐스테이트상가앞,202506,565,156
은평구,976.진관고등학교앞,202506,726,765
은평구,977.신도중학교앞,202506,205,79
은평구,978.녹번 힐스테이트상가앞,202506,282,201
은평구,979.원풍빌라앞,202506,735,601
은평구,982. 녹번초등학교(서오릉로),202506,1116,1129
은평구,984.상신초등학교앞 버스정류장,202506,1115,1112
은평구,985. 은평세무서 버스정류장(은평구청 방면),202506,1309,1325
은평구,989. 신응교(가좌로) 앞,202506,1604,2058
은평구,991.흥국사 정류장,202506,124,116
은평구,992.북한산입구 정류장,202506,197,183
은평구,993.은평뉴타운 은뜨락아파트앞,202506,481,231
은평구,994.북한산생태공원입구(교통섬),202506,267,238
은평구,995.은평다목적체육관,202506,502,425
은평구,996.응암역2번출구 국민은행 앞,202506,3956,5544
종로구,301. 경복궁역 7번출구 앞,202506,1203,708
종로구,302. 경복궁역 6번출구 뒤,202506,2606,2606
종로구,303. 광화문역 1번출구 앞,202506,2945,2692
종로구,305. 종로구청 옆,202506,2791,2518
종로구,307. 서울역사박물관 앞,202506,1108,1047
종로구,308. 광화문 S타워 앞,202506,2474,2226
종로구,309. 광화문역 6번출구 옆 B,202506,790,545
종로구,314. 국립현대미술관,202506,1408,1411
종로구,316. 종각역 1번출구 앞,202506,1951,1870
종로구,326. 안국역 5번출구 앞,202506,1586,1202
종로구,327. 낙원상가 옆,202506,1321,1362
종로구,328. 탑골공원 앞,202506,773,767
종로구,329. 청계2가 사거리 옆,202506,1529,1335
종로구,334. 종로3가역 2번출구 뒤,202506,1393,1390
종로구,335. 종로3가역 15번출구 뒤,202506,1305,1298
종로구,337. 창경궁 입구,202506,625,636
종로구,338. 세운스퀘어 앞,202506,662,660
종로구,339. 종로4가 사거리,202506,1320,1300
종로구,340. 혜화동 로터리,202506,1663,1675
종로구,3401.창신두산아파트,202506,233,225
종로구,3402.이화공영주차장,202506,448,423
종로구,3404.서울특별시 중부교육지원청,202506,157,159
종로구,3405.파크팰리스,202506,1013,901
종로구,3407.안국동사거리(신),202506,1658,1633
종로구,3408.종로타워빌딩,202506,1475,1474
종로구,341. 혜화역 3번출구 뒤,202506,1123,1091
종로구,3410.종로3가역 8번출구,202506,3049,3074
종로구,3411.종묘,202506,1166,1159
종로구,3412.세운상가,202506,839,834
종로구,3413.종로플레이스,202506,2838,2895
종로구,3414.종로5가역 4번출구,202506,1426,1447
종로구,3415.동대문역6번출구,202506,1731,1822
종로구,3416.동묘앞역 6번출구,202506,2124,2252
종로구,3417.창신3동주민센터,202506,1093,1063
종로구,3418.창신역2번 출구,202506,118,113
종로구,3419.국립어린이과학관,202506,437,407
종로구,342. 대학로 마로니에공원,202506,2431,2258
종로구,3420. 성균관대입구 사거리 B,202506,1115,1103
종로구,3421.혜화역 1번출구,202506,2086,2079
종로구,3422.성균관대 정문,202506,1871,1624
종로구,3425.광화문 풍림스페이스본 1단지앞,202506,957,549
종로구,3426.독립문역 2번출구 뒤,202506,317,239
종로구,3427.인왕산 아이파크 정문,202506,286,257
종로구,3428.서울미술관,202506,123,75
종로구,3429.HW컨벤션센터 앞,202506,147,45
종로구,343. 힐스테이트창경궁 아파트 앞,202506,1134,1084
종로구,3430.구기치안센터 앞,202506,159,37
종로구,3431.로제우스 레포츠센터,202506,194,120
종로구,3432.종로2가 사거리,202506,1311,1197
종로구,344. 성균관대 E하우스 앞,202506,914,859
종로구,345. 서울보증보험본사 앞,202506,1368,1437
종로구,348. 독립문역 사거리,202506,1073,785
종로구,349. 어린이도서관,202506,819,826
종로구,351. 청운초교 앞 삼거리,202506,641,612
종로구,352. 중앙고입구 삼거리,202506,199,131
종로구,353. 재동초교 앞 삼거리,202506,833,828
종로구,354. 포르투갈 대사관 앞,202506,1183,761
종로구,355. 서울사대부설초등학교 앞,202506,1538,1508
종로구,356. KT혜화지사 앞,202506,1459,1445
종로구,358. 성균관대입구 사거리 A,202506,810,796
종로구,359. 원남동사거리,202506,1418,1491
종로구,361. 동묘앞역 1번출구 뒤,202506,3687,3812
종로구,362. 청계8가사거리 A,202506,2501,2551
종로구,363. 신설동역 11번출구 뒤,202506,1920,2047
종로구,364. 창신역 1번출구 앞,202506,451,424
종로구,367. 독립문역 3-1번출구 ,202506,1290,952
종로구,368. SK 서린빌딩 앞,202506,1939,1992
종로구,385. 종각역 5번출구,202506,1681,1708
종로구,388. 동성중학교 앞,202506,428,425
종로구,393. 동대문역 8번 출구,202506,2295,2421
종로구,394. 경희궁 자이 3단지,202506,902,914
종로구,395. 경희궁 자이 2단지,202506,1046,1020
종로구,397. 종묘공영주차장 건너편,202506,510,509
종로구,446. 상명대입구,202506,562,486
종로구,447. 신영동삼거리,202506,143,133
종로구,449. 일성아파트,202506,292,89
종로구,450. 효자동 삼거리,202506,1508,954
종로구,451. 청와대앞길,202506,348,273
종로구,452. 동대문 종합시장 버스정류장,202506,940,936
종로구,453. 종로오가 지하쇼핑센터 14번출구,202506,1352,1359
종로구,454. 종로2가 버스정류장 (종각방향),202506,1250,1239
종로구,455. 종로6가역 버스정류장(동대문 방향),202506,1375,1453
종로구,456. 숭인2동 주민센터 입구,202506,1577,1618
종로구,457. 종로꽃시장 입구 옆,202506,1065,1083
종로구,458. 광화문역 5번출구,202506,3076,2819
종로구,461. 서울경찰청,202506,1019,968
종로구,464. 삼청동 골목,202506,947,943
종로구,465. 삼청공원 앞,202506,187,95
종로구,4703. 쌍용아파트2단지 정문,202506,302,22
종로구,4705. 웰니스센터(민방위교육장 앞),202506,1458,1471
종로구,4707. 청계3가 사거리,202506,1453,1399
종로구,4708. 조계사앞사거리,202506,1403,1415
종로구,4710. 자교교회 앞,202506,1022,1013
종로구,4711. 올림픽기념 국민생활관 로터리,202506,1549,1449
종로구,4713. 현대 뜨레비앙 아파트 앞,202506,1360,1342
종로구,4715. 돈의문 박물관 마을,202506,551,499
종로구,4718. 광화문역 6번출구 옆 A,202506,1045,1042
종로구,4719. 종로문화원 건너편,202506,1333,1334
종로구,4721. 통인시장 정자,202506,1490,1585
종로구,486. 평창동주민센터 앞,202506,146,86
중구,300. 정동사거리,202506,998,942
중구,3013.서울지방고용노동청 앞,202506,1710,1715
중구,310. 청계광장 옆,202506,1708,1451
중구,318. 광교사거리 남측,202506,1173,1179
중구,320. 을지로입구역 4번출구 앞,202506,1425,1415
중구,321. KEB 하나금융그룹 명동사옥 옆,202506,1200,1194
중구,322. 명동성당 앞,202506,712,688
중구,324. 신세계백화점 본점 앞,202506,807,809
중구,331. 을지로2가 사거리 북측,202506,1291,1286
중구,332. 을지로2가 사거리 남측,202506,744,734
중구,336. 충무로역 6번출구 앞,202506,1152,1128
중구,346. 맥스타일 앞,202506,1005,1022
중구,347. 동대문역사문화공원역 9번출구 앞,202506,672,618
중구,370. 시청역(2호선) 9번출구 뒤,202506,2313,2019
중구,371. 동대입구역 6번출구 뒤,202506,568,555
중구,372. 약수역 3번출구 뒤,202506,725,724
중구,374. 청구역 2번출구 앞,202506,1590,1640
중구,379. 서울역9번출구,202506,1029,1014
중구,380. CJ제일제당 앞,202506,1311,1433
중구,381. 장충체육관,202506,149,92
중구,382. 약수역 10번출구 앞,202506,435,475
중구,383. 신당역 12번 출구 뒤,202506,4761,4974
중구,384. 중림동삼거리,202506,498,496
중구,387. 훈련원공원주차장 앞,202506,1026,933
중구,389. 을지로4가역 1번출구,202506,1106,1095
중구,390. 충무로역 1번출구,202506,876,874
중구,391. 시립미술관,202506,814,813
중구,398. 을지로3가역 3번출구,202506,2068,2052
중구,399. 서울역 센트럴 자이아파트,202506,976,682
중구,428. 명보사거리,202506,686,613
중구,429. 송도병원,202506,158,106
중구,430. 장충동먹자골목 앞,202506,874,888
중구,431. 청계천 영도교,202506,3843,3856
중구,433. 을지로입구역 2번출구,202506,1891,1735
중구,434. 신당 래미안 버스정류장,202506,550,25
중구,435. SK 남산빌딩,202506,324,308
중구,441.염천교사거리,202506,789,786
중구,442.서울역 서부,202506,412,436
중구,443.호암아트홀,202506,211,206
중구,445.대한상공회의소,202506,971,906
중구,466.롯데호텔,202506,304,270
중구,467.한국은행,202506,487,490
중구,468.웨스틴 조선호텔,202506,521,521
중구,469.회현역 1번출구,202506,352,347
중구,470.회현역 7번출구,202506,297,270
중구,471.회현사거리 남측,202506,621,611
중구,472.삼일교(시그니쳐 타워),202506,1221,1139
중구,473.을지로4가역 9번출구,202506,2043,1984
중구,474.동대문역사문화공원역 1번출구 뒤편,202506,2681,2066
중구,475.DDP 패션몰,202506,1783,1615
중구,4752. 삼성사이버빌리지아파트,202506,296,211
중구,4753. 시청역 10번출구,202506,561,536
중구,476.광희문,202506,813,817
중구,4760. 서울역 7번출구,202506,197,198
중구,4761. 중부경찰서앞사거리 건너편,202506,390,342
중구,4762. 국제빌딩,202506,638,396
중구,4765. 동대문디자인플라자,202506,2048,1982
중구,4766. 서소문성지역사박물관,202506,472,367
중구,4768. 서울도시건축전시관,202506,994,959
중구,477.앰배서더 호텔 주변,202506,701,186
중구,4772. 중앙일보,202506,109,109
중구,4774. 을지로입구역 8번출구,202506,532,530
중구,4775. 을지로지하쇼핑센터,202506,727,710
중구,4776. 신세계면세점,202506,394,356
중구,4777. 약수동 주민센터,202506,115,106
중구,4781. 브라운스위트레지던스,202506,371,277
중구,4782. 서소문역사공원,202506,156,125
중구,4784. 중부경찰서앞 사거리,202506,473,426
중구,4785. 롯데시티호텔,202506,561,514
중구,479.동대입구역 3번 출구,202506,374,379
중구,4791. 명동역9번 출구,202506,946,942
중구,4792. 퇴계로4가 교차로(중구청),202506,1517,1490
중구,4793. 동대문역사문화공원역 5번출구,202506,1118,1122
중구,4794. 서울역 서부교차로(3),202506,1559,1671
중구,4796. 서울시청,202506,2184,1695
중구,4797. KG타워 앞,202506,871,866
중구,4798. 황학동롯데캐슬,202506,2448,2587
중구,480.약수역 6번 출구,202506,437,447
중구,4800. 필동 삼거리,202506,874,879
중구,4801. 충정로역 2호선(엘리베이터 앞),202506,724,204
중구,483.남산타운아파트 버스정류장,202506,181,132
중구,485.서울역5번출구,202506,1188,1189
중구,6053. 중부세무서 앞,202506,165,166
중구,6054.청구e편한세상아파트 113동 앞,202506,1535,1570
중구,6055. 한국경제,202506,478,492
중구,6057. 을지로5가(방산시장),202506,667,628
중구,6058. 서울도시건축전시관 옆,202506,2396,2298
중구,6059. 덕수중학교,202506,706,639
중구,6060. 신한은행 본점,202506,1355,1354
중구,826. 서울역 서부교차로2,202506,1255,1334
중랑구,1401. 극동늘푸른아파트,202506,1777,1994
중랑구,1402. 금란주차장 앞,202506,951,1024
중랑구,1403. 중화빌딩 앞 (동부시장),202506,1023,1146
중랑구,1404. 동일로 지하차도,202506,1430,1426
중랑구,1405. 망우역 1번출구,202506,695,692
중랑구,1407. 먹골역 1번출구 뒤,202506,1759,1819
중랑구,1408. 먹골역 6번출구 앞,202506,1367,1552
중랑구,1410. 면목 대원칸타빌아파트,202506,297,104
중랑구,1411. 상봉시장앞 교차로 한성빌딩 앞,202506,1528,1538
중랑구,1416. 상봉역 3번출구,202506,2078,2211
중랑구,1418. 새솔초등학교,202506,265,94
중랑구,1420. 신내어울공원 앞,202506,948,934
중랑구,1421. 신내역 4번출구,202506,724,636
중랑구,1422. 신내우디안아파트 1단지,202506,263,103
중랑구,1424. 양원역 2번출구,202506,263,220
중랑구,1425. 신성미소지움아파트,202506,955,710
중랑구,1426. 면목도시개발아파트 1동 앞,202506,543,124
중랑구,1427. 용마산역 1번출구,202506,394,213
중랑구,1428. 원묵고등학교,202506,1440,761
중랑구,1429. 장안중학교,202506,930,1044
중랑구,1430. 중랑구청,202506,1352,723
중랑구,1431. 중랑구청 사거리,202506,1479,1183
중랑구,1433. 중화역 2번출구,202506,1808,1896
중랑구,1435. 능산삼거리,202506,331,288
중랑구,1436. 동원베네스트 건물 앞,202506,550,380
중랑구,1437. 늘푸른공원 앞,202506,755,863
중랑구,1438. 홈플러스 신내점 앞,202506,2456,2962
중랑구,1440. 면목2동 사거리,202506,1576,1873
중랑구,1441. 신내능말공원,202506,712,376
중랑구,1442. 중랑구청 중화동 별관 앞,202506,2566,2741
중랑구,1444. 면목4치안센터,202506,1199,1600
중랑구,1445. 용마지구대 A,202506,198,208
중랑구,1446. 중랑전화국 교차로,202506,2035,2207
중랑구,1447. 면목역 3번출구,202506,2937,3451
중랑구,1448. 코스트코 상봉점,202506,2444,2439
중랑구,1449. 상봉역 1번출구,202506,2521,2487
중랑구,1450. 화랑대역 7번출구,202506,2334,2366
중랑구,1451. 중랑세무서,202506,2886,3379
중랑구,1452. 겸재교 진입부,202506,2772,3183
중랑구,1453. 중랑캠핑숲,202506,241,228
중랑구,1454. 한국전력공사(동대문 중랑지사),202506,1106,1226
중랑구,1455. 상봉역 2번 출구,202506,2825,2842
중랑구,1456. 상아빌딩(우림시장 교차로),202506,1351,1457
중랑구,1457. 동원사거리,202506,682,632
중랑구,1458. 상봉터미널2,202506,2259,2298
중랑구,1459. 용마한신아파트사거리,202506,627,624
중랑구,1461.동양엔파트 앞,202506,1201,1183
중랑구,1462.동부시장 북문 앞,202506,2158,2233
중랑구,1463.중랑구민회관,202506,403,450
중랑구,1464.중화역 4번출구,202506,1004,1092
중랑구,1466.두산대림아파트 삼거리,202506,512,606
중랑구,1467.sk신내 주유소앞(용마산로),202506,275,371
중랑구,1468.먹골역 7번 출구,202506,1062,1175
중랑구,1469.먹골역 4번출구,202506,1148,1172
중랑구,1470.중화동 우리은행 앞,202506,1562,1620
중랑구,1471.동양쇼핑 정류소 앞,202506,1707,2000
중랑구,1472.영성빌딩(PAT),202506,959,1208
중랑구,1473.중랑역 1번 출구(중화문화복지센터),202506,1197,1492
중랑구,1474.서울중랑우체국,202506,663,658
중랑구,1477.면목삼익아파트 앞,202506,357,369
중랑구,1478.홈플러스 상봉점 앞,202506,1828,1843
중랑구,1479.면목 홈플러스 2 ,202506,735,861
중랑구,1480. 용마지구대 B,202506,769,914
중랑구,4802. 새우개마을,202506,292,322
중랑구,4803. 상봉2동 주민센터 앞,202506,1166,1171
중랑구,4804. 동서울농협 앞,202506,1841,1886
중랑구,4807. 라코지스테이 앞,202506,699,669
중랑구,4808. 신내2동 주민센터 앞,202506,796,709
중랑구,"4809. 동성1,2차 아파트 앞",202506,1355,1061
중랑구,4811. 한양수자인아파트 앞,202506,552,259
중랑구,4812. 묵동 이마트 앞,202506,1596,1797
중랑구,4813. 망우지구대,202506,2029,2100
중랑구,4815. 중랑데시앙플렉스 앞,202506,434,442
중랑구,4819. 면목동 새싹어린이공원 앞,202506,1500,1775
중랑구,4820. 망우역 2번 출구,202506,1891,1933
중랑구,4823. 방정환교육지원센터 옆,202506,1260,1247
중랑구,4824. 상봉신협 앞,202506,1994,1993
중랑구,4825. 신내동 벽산아파트 후문 앞,202506,1171,989
중랑구,4826. 홈플러스 면목점,202506,1152,1280
중랑구,4827. 신내SK V1센터 앞,202506,419,277
중랑구,4828. 신내동 한살림 중랑지구 앞,202506,1230,1329
중랑구,4829. 신내동 한살림 중랑지구 건너편,202506,356,364
중랑구,4830. 신내 우디안 111동 앞,202506,451,294
중랑구,4834. 용마복지센터 앞,202506,565,256
중랑구,4835. 망우동 본죽 앞,202506,879,894
중랑구,4836. 양원역 1번 출구,202506,729,712
중랑구,4837. 양원지구 힐데스하임 앞,202506,737,594
중랑구,4838.동원사거리 행복오피스텔 앞,202506,715,533
중랑구,4840. 서울시 북부병원 앞,202506,673,677
중랑구,4841. 중화수경공원,202506,1787,1989
중랑구,4842. 면목라온프라이빗 아파트,202506,1023,1055
중랑구,4843. 봉화산역 4번 출구,202506,1412,1643
중랑구,4845. 신내역금강펜테리움센트럴파크,202506,221,167
중랑구,4846. 상봉동양엔파트 앞,202506,979,977
중랑구,4847. 신내역시티프라디움 앞,202506,1005,965
